ISO3_CODE,COUNTRY_NAME,AREA,maus_id,area_km2,d_ind_km,nearest_ind,industrial_flag,proposed_label,source,lon,lat,poly,area_ha,ndvi,tex,npts,industrial_new,industrial_old
GHA,Ghana,0.33776724666145874,GHA_M00000,0.3363123937421796,2.9768684994970305,Nzema (Teleku Bokazo),True,industrial,MausV2 (GHA box),-2.3094162654996357,4.947481838074399,0,33.63123937422494,0.2420937865972519,0.0822274909881561,1.0,True,True
GHA,Ghana,0.199482235401339,GHA_M00001,0.1986223975029939,2.7542129804395654,Nzema (Teleku Bokazo),True,industrial,MausV2 (GHA box),-2.295223494905835,4.9888998456313685,1,19.862239750304475,0.3887598514556885,0.0413563232880992,1.0,False,True
GHA,Ghana,0.7549287565467605,GHA_M00002,0.7516730459006115,10.303283749463821,Nzema (Teleku Bokazo),False,"mining, unclassified",MausV2 (GHA box),-2.2245270190895736,4.998806020558003,2,75.16730459004461,0.3344723656773567,0.025821816976510002,2.0,True,False
GHA,Ghana,1.3419953244450542,GHA_M00003,1.3362117151189623,0.6856154611694854,Nzema (Teleku Bokazo),True,industrial,MausV2 (GHA box),-2.318707541685788,4.98754512926419,3,133.62117151190378,0.4212799072265625,0.0443662847479976,3.0,True,True
GHA,Ghana,0.7196448240965873,GHA_M00004,0.7165416979249543,8.609503476501116,Nzema (Teleku Bokazo),False,"mining, unclassified",MausV2 (GHA box),-2.2397932506061893,4.994045032092426,4,71.6541697924891,0.3218142688274383,0.0458913371255511,1.0,True,False
GHA,Ghana,2.023206683204624,GHA_M00005,2.0144809004615842,8.113244672184763,Nzema (Teleku Bokazo),False,"mining, unclassified",MausV2 (GHA box),-2.24919087320914,5.0109685833434785,5,201.44809004618813,0.13943835999816653,0.044155084338180856,6.0,True,False
GHA,Ghana,0.9314762247814398,GHA_M00006,0.9274584113396326,9.134060913680656,Nzema (Teleku Bokazo),False,"mining, unclassified",MausV2 (GHA box),-2.2384869972451797,5.013261161432507,6,92.74584113396178,0.2296934500336647,0.08215151661563985,2.0,True,False
GHA,Ghana,0.4592637304940816,GHA_M00007,0.4572754688829554,12.781958803167516,Tarkwa,False,"mining, unclassified",MausV2 (GHA box),-2.1322106688111506,5.321862042621632,7,45.727546888297816,0.0828402265906333,0.0418328892006445,1.0,True,False
GHA,Ghana,1.2592221640884849,GHA_M00008,1.2537713095011926,5.758443139320269,Tarkwa,False,"mining, unclassified",MausV2 (GHA box),-2.068331612566809,5.298476223764828,8,125.37713095012242,0.5848221182823181,0.0289537471465305,1.0,True,False
GHA,Ghana,0.3746993793284757,GHA_M00009,0.3730764323277726,15.09468484821343,Tarkwa,False,"mining, unclassified",MausV2 (GHA box),-2.125017509855454,5.400737604029784,9,37.30764323278364,,,,True,False
GHA,Ghana,0.07754902636700979,GHA_M00010,0.07721313563109465,15.790407249553736,Tarkwa,False,"mining, unclassified",MausV2 (GHA box),-2.128140846560846,5.405246349206349,10,7.7213135631053635,,,,False,False
GHA,Ghana,0.7161828375471238,GHA_M00011,0.7130802428311026,16.161741993335667,Tarkwa,False,"mining, unclassified",MausV2 (GHA box),-2.1173906218670333,5.435868577239264,11,71.30802428312184,0.1030017584562301,0.021283843787259,1.0,True,False
GHA,Ghana,1.2439132292071795,GHA_M00012,1.2385247367560102,17.746900846050913,Tarkwa,False,"mining, unclassified",MausV2 (GHA box),-2.1319039732878626,5.435938780917338,12,123.85247367560879,0.5972060561180115,0.0516220110166264,3.0,True,False
GHA,Ghana,0.33103823523645265,GHA_M00013,0.32960408824241694,16.462970761016578,Bogoso-Prestea,False,"mining, unclassified",MausV2 (GHA box),-2.1002684018095055,5.446037311767989,13,32.96040882424719,0.1276729702949524,0.0236877860296004,1.0,True,False
GHA,Ghana,0.10609150271167637,GHA_M00014,0.10563238783875536,13.808697889396132,Damang,False,"mining, unclassified",MausV2 (GHA box),-1.7189353054911067,5.491644315545247,14,10.563238783879074,,,,False,False
GHA,Ghana,2.750548853111761,GHA_M00015,2.738646333715089,13.464847119207048,Damang,False,"mining, unclassified",MausV2 (GHA box),-1.716475863611955,5.481550472823816,15,273.8646333715189,0.5735149383544922,0.0370121254373559,9.0,True,False
GHA,Ghana,0.43975880107219456,GHA_M00016,0.43785562270599454,12.656615680634538,Damang,False,"mining, unclassified",MausV2 (GHA box),-1.7314106446496873,5.480537774046088,16,43.78556227060192,,,,True,False
GHA,Ghana,0.15452224447378657,GHA_M00017,0.15385358747516756,14.63629895788927,Damang,False,"mining, unclassified",MausV2 (GHA box),-1.711282078853047,5.490421385902032,17,15.385358747515353,0.1583617627620697,0.0395111682444194,2.0,False,False
GHA,Ghana,0.3020923957761866,GHA_M00018,0.30078351232034545,13.33554313117894,Bogoso-Prestea,False,"mining, unclassified",MausV2 (GHA box),-2.100686412711346,5.488108141508794,18,30.078351232039918,,,,True,False
GHA,Ghana,2.3405663853344687,GHA_M00019,2.3304376947752385,13.472178385820634,Damang,False,"mining, unclassified",MausV2 (GHA box),-1.7137898584636952,5.499548658691557,19,233.0437694775308,0.114742711186409,0.0360785881366269,7.0,True,False
GHA,Ghana,0.32172387289455695,GHA_M00020,0.32033409828877696,18.100693330599125,Nzema (Teleku Bokazo),False,"mining, unclassified",MausV2 (GHA box),-2.2501187177033484,5.1316873046252,20,32.03340982888028,,,,True,False
GHA,Ghana,0.27582871113298846,GHA_M00021,0.274635953975068,10.597002627733232,Nsuta,False,"mining, unclassified",MausV2 (GHA box),-2.0289591889880954,5.184356436011905,21,27.46359539752045,,,,True,False
GHA,Ghana,0.9257069193218932,GHA_M00022,0.9216952411517392,3.584559210410921,Bogoso-Prestea,True,industrial,MausV2 (GHA box),-2.042083746538163,5.576357806580259,22,92.16952411516132,0.37987694889307017,0.03223712164160725,2.0,True,True
GHA,Ghana,0.32464742564265314,GHA_M00023,0.32324325596492715,0.9768065375960711,Edikan (Ayanfuri),True,industrial,MausV2 (GHA box),-1.9059434343434352,5.9705202020202,23,32.324325596495754,,,,True,True
GHA,Ghana,0.04794615812519833,GHA_M00024,0.047739439313082624,4.349803345198534,Obuasi,True,industrial,MausV2 (GHA box),-1.6622961538461558,6.119860598290597,24,4.773943931306367,,,,False,True
GHA,Ghana,0.06952122165291291,GHA_M00025,0.06922148866536046,3.4035861180827607,Obuasi,True,industrial,MausV2 (GHA box),-1.6679012967875047,6.125292661361632,25,6.9221488665592235,,,,False,True
GHA,Ghana,0.10246743810537119,GHA_M00026,0.10202568417302925,2.5649857251552954,Obuasi,True,industrial,MausV2 (GHA box),-1.6702979204159187,6.13077340531894,26,10.202568417301041,,,,False,True
GHA,Ghana,0.01813302100712918,GHA_M00027,0.018054850315271622,2.8666088052204404,Obuasi,True,industrial,MausV2 (GHA box),-1.668944293785314,6.133486327683615,27,1.8054850315244695,,,,False,True
GHA,Ghana,0.31643410073699285,GHA_M00028,0.31506997281909016,1.9060780060207894,Obuasi,True,industrial,MausV2 (GHA box),-1.6746952797202794,6.137593401968403,28,31.506997281938332,,,,True,True
GHA,Ghana,0.030180502918081147,GHA_M00029,0.030050369870949806,1.3412395628540776,Obuasi,True,industrial,MausV2 (GHA box),-1.6989067888662617,6.13737875084861,29,3.005036987108933,,,,False,True
GHA,Ghana,0.9141264187487763,GHA_M00030,0.9101886991549312,2.7222847910046157,Awaso,True,industrial,MausV2 (GHA box),-2.291181756862744,6.253280878431373,30,91.01886991546972,0.15991013497114176,0.024577151803829453,2.0,True,True
GHA,Ghana,0.399504966963898,GHA_M00031,0.3977855482551252,5.096459604653689,Chirano,False,"mining, unclassified",MausV2 (GHA box),-2.3962641593600975,6.262383192329382,31,39.778554825521596,,,,True,False
GHA,Ghana,0.07503845188264711,GHA_M00032,0.0747150693244865,0.8835810285850854,Awaso,True,industrial,MausV2 (GHA box),-2.2763312312312323,6.230546082446082,32,7.471506932450751,,,,False,True
GHA,Ghana,0.030851029624675806,GHA_M00033,0.030718079828515182,0.6869306934292387,Awaso,True,industrial,MausV2 (GHA box),-2.2738188579017256,6.233655776892431,33,3.0718079828511065,,,,False,True
GHA,Ghana,0.011308276835334957,GHA_M00034,0.01125954008654497,3.979527637876586,Awaso,True,industrial,MausV2 (GHA box),-2.2999376811594194,6.218262681159421,34,1.1259540086557662,,,,False,True
GHA,Ghana,0.030913268589628572,GHA_M00035,0.030780042480388493,4.0008155779089725,Awaso,True,industrial,MausV2 (GHA box),-2.3014837640821724,6.220034062292909,35,3.0780042480405347,,,,False,True
GHA,Ghana,0.4100960913010847,GHA_M00036,0.408328969722564,1.5219176704282902,Awaso,True,industrial,MausV2 (GHA box),-2.2847616064738507,6.235278705230028,36,40.832896972254055,0.2917594611644745,0.0193739880870316,1.0,True,True
GHA,Ghana,0.08195524512015191,GHA_M00037,0.08160302641262401,8.016864319415753,Asanko (Manso Nkwanta),False,"mining, unclassified",MausV2 (GHA box),-1.9264026986506748,6.406107296351825,37,8.160302641262538,,,,False,False
GHA,Ghana,1.1144334704697545,GHA_M00038,1.1096382493908734,22.408467521655382,Asanko (Manso Nkwanta),False,"mining, unclassified",MausV2 (GHA box),-2.062932653361267,6.354089638695921,38,110.96382493909034,,,,True,False
GHA,Ghana,0.9921820410703924,GHA_M00039,0.9879141470959325,13.82990979766442,Obuasi,False,"mining, unclassified",MausV2 (GHA box),-1.6763223729303438,6.2809886019241095,39,98.79141470960585,,,,True,False
GHA,Ghana,0.4359812572460641,GHA_M00040,0.4341060835275424,15.782788652103513,Obuasi,False,"mining, unclassified",MausV2 (GHA box),-1.689589626497532,6.29393694620625,40,43.41060835277636,,,,True,False
GHA,Ghana,0.11091557997484562,GHA_M00041,0.11043849681588595,16.009496912610842,Obuasi,False,"mining, unclassified",MausV2 (GHA box),-1.6979736842105264,6.294526629732226,41,11.043849681588325,,,,False,False
GHA,Ghana,0.6233253916873923,GHA_M00042,0.6206725158903026,6.07085766490691,Akyem,False,"mining, unclassified",MausV2 (GHA box),-1.0467914925078852,6.306407423107254,42,62.067251589022185,,,,True,False
GHA,Ghana,0.09431427365013428,GHA_M00043,0.09391334974748224,1.6081438211866517,Akyem,True,industrial,MausV2 (GHA box),-1.0305717698154193,6.349583930510312,43,9.391334974758234,,,,False,True
GHA,Ghana,1.906875961014754,GHA_M00044,1.898675592076584,16.474167732844943,Obuasi,False,"mining, unclassified",MausV2 (GHA box),-1.7160358854552709,6.314639490220091,44,189.86755920769804,0.6072300970554352,0.0372504764924841,4.0,True,False
GHA,Ghana,0.32018511583385617,GHA_M00045,0.31882425623979627,1.94577883643837,Akyem,True,industrial,MausV2 (GHA box),-1.013112262521589,6.336369660333908,45,31.882425623978143,0.7529593706130981,0.0313610323716424,1.0,True,True
GHA,Ghana,0.2705990368113831,GHA_M00046,0.26944866211954854,1.9360127563484382,Akyem,True,industrial,MausV2 (GHA box),-1.0229603088101713,6.33776148955495,46,26.94486621197454,0.6630091965198517,0.029102235440323948,2.0,True,True
GHA,Ghana,0.7788727636574754,GHA_M00047,0.7755235689442032,20.2082026963599,Obuasi,False,"mining, unclassified",MausV2 (GHA box),-1.7454003839276317,6.330157599663403,47,77.55235689443244,0.5290087163448334,0.027319798816021652,2.0,True,False
GHA,Ghana,11.203950931722607,GHA_M00048,11.156319706681606,0.0,Akyem,True,industrial,MausV2 (GHA box),-1.0286431238780485,6.342770016890967,48,1115.631970668087,0.06496832892298696,0.032523001233715695,54.0,True,True
GHA,Ghana,12.288278902208202,GHA_M00049,12.23542733473823,0.0,Chirano,True,industrial,MausV2 (GHA box),-2.383200793746041,6.307819101910191,49,1223.5427334737215,0.3321133255958557,0.031633666194884454,50.0,True,True
GHA,Ghana,0.24506040857054975,GHA_M00050,0.24400418351789596,1.1427222277320965,Obuasi,True,industrial,MausV2 (GHA box),-1.685872661148734,6.1594477468439095,50,24.40041835178797,,,,True,True
GHA,Ghana,0.05759225127284897,GHA_M00051,0.0573440250919356,1.3495790410087705,Obuasi,True,industrial,MausV2 (GHA box),-1.690626467449305,6.162320668801137,51,5.734402509196259,0.2807664275169372,0.0409723835552586,1.0,True,True
GHA,Ghana,0.35096257526068564,GHA_M00052,0.3494496376275067,2.2571343374054034,Obuasi,True,industrial,MausV2 (GHA box),-1.7123639696438993,6.16208719206071,52,34.944963762750305,0.4159004688262939,0.0291445819164336,1.0,True,True
GHA,Ghana,0.16668817213207,GHA_M00053,0.16596975051155474,3.1062564038985667,Obuasi,True,industrial,MausV2 (GHA box),-1.7085816740412985,6.1739827802359875,53,16.59697505113877,,,,False,True
GHA,Ghana,0.09932393672015803,GHA_M00054,0.09889590536868875,3.09439659708575,Obuasi,True,industrial,MausV2 (GHA box),-1.6990486592409237,6.177157219471948,54,9.889590536866306,,,,False,True
GHA,Ghana,0.13995431430650657,GHA_M00055,0.1393510974567872,1.5428977130326027,Obuasi,True,industrial,MausV2 (GHA box),-1.6943979797979787,6.163761499048459,55,13.935109745675264,,,,False,True
GHA,Ghana,0.1046124854671361,GHA_M00056,0.10416164281365209,1.8629251980744477,Obuasi,True,industrial,MausV2 (GHA box),-1.6806385624755191,6.163078535056795,56,10.416164281368898,,,,False,True
GHA,Ghana,0.15439743446127593,GHA_M00057,0.15373206441060014,2.1465858269671747,Obuasi,True,industrial,MausV2 (GHA box),-1.6814193471337566,6.1670256236730365,57,15.373206441041479,0.2330097258090973,0.0521171122887659,1.0,False,True
GHA,Ghana,0.8913437534561628,GHA_M00058,0.8875025094515286,2.0459036964636015,Obuasi,True,industrial,MausV2 (GHA box),-1.690315149634532,6.171136429458007,58,88.75025094517459,,,,True,True
GHA,Ghana,0.04124431489610788,GHA_M00059,0.04106649142531211,0.6779717391409367,Obuasi,True,industrial,MausV2 (GHA box),-1.695221609538004,6.141516294088426,59,4.106649142537608,,,,False,True
GHA,Ghana,0.06712140746749247,GHA_M00060,0.06683201660267991,0.9380493232339591,Obuasi,True,industrial,MausV2 (GHA box),-1.7013427960927963,6.145381532356533,60,6.683201660267211,,,,False,True
GHA,Ghana,0.31237285181686775,GHA_M00061,0.3110261538589747,0.0782636866802793,Obuasi,True,industrial,MausV2 (GHA box),-1.6937587170405357,6.145215131837857,61,31.102615385899274,,,,True,True
GHA,Ghana,0.12127255545610577,GHA_M00062,0.12074965950900281,2.3619360790573394,Obuasi,True,industrial,MausV2 (GHA box),-1.7158255110660605,6.148786940361548,62,12.074965950905153,,,,False,True
GHA,Ghana,0.10154104186247966,GHA_M00063,0.10110335259163528,0.5370237637100166,Obuasi,True,industrial,MausV2 (GHA box),-1.6878590597255854,6.1537785916061365,63,10.110335259176527,,,,False,True
GHA,Ghana,0.02089828345897204,GHA_M00064,0.0208081883689921,1.5686527089789795,Obuasi,True,industrial,MausV2 (GHA box),-1.7060372549019627,6.153629411764706,64,2.0808188368960074,,,,False,True
GHA,Ghana,0.10529085665077645,GHA_M00065,0.10483697737796488,0.20392185232669852,Obuasi,True,industrial,MausV2 (GHA box),-1.6912727378867498,6.151725277291303,65,10.483697737810052,,,,False,True
GHA,Ghana,0.038784678770103664,GHA_M00066,0.03861749451121868,0.594520248208162,Obuasi,True,industrial,MausV2 (GHA box),-1.6919344955097715,6.15460913893291,66,3.8617494511210184,,,,False,True
GHA,Ghana,0.14025804677740455,GHA_M00067,0.13965365090185494,3.0398741392050765,Obuasi,True,industrial,MausV2 (GHA box),-1.69226327782647,6.177416622845458,67,13.965365090164681,,,,False,True
GHA,Ghana,0.05869667285434717,GHA_M00068,0.05844373902421729,3.4086769851476233,Obuasi,True,industrial,MausV2 (GHA box),-1.6963621291448505,6.179977661431065,68,5.844373902411729,,,,False,True
GHA,Ghana,0.08432615854789252,GHA_M00069,0.08396280250877727,3.605179234781255,Obuasi,True,industrial,MausV2 (GHA box),-1.69395442176871,6.182304616132169,69,8.396280250887077,,,,False,True
GHA,Ghana,2.511460330736683,GHA_M00070,2.50063880107226,4.832767154361697,Obuasi,True,industrial,MausV2 (GHA box),-1.7177037287195414,6.195343863641926,70,250.0638801072177,0.36619843542575836,0.03270939687152495,8.0,True,True
GHA,Ghana,0.21031404071715618,GHA_M00071,0.20940804630624288,6.391966221777845,Obuasi,False,"mining, unclassified",MausV2 (GHA box),-1.7075047340736416,6.206587853107343,71,20.940804630648767,0.1851048469543457,0.0172162631670815,1.0,True,False
GHA,Ghana,1.2504817960220092,GHA_M00072,1.245119037860026,1.3139626413764118,Bibiani,True,industrial,MausV2 (GHA box),-2.324818378608506,6.47375174141573,72,124.51190378602477,0.3734076917171478,0.0529647653350445,1.0,True,True
GHA,Ghana,0.18809401562818134,GHA_M00073,0.18728689891528105,3.116201181672542,Asanko (Manso Nkwanta),True,industrial,MausV2 (GHA box),-1.8499560853472676,6.465889658175483,73,18.72868989153449,0.6602972149848938,0.0383207326601124,1.0,False,True
GHA,Ghana,0.18194742177418663,GHA_M00074,0.18116704701239242,8.557252751264206,Asanko (Manso Nkwanta),False,"mining, unclassified",MausV2 (GHA box),-1.8039955660589695,6.4764867094305645,74,18.116704701237012,,,,False,False
GHA,Ghana,4.135243573752967,GHA_M00075,4.11750741213138,0.0,Bibiani,True,industrial,MausV2 (GHA box),-2.3064655461311068,6.4735259406705365,75,411.75074121314316,0.49913373589515686,0.033318849937768846,14.0,True,True
GHA,Ghana,0.1868600388067996,GHA_M00076,0.18605867176060986,8.59288029363572,Asanko (Manso Nkwanta),False,"mining, unclassified",MausV2 (GHA box),-1.8041333881218484,6.480884538680694,76,18.60586717606309,,,,False,False
GHA,Ghana,0.016032414370030584,GHA_M00077,0.015963650067735837,7.267247772961334,Asanko (Manso Nkwanta),False,"mining, unclassified",MausV2 (GHA box),-1.8178702426564504,6.479230268199232,77,1.5963650067719322,,,,False,False
GHA,Ghana,0.7305546533488134,GHA_M00078,0.7274637525803227,39.58795350405232,Akyem,False,"mining, unclassified",MausV2 (GHA box),-1.1690064604695465,6.684509046338321,78,72.74637525803088,,,,True,False
GHA,Ghana,0.4508113382394785,GHA_M00079,0.44890435023810926,38.62957462301155,Akyem,False,"mining, unclassified",MausV2 (GHA box),-1.157385666939071,6.682739167347673,79,44.890435023799675,,,,True,False
GHA,Ghana,0.7119564941910637,GHA_M00080,0.708937383298786,37.66116779128472,Akyem,False,"mining, unclassified",MausV2 (GHA box),-1.218907995514921,6.637978143867518,80,70.89373832988596,,,,True,False
GHA,Ghana,0.7676490079254595,GHA_M00081,0.76439645081648,34.90723815493633,Akyem,False,"mining, unclassified",MausV2 (GHA box),-1.1808370263712225,6.640415961389757,81,76.43964508166756,0.6723226308822632,0.0320746972905444,2.0,True,False
GHA,Ghana,0.04427323928131464,GHA_M00082,0.04408563579954524,38.71504532176617,Akyem,False,"mining, unclassified",MausV2 (GHA box),-1.2030243643088292,6.654005917706888,82,4.4085635799505125,,,,False,False
GHA,Ghana,0.22701364416289618,GHA_M00083,0.22605180055552446,38.9492718027167,Akyem,False,"mining, unclassified",MausV2 (GHA box),-1.2025702190965641,6.657776521503921,83,22.605180055564347,,,,True,False
GHA,Ghana,0.05951897636369298,GHA_M00084,0.05926383617258165,6.1624843516012415,Asanko (Manso Nkwanta),False,"mining, unclassified",MausV2 (GHA box),-1.8470190918472649,6.510365978672171,84,5.9263836172618625,,,,False,False
GHA,Ghana,2.268031183086718,GHA_M00085,2.2584812049863188,8.923823034348711,Ahafo,False,"mining, unclassified",MausV2 (GHA box),-2.306608567538569,7.0859059428169555,85,225.84812049861384,0.5146815776824951,0.0505177776500685,5.0,True,False
GHA,Ghana,27.213375811392936,GHA_M00086,27.098587574294328,0.0,Ahafo,True,industrial,MausV2 (GHA box),-2.365239144668608,7.028440912780365,86,2709.8587574293783,0.23178209364414215,0.026291009219799197,86.0,True,True
GHA,Ghana,0.17834091354796583,GHA_M00087,0.1775747510508596,7.2000940699713345,Asanko (Manso Nkwanta),False,"mining, unclassified",MausV2 (GHA box),-1.9375894247330356,6.426491480078081,87,17.757475105096294,,,,False,False
GHA,Ghana,0.24480888533088488,GHA_M00088,0.24375730870750018,6.429867919233961,Asanko (Manso Nkwanta),False,"mining, unclassified",MausV2 (GHA box),-1.9310253701380171,6.430281480552069,88,24.375730870762403,,,,True,False
GHA,Ghana,0.3531120512061804,GHA_M00089,0.3515953330657425,6.881821713761274,Asanko (Manso Nkwanta),False,"mining, unclassified",MausV2 (GHA box),-1.9432215031315248,6.435360450011598,89,35.15953330659207,,,,True,False
GHA,Ghana,5.711219120531732,GHA_M00090,5.68647014066272,4.825958069823097,Bogoso-Prestea,True,industrial,MausV2 (GHA box),-2.0407192081569034,5.523455114405667,90,568.6470140663173,0.3666177093982696,0.0372546015365547,17.0,True,True
GHA,Ghana,0.6136221435471454,GHA_M00091,0.6109800716948548,47.122722745692045,Nsuta,False,"mining, unclassified",MausV2 (GHA box),-1.6556082520255322,4.990242859197759,91,61.09800716948601,0.1105073168873786,0.0225121809798839,1.0,True,False
GHA,Ghana,0.23358260952616663,GHA_M00092,0.2325852971244392,26.631652750186923,Bibiani,False,"mining, unclassified",MausV2 (GHA box),-2.1766508874937776,6.680326882489361,92,23.25852971244333,,,,True,False
GHA,Ghana,0.5865831248188449,GHA_M00093,0.5840606084008075,15.711164120402211,Obuasi,False,"mining, unclassified",MausV2 (GHA box),-1.6697532233512333,6.293343641907804,93,58.40606084008618,,,,True,False
GHA,Ghana,0.055687835467748,GHA_M00094,0.055448380552118745,16.314210400507875,Obuasi,False,"mining, unclassified",MausV2 (GHA box),-1.6591391882303181,6.293341531216076,94,5.544838055209772,,,,False,False
GHA,Ghana,0.6584915742470456,GHA_M00095,0.6556599801967556,17.09134964176825,Obuasi,False,"mining, unclassified",MausV2 (GHA box),-1.691394061315844,6.306973278434644,95,65.5659980196774,,,,True,False
GHA,Ghana,0.4339125487624471,GHA_M00096,0.43204691876038187,17.020220679194562,Obuasi,False,"mining, unclassified",MausV2 (GHA box),-1.672620363837509,6.305462750815657,96,43.204691876022444,,,,True,False
GHA,Ghana,1.1574888968748278,GHA_M00097,1.152512842254493,18.607145021150632,Obuasi,False,"mining, unclassified",MausV2 (GHA box),-1.6927517801794074,6.3214566607675025,97,115.25128422550135,0.661041796207428,0.0267600963684907,1.0,True,False
GHA,Ghana,0.6468178866187206,GHA_M00098,0.6440314329476411,1.2720178206457187,Nzema (Teleku Bokazo),True,industrial,MausV2 (GHA box),-2.317882464930845,4.960782930386159,98,64.40314329476264,,,,True,True
GHA,Ghana,0.009360716689442085,GHA_M00099,0.009320393791103715,2.075775935483836,Nzema (Teleku Bokazo),True,industrial,MausV2 (GHA box),-2.3170462416384288,4.956722984880326,99,0.9320393791105569,0.1287625730037689,0.0271520688717994,1.0,False,True
GHA,Ghana,0.18884253283265034,GHA_M00100,0.18802908399132096,2.8909037915143623,Nzema (Teleku Bokazo),True,industrial,MausV2 (GHA box),-2.305668141759569,4.9508421846209,100,18.802908399134978,0.5405405163764954,0.0291735365626267,1.0,False,True
GHA,Ghana,0.14126781848413034,GHA_M00101,0.14065923461504343,2.7009983159074062,Nzema (Teleku Bokazo),True,industrial,MausV2 (GHA box),-2.302808921020271,4.9563774460026195,101,14.065923461501995,,,,False,True
GHA,Ghana,0.4578486821277519,GHA_M00102,0.4558759724147506,2.567062313333829,Nzema (Teleku Bokazo),True,industrial,MausV2 (GHA box),-2.2977162191805056,4.96360315507279,102,45.58759724147277,,,,True,True
GHA,Ghana,2.192339305755855,GHA_M00103,2.1828889918855916,34.37974584253386,Nsuta,False,"mining, unclassified",MausV2 (GHA box),-1.8780943449846679,4.968855130981827,103,218.2888991885527,0.5528255701065063,0.0481139999197241,3.0,True,False
GHA,Ghana,0.6963285302298056,GHA_M00104,0.6933479765297408,11.474271327136412,Asanko (Manso Nkwanta),False,"mining, unclassified",MausV2 (GHA box),-1.8412586436245595,6.571219784408938,104,69.33479765296278,0.34597286581993103,0.0263878724258041,2.0,True,False
GHA,Ghana,1.25420074262139,GHA_M00105,1.248824557908779,5.050296659554688,Asanko (Manso Nkwanta),False,"mining, unclassified",MausV2 (GHA box),-1.9026935101823172,6.521872444117564,105,124.88245579088048,0.7076089978218079,0.0291389502244923,1.0,True,False
GHA,Ghana,1.0831996609357584,GHA_M00106,1.0785704211267721,19.040970203892492,Asanko (Manso Nkwanta),False,"mining, unclassified",MausV2 (GHA box),-1.7990140926449532,6.624207042563958,106,107.85704211269321,,,,True,False
GHA,Ghana,0.31432018198966793,GHA_M00107,0.31297673909882184,18.976873855724236,Asanko (Manso Nkwanta),False,"mining, unclassified",MausV2 (GHA box),-1.794290366568683,6.619053159467646,107,31.297673909880412,,,,True,False
GHA,Ghana,0.7384861075201344,GHA_M00108,0.735330686487979,20.559286227516168,Asanko (Manso Nkwanta),False,"mining, unclassified",MausV2 (GHA box),-1.7851326954313143,6.62862301418227,108,73.53306864880312,0.4764096736907959,0.0198661446355073,1.0,True,False
GHA,Ghana,0.9889425589273384,GHA_M00109,0.9847176910060726,20.011360983165456,Asanko (Manso Nkwanta),False,"mining, unclassified",MausV2 (GHA box),-1.7940688496964121,6.6370848920043475,109,98.47176910061627,0.2781124114990234,0.021252069204506,1.0,True,False
GHA,Ghana,3.3377313994752926,GHA_M00110,3.3234371016788353,9.66744751300771,Asanko (Manso Nkwanta),False,"mining, unclassified",MausV2 (GHA box),-1.841338925085075,6.5495940609593335,110,332.3437101678477,0.6635745167732239,0.0265863632337695,9.0,True,False
GHA,Ghana,0.31052886391115697,GHA_M00111,0.3091958699455311,3.734660051528394,Asanko (Manso Nkwanta),True,industrial,MausV2 (GHA box),-1.8474114040503125,6.448308297561226,111,30.91958699457072,,,,True,True
GHA,Ghana,0.5389110850949065,GHA_M00112,0.5365983360361736,3.4993629854312163,Asanko (Manso Nkwanta),True,industrial,MausV2 (GHA box),-1.8440062855882866,6.459689525680176,112,53.65983360362642,,,,True,True
GHA,Ghana,3.6999720246790777,GHA_M00113,3.684125576816775,34.59017830102083,Obuasi,False,"mining, unclassified",MausV2 (GHA box),-1.4599250449217875,6.383894495994452,113,368.4125576817079,0.58382448554039,0.0228431738523372,6.0,True,False
GHA,Ghana,0.213261495220835,GHA_M00114,0.21234801719163726,36.14029534852786,Obuasi,False,"mining, unclassified",MausV2 (GHA box),-1.4539163627326643,6.374452915657842,114,21.23480171916762,0.3035638630390167,0.0210357875961092,1.0,True,False
GHA,Ghana,6.805797102696703,GHA_M00115,6.776628725555019,31.023355688783642,Obuasi,False,"mining, unclassified",MausV2 (GHA box),-1.5142500171440232,6.3850977930167865,115,677.6628725554037,0.5714881420135498,0.0231404844226893,11.0,True,False
GHA,Ghana,0.163311148961639,GHA_M00116,0.16261162990355207,35.343842085165626,Obuasi,False,"mining, unclassified",MausV2 (GHA box),-1.4876013227571747,6.397130386335189,116,16.261162990369968,,,,False,False
GHA,Ghana,1.1570274232666706,GHA_M00117,1.1520772250951705,17.521533969201766,Asanko (Manso Nkwanta),False,"mining, unclassified",MausV2 (GHA box),-1.9758628476136637,6.60671198119064,117,115.2077225095072,,,,True,False
GHA,Ghana,0.5726545208344516,GHA_M00118,0.5702047009937801,17.753235645078927,Asanko (Manso Nkwanta),False,"mining, unclassified",MausV2 (GHA box),-1.9624300798697336,6.6109989305798535,118,57.02047009934009,0.4429126977920532,0.0256835564277506,1.0,True,False
GHA,Ghana,0.07196499868409856,GHA_M00119,0.07165707115671409,16.9306716355007,Asanko (Manso Nkwanta),False,"mining, unclassified",MausV2 (GHA box),-1.958654814640708,6.601944039844891,119,7.165707115671886,,,,False,False
GHA,Ghana,0.8480405872876936,GHA_M00120,0.844387095443122,23.532128599696165,Awaso,False,"mining, unclassified",MausV2 (GHA box),-2.0549079204489487,6.286519618299821,120,84.43870954430614,0.732599675655365,0.0193275822975598,1.0,True,False
GHA,Ghana,0.07019377672056676,GHA_M00121,0.06989036202202051,14.686358433377833,Edikan (Ayanfuri),False,"mining, unclassified",MausV2 (GHA box),-1.997626856722809,6.050926031304892,121,6.989036202193212,,,,False,False
GHA,Ghana,0.14084346127616013,GHA_M00122,0.14023461395537412,14.337090964592818,Edikan (Ayanfuri),False,"mining, unclassified",MausV2 (GHA box),-1.9994965517457501,6.0442371917179045,122,14.023461395530425,,,,False,False
GHA,Ghana,0.6506806716567416,GHA_M00123,0.6478683873642312,14.758389619794968,Edikan (Ayanfuri),False,"mining, unclassified",MausV2 (GHA box),-1.99587094800508,6.0601087553714,123,64.7868387364334,0.39078468829393387,0.02688599509094625,2.0,True,False
GHA,Ghana,0.5071042820180925,GHA_M00124,0.5049126440373158,16.165420484232506,Edikan (Ayanfuri),False,"mining, unclassified",MausV2 (GHA box),-2.0101566666400883,6.065408190246986,124,50.491264403755785,0.567984402179718,0.02832565695019145,2.0,True,False
GHA,Ghana,2.605108471743767,GHA_M00125,2.5938492622953158,4.285633590431906,Kubi,True,industrial,MausV2 (GHA box),-1.7531216587533305,5.966416299207091,125,259.3849262295962,0.34974247217178345,0.032396130270681445,12.0,False,True
GHA,Ghana,0.004816392768792012,GHA_M00126,0.004795560464076659,6.519902378175105,Nsuta,False,"mining, unclassified",MausV2 (GHA box),-1.9761531427680907,5.212865855269354,126,0.4795560464079999,,,,False,False
GHA,Ghana,0.027376509726606064,GHA_M00127,0.027258107638229234,7.332378896378324,Nsuta,False,"mining, unclassified",MausV2 (GHA box),-1.9647750895213847,5.206964051141006,127,2.725810763822707,,,,False,False
GHA,Ghana,0.020884510875438755,GHA_M00128,0.020794186938370363,7.466211998172895,Nsuta,False,"mining, unclassified",MausV2 (GHA box),-1.9575643976193315,5.207920772266842,128,2.079418693837959,,,,False,False
GHA,Ghana,0.07254955873224087,GHA_M00129,0.07223578530690583,7.337890040940042,Nsuta,False,"mining, unclassified",MausV2 (GHA box),-1.955722874453391,5.208911619554176,129,7.223578530690972,0.4414183795452118,0.0419397784202328,1.0,False,False
GHA,Ghana,0.02908745737849553,GHA_M00130,0.028961659492501127,7.778092251847682,Nsuta,False,"mining, unclassified",MausV2 (GHA box),-1.9525578451718275,5.206507539752153,130,2.896165949248045,,,,False,False
GHA,Ghana,0.016979219131479983,GHA_M00131,0.01690578803193271,7.994646281594872,Nsuta,False,"mining, unclassified",MausV2 (GHA box),-1.9503766870286268,5.205732897659111,131,1.6905788031947224,,,,False,False
GHA,Ghana,0.19876253286546888,GHA_M00132,0.19790301793452045,8.918992625321245,Nsuta,False,"mining, unclassified",MausV2 (GHA box),-1.9431572910169714,5.197472074591602,132,19.790301793453683,,,,False,False
GHA,Ghana,0.02004433217722841,GHA_M00133,0.01995765079393726,8.573102734650703,Nsuta,False,"mining, unclassified",MausV2 (GHA box),-1.9490832225759636,5.1996011638531705,133,1.9957650793927557,,,,False,False
GHA,Ghana,0.006676003344371254,GHA_M00134,0.006647132078562207,8.344355477702937,Nsuta,False,"mining, unclassified",MausV2 (GHA box),-1.9496794657475878,5.202867055382026,134,0.6647132078570345,,,,False,False
GHA,Ghana,0.06949868716805771,GHA_M00135,0.06919814570507389,9.03724896425914,Nsuta,False,"mining, unclassified",MausV2 (GHA box),-1.936960565492228,5.201111851332516,135,6.919814570506828,,,,False,False
GHA,Ghana,0.08133188665933525,GHA_M00136,0.08098016703963212,8.999463036925038,Nsuta,False,"mining, unclassified",MausV2 (GHA box),-1.9344520878040337,5.203572401990707,136,8.098016703960209,0.3729729652404785,0.0504615016567547,1.0,False,False
GHA,Ghana,0.1376909376838327,GHA_M00137,0.1370954701087652,8.671584099382148,Nsuta,False,"mining, unclassified",MausV2 (GHA box),-1.9325043377625253,5.208068264827186,137,13.709547010879193,0.3659942150115967,0.0584296409976448,1.0,False,False
GHA,Ghana,0.008500918791792924,GHA_M00138,0.008464163818251087,14.353277917956193,Nsuta,False,"mining, unclassified",MausV2 (GHA box),-1.8691471655694496,5.206457504836204,138,0.8464163818235096,,,,False,False
GHA,Ghana,0.008075764992869333,GHA_M00139,0.008040848639303023,14.491511966874336,Nsuta,False,"mining, unclassified",MausV2 (GHA box),-1.8678367153751336,5.205892013209232,139,0.804084863931912,,,,False,False
GHA,Ghana,0.030559396699194073,GHA_M00140,0.030427273718165754,13.627140983279695,Nsuta,False,"mining, unclassified",MausV2 (GHA box),-1.8827956277791178,5.197002861388348,140,3.042727371815811,,,,False,False
GHA,Ghana,0.0892045717440293,GHA_M00141,0.08881891208150879,13.992974363453028,Nsuta,False,"mining, unclassified",MausV2 (GHA box),-1.8804063565895681,5.194279187311497,141,8.881891208146401,,,,False,False
GHA,Ghana,0.2819317903331709,GHA_M00142,0.28071295618872544,13.55730162094274,Nsuta,False,"mining, unclassified",MausV2 (GHA box),-1.8839991960189888,5.189184394083554,142,28.07129561886933,,,,True,False
GHA,Ghana,0.18867438629139455,GHA_M00143,0.18785875323171836,13.941215043428878,Nsuta,False,"mining, unclassified",MausV2 (GHA box),-1.8841970921199254,5.184939331250066,143,18.785875323179024,,,,False,False
GHA,Ghana,2.585949517455351,GHA_M00144,2.5747752549952367,8.090126655047172,Kubi,False,"mining, unclassified",MausV2 (GHA box),-1.690441141697926,5.933307670724269,144,257.4775254995609,0.3123177289962768,0.0373247636338361,3.0,True,False
GHA,Ghana,0.7306105592186094,GHA_M00145,0.7274543009564326,11.19401197067408,Kubi,False,"mining, unclassified",MausV2 (GHA box),-1.6564301794416034,5.928710667370636,145,72.74543009564562,,,,True,False
GHA,Ghana,0.17127111853246035,GHA_M00146,0.170531358214752,12.771137176682148,Kubi,False,"mining, unclassified",MausV2 (GHA box),-1.6390000173765735,5.931296770397307,146,17.053135821485128,,,,False,False
GHA,Ghana,0.5320582711851651,GHA_M00147,0.5297604907778002,13.644823157553176,Kubi,False,"mining, unclassified",MausV2 (GHA box),-1.6255215558450016,5.9315201052988265,147,52.97604907774497,0.2841111086308956,0.0251674047741582,2.0,True,False
GHA,Ghana,0.1567387767620061,GHA_M00148,0.1560618976524393,14.593454006716799,Kubi,False,"mining, unclassified",MausV2 (GHA box),-1.6199658163833393,5.928894373757577,148,15.606189765231727,0.2236652374267578,0.050211623079815,1.0,False,False
GHA,Ghana,0.08134527463187634,GHA_M00149,0.0809940060762292,15.397935889533356,Kubi,False,"mining, unclassified",MausV2 (GHA box),-1.612475418350334,5.927427997976478,149,8.09940060761785,0.3149385750293731,0.0339603865788812,1.0,False,False
GHA,Ghana,0.5524297978548908,GHA_M00150,0.5500445263845934,16.416550643016095,Kubi,False,"mining, unclassified",MausV2 (GHA box),-1.6001787995634298,5.924937649242305,150,55.004452638483166,0.2954912781715393,0.0454382329744155,1.0,True,False
GHA,Ghana,0.037976883026594126,GHA_M00151,0.03781289276802258,16.666894640422676,Kubi,False,"mining, unclassified",MausV2 (GHA box),-1.6046293939059355,5.919879342892211,151,3.7812892768029545,0.1639962643384933,0.0500736051688904,1.0,False,False
GHA,Ghana,0.3371829032324606,GHA_M00152,0.3357272805012519,18.547129333224852,Kubi,False,"mining, unclassified",MausV2 (GHA box),-1.581131568645696,5.921712125379202,152,33.572728050132255,,,,True,False
GHA,Ghana,0.10073746853981998,GHA_M00153,0.1003026100543639,19.168304837370574,Kubi,False,"mining, unclassified",MausV2 (GHA box),-1.5759225613986556,5.922240749633561,153,10.030261005437906,,,,False,False
GHA,Ghana,0.05657550051529123,GHA_M00154,0.05633130879839929,19.06638185724571,Kubi,False,"mining, unclassified",MausV2 (GHA box),-1.5718411930834926,5.931936790607129,154,5.633130879845176,,,,False,False
GHA,Ghana,0.09907114505171188,GHA_M00155,0.09864355405093853,20.4278343330103,Kubi,False,"mining, unclassified",MausV2 (GHA box),-1.561429153466461,5.923600852087481,155,9.864355405094722,,,,False,False
GHA,Ghana,0.09154922025771806,GHA_M00156,0.09115411604918855,20.679185252197954,Kubi,False,"mining, unclassified",MausV2 (GHA box),-1.5580671115637763,5.925607998973163,156,9.115411604938062,,,,False,False
GHA,Ghana,0.25987270195705336,GHA_M00157,0.25875123693147106,21.09954907515612,Kubi,False,"mining, unclassified",MausV2 (GHA box),-1.551771646977714,5.925810828631083,157,25.875123693146765,0.473333328962326,0.0288135933479556,1.0,True,False
GHA,Ghana,0.16796070036892208,GHA_M00158,0.16723592026137163,21.20252751916351,Kubi,False,"mining, unclassified",MausV2 (GHA box),-1.5484666399089122,5.928476207902484,158,16.723592026125715,,,,False,False
GHA,Ghana,0.41856378081064355,GHA_M00159,0.41675672707725564,16.94641395700911,Kubi,False,"mining, unclassified",MausV2 (GHA box),-1.5928815713500468,5.930105306179686,159,41.67567270775965,0.2485948801040649,0.0284041626274378,1.0,True,False
GHA,Ghana,0.7253300553082707,GHA_M00160,0.7222006603045734,21.462389142641474,Kubi,False,"mining, unclassified",MausV2 (GHA box),-1.5411515604462342,5.938633685876201,160,72.22006603044437,,,,True,False
GHA,Ghana,0.364261018193728,GHA_M00161,0.3626895747107837,22.92396392285855,Kubi,False,"mining, unclassified",MausV2 (GHA box),-1.5309071474722482,5.934457365557118,161,36.26895747107909,,,,True,False
GHA,Ghana,0.09211638914480526,GHA_M00162,0.09171893396157593,22.070558569276766,Kubi,False,"mining, unclassified",MausV2 (GHA box),-1.5412821206659941,5.931495474848307,162,9.171893396151336,0.1029023602604866,0.0301372455255911,1.0,False,False
GHA,Ghana,0.0526458618473595,GHA_M00163,0.052418725993880075,23.558058385581695,Kubi,False,"mining, unclassified",MausV2 (GHA box),-1.53046919631715,5.9240932815192355,163,5.241872599381307,,,,False,False
GHA,Ghana,0.040527831226732515,GHA_M00164,0.040352982903579096,24.065489592781734,Kubi,False,"mining, unclassified",MausV2 (GHA box),-1.5266955071292623,5.922249914998096,164,4.035298290364448,,,,False,False
GHA,Ghana,0.1682999079495178,GHA_M00165,0.167573879620125,24.235743483351374,Kubi,False,"mining, unclassified",MausV2 (GHA box),-1.5223359218675105,5.9265123319373245,165,16.757387962010238,,,,False,False
GHA,Ghana,0.025576719024882268,GHA_M00166,0.025466383446948536,25.130165765067904,Kubi,False,"mining, unclassified",MausV2 (GHA box),-1.5178382077366264,5.919430791814106,166,2.5466383446987066,,,,False,False
GHA,Ghana,0.0032541842592094493,GHA_M00167,0.003240146044662245,25.046605882869258,Kubi,False,"mining, unclassified",MausV2 (GHA box),-1.5186507610963638,5.9209518967835395,167,0.3240146044683939,,,,False,False
GHA,Ghana,0.0020174850068660705,GHA_M00168,0.0020087816354972476,24.60179801381743,Kubi,False,"mining, unclassified",MausV2 (GHA box),-1.521956111008836,5.923774876504788,168,0.20087816355943605,,,,False,False
GHA,Ghana,3.273836091886975,GHA_M00169,3.2597133367756417,26.78035718440163,Kubi,False,"mining, unclassified",MausV2 (GHA box),-1.5030628202537806,5.897590929259126,169,325.97133367764724,0.3862847611308098,0.03770888263745535,4.0,True,False
GHA,Ghana,0.9906962766789259,GHA_M00170,0.9864771210895018,33.62420458954886,Akyem,False,"mining, unclassified",MausV2 (GHA box),-1.2848008652736345,6.515941882625139,170,98.64771210893257,0.6352947056293488,0.05010074861649115,2.0,True,False
GHA,Ghana,0.12160766342644011,GHA_M00171,0.12108993543408156,33.155427212739966,Akyem,False,"mining, unclassified",MausV2 (GHA box),-1.2711464180551555,6.519578151628678,171,12.108993543404436,,,,False,False
GHA,Ghana,0.36366681390203803,GHA_M00172,0.3621173684065492,34.07194857971526,Akyem,False,"mining, unclassified",MausV2 (GHA box),-1.2929454614049762,6.503640307604243,172,36.211736840663754,,,,True,False
GHA,Ghana,0.08421752421152856,GHA_M00173,0.08385856376334294,32.71656717872468,Akyem,False,"mining, unclassified",MausV2 (GHA box),-1.2858162932572261,6.480706052122429,173,8.385856376335992,,,,False,False
GHA,Ghana,0.08413537977024144,GHA_M00174,0.08377671954737946,32.95377039985235,Akyem,False,"mining, unclassified",MausV2 (GHA box),-1.290319941910199,6.477980922563,174,8.377671954737874,,,,False,False
GHA,Ghana,0.019388711285037413,GHA_M00175,0.0193060528300777,33.313238399929894,Akyem,False,"mining, unclassified",MausV2 (GHA box),-1.2931607197514356,6.476774908117111,175,1.930605283005173,,,,False,False
GHA,Ghana,0.0696968448876988,GHA_M00176,0.06939967182579457,32.666625326949344,Akyem,False,"mining, unclassified",MausV2 (GHA box),-1.2904057803528557,6.468536946192203,176,6.9399671825716185,,,,False,False
GHA,Ghana,0.7969792279479756,GHA_M00177,0.7935786864292284,31.859183457910312,Akyem,False,"mining, unclassified",MausV2 (GHA box),-1.2949551596225166,6.439952478580583,177,79.35786864292132,,,,True,False
GHA,Ghana,0.41430223247784187,GHA_M00178,0.4125339935037011,33.76345561103051,Akyem,False,"mining, unclassified",MausV2 (GHA box),-1.3150194602691618,6.442997166361876,178,41.25339935037832,0.3743057921528816,0.02528351523275535,2.0,True,False
GHA,Ghana,0.3970322217838791,GHA_M00179,0.3953378834295457,32.4456257477213,Akyem,False,"mining, unclassified",MausV2 (GHA box),-1.3037671870197596,6.439330937781761,179,39.53378834296702,,,,True,False
GHA,Ghana,0.3599332494880955,GHA_M00180,0.3583969329315482,35.414688981424085,Akyem,False,"mining, unclassified",MausV2 (GHA box),-1.328154792951582,6.449880096822942,180,35.839693293172594,,,,True,False
GHA,Ghana,0.1496141389281779,GHA_M00181,0.14897056130936234,19.153879100732677,Asanko (Manso Nkwanta),False,"mining, unclassified",MausV2 (GHA box),-2.0283031284891733,6.369447927431351,181,14.897056130932933,,,,False,False
GHA,Ghana,3.4700819251333597,GHA_M00182,3.4552388533947958,21.866889569379868,Asanko (Manso Nkwanta),False,"mining, unclassified",MausV2 (GHA box),-2.027919034656374,6.618760682923948,182,345.5238853394415,0.3105561286211014,0.051538770747770746,6.0,True,False
GHA,Ghana,10.949440688116818,GHA_M00183,10.902640226585635,20.156801356123403,Asanko (Manso Nkwanta),False,"mining, unclassified",MausV2 (GHA box),-1.9847593848767775,6.6454172356696715,183,1090.264022658578,0.54856276512146,0.02824281048289075,16.0,True,False
GHA,Ghana,0.09489620145927603,GHA_M00184,0.09448624979996771,62.7839613182941,Bogoso-Prestea,False,"mining, unclassified",MausV2 (GHA box),-2.5681008003573673,5.656956113279585,184,9.448624980005343,,,,False,False
GHA,Ghana,0.04767808015118766,GHA_M00185,0.047472086516102546,61.83765026443697,Bogoso-Prestea,False,"mining, unclassified",MausV2 (GHA box),-2.5579324939896932,5.657678052537332,185,4.747208651612877,,,,False,False
GHA,Ghana,0.11869551401736894,GHA_M00186,0.11818225888648436,13.321634618378786,Nsuta,False,"mining, unclassified",MausV2 (GHA box),-2.0617080199428788,5.180252403472606,186,11.818225888647913,,,,False,False
GHA,Ghana,0.015830459590247745,GHA_M00187,0.015762004997189025,13.57400730160565,Nsuta,False,"mining, unclassified",MausV2 (GHA box),-2.0660217852539167,5.182598248692847,187,1.5762004997205712,,,,False,False
GHA,Ghana,0.016902133673607895,GHA_M00188,0.01682904330211286,13.43171352258332,Nsuta,False,"mining, unclassified",MausV2 (GHA box),-2.0665497514705744,5.1847759767741275,188,1.6829043302107465,,,,False,False
GHA,Ghana,0.39926574894451516,GHA_M00189,0.39753902116558903,8.950239346699334,Nsuta,False,"mining, unclassified",MausV2 (GHA box),-2.0201777417680424,5.194671482079705,189,39.75390211655627,,,,True,False
GHA,Ghana,0.08568130626170087,GHA_M00190,0.08531074036495848,8.51999567171571,Nsuta,False,"mining, unclassified",MausV2 (GHA box),-2.011612479467664,5.199813623676007,190,8.531074036496904,,,,False,False
GHA,Ghana,0.053359665016719855,GHA_M00191,0.05312889117773226,8.392106570583909,Nsuta,False,"mining, unclassified",MausV2 (GHA box),-2.0043485536020613,5.19900329974142,191,5.31288911777,,,,False,False
GHA,Ghana,0.12499212181844341,GHA_M00192,0.12445776009188386,93.87361652384158,Damang,False,"mining, unclassified",MausV2 (GHA box),-1.0408496505282059,5.235486458946154,192,12.445776009189558,,,,False,False
GHA,Ghana,0.10458083861094945,GHA_M00193,0.10413379667170551,94.39936422407233,Damang,False,"mining, unclassified",MausV2 (GHA box),-1.035624938021762,5.234683628469151,193,10.41337966717585,,,,False,False
GHA,Ghana,0.04846021373715074,GHA_M00194,0.04825135984108404,41.55549708525369,Nsuta,False,"mining, unclassified",MausV2 (GHA box),-1.68858661169774,5.035003719204047,194,4.8251359841108705,,,,False,False
GHA,Ghana,0.026587657055577883,GHA_M00195,0.026473072600769854,41.94416554731894,Nsuta,False,"mining, unclassified",MausV2 (GHA box),-1.68449069286022,5.035712901872519,195,2.6473072600768828,,,,False,False
GHA,Ghana,2.096205015627375,GHA_M00196,2.0871928601179484,16.45386588186139,Asanko (Manso Nkwanta),False,"mining, unclassified",MausV2 (GHA box),-1.765321354068903,6.348135930700013,196,208.719286011817,0.2140258252620697,0.057687748899496,5.0,True,False
GHA,Ghana,4.163665632912334,GHA_M00197,4.145753319784409,15.349295034636578,Asanko (Manso Nkwanta),False,"mining, unclassified",MausV2 (GHA box),-1.8110262134429456,6.328506725020672,197,414.57533197834647,0.4484202414751053,0.039531373639286396,8.0,True,False
GHA,Ghana,0.24681774754994443,GHA_M00198,0.24575596408290726,19.690028722486414,Obuasi,False,"mining, unclassified",MausV2 (GHA box),-1.7658380336822006,6.314872957042519,198,24.57559640830911,,,,True,False
GHA,Ghana,0.14093429523331621,GHA_M00199,0.14032804250979358,19.23952826497118,Asanko (Manso Nkwanta),False,"mining, unclassified",MausV2 (GHA box),-1.7791760136540427,6.322790639458934,199,14.032804250979831,,,,False,False
GHA,Ghana,0.4731402176969716,GHA_M00200,0.47108980708538223,1.715472534807855,Bogoso-Prestea,True,industrial,MausV2 (GHA box),-2.0203765407218888,5.580446932950527,200,47.10898070852426,0.1645575612783432,0.0308752125412054,1.0,True,True
GHA,Ghana,0.16359088358518528,GHA_M00201,0.16288615777069929,21.227683863683886,Asanko (Manso Nkwanta),False,"mining, unclassified",MausV2 (GHA box),-1.9445265463510701,6.282773123626947,201,16.288615777067513,,,,False,False
GHA,Ghana,0.040275212970330584,GHA_M00202,0.040101865805110416,17.39041073580698,Asanko (Manso Nkwanta),False,"mining, unclassified",MausV2 (GHA box),-1.9741916977808711,6.335700671827136,202,4.0101865805115855,,,,False,False
GHA,Ghana,0.12367329451063054,GHA_M00203,0.12314796450391777,45.24207875729708,Asanko (Manso Nkwanta),False,"mining, unclassified",MausV2 (GHA box),-1.6351035367227789,6.794447820278831,203,12.314796450385627,0.1423320770263672,0.0274964415447657,1.0,False,False
GHA,Ghana,0.017809190941655655,GHA_M00204,0.017733787892391797,56.89338319117282,Asanko (Manso Nkwanta),False,"mining, unclassified",MausV2 (GHA box),-1.5699987682655896,6.875545497636763,204,1.7733787892390218,,,,False,False
GHA,Ghana,0.011821785337670697,GHA_M00205,0.011771583406945093,45.84649269220878,Asanko (Manso Nkwanta),False,"mining, unclassified",MausV2 (GHA box),-1.6440207896882122,6.8062081920631785,205,1.1771583406947432,,,,False,False
GHA,Ghana,0.21365412519863716,GHA_M00206,0.21274954338243907,59.84397123573362,Asanko (Manso Nkwanta),False,"mining, unclassified",MausV2 (GHA box),-1.4935237291775636,6.846873646485117,206,21.274954338243624,0.1169231086969375,0.031948816750222,1.0,True,False
GHA,Ghana,0.09896129177766658,GHA_M00207,0.09854233449843651,59.76467050682621,Asanko (Manso Nkwanta),False,"mining, unclassified",MausV2 (GHA box),-1.5014741457984913,6.852662999818745,207,9.854233449847658,,,,False,False
GHA,Ghana,0.07159878481931817,GHA_M00208,0.0712885332888931,16.407690411045085,Bogoso-Prestea,False,"mining, unclassified",MausV2 (GHA box),-2.145094507343668,5.624282916825363,208,7.128853328884163,,,,False,False
GHA,Ghana,1.34651644314592,GHA_M00209,1.3406820378372355,17.537235502835912,Bogoso-Prestea,False,"mining, unclassified",MausV2 (GHA box),-2.121619019541562,5.69148696226712,209,134.06820378372356,0.1940043121576309,0.0244245966886065,1.0,True,False
GHA,Ghana,1.6326908872975465,GHA_M00210,1.625617024930933,20.20035986250647,Bogoso-Prestea,False,"mining, unclassified",MausV2 (GHA box),-2.1911254568056955,5.627294196138382,210,162.56170249308948,0.622602790594101,0.02955405577311855,2.0,True,False
GHA,Ghana,4.885136677558035,GHA_M00211,4.86397227110673,18.435851017855946,Bogoso-Prestea,False,"mining, unclassified",MausV2 (GHA box),-2.204130604083598,5.563765349062517,211,486.39722711066594,0.5195775032043457,0.0412855747866404,8.0,True,False
GHA,Ghana,1.321554932229733,GHA_M00212,1.3158305083788062,26.061115187642976,Bogoso-Prestea,False,"mining, unclassified",MausV2 (GHA box),-2.2450687238473592,5.5414709635024275,212,131.58305083786678,0.6354599595069885,0.0271949764137633,5.0,True,False
GHA,Ghana,2.1714426154568294,GHA_M00213,2.162035106062992,18.597601181858767,Bogoso-Prestea,False,"mining, unclassified",MausV2 (GHA box),-2.199098387367029,5.5427406834919,213,216.20351060628184,0.5226719379425049,0.0328697710227148,5.0,True,False
GHA,Ghana,2.617414648859898,GHA_M00214,2.6060780926942124,25.422049021708414,Bogoso-Prestea,False,"mining, unclassified",MausV2 (GHA box),-2.24258463664162,5.495896255970101,214,260.6078092694292,0.5356136560440063,0.0321719636636573,3.0,True,False
GHA,Ghana,4.348898658228144,GHA_M00215,4.330069942448974,30.941613322708527,Tarkwa,False,"mining, unclassified",MausV2 (GHA box),-2.286851249893361,5.444209484588385,215,433.0069942449263,0.3224698305130005,0.0428706514590204,5.0,True,False
GHA,Ghana,0.06455233671467149,GHA_M00216,0.0642736220595775,23.8111390590555,Awaso,False,"mining, unclassified",MausV2 (GHA box),-2.069234872732806,6.14360947132264,216,6.427362205962902,,,,False,False
GHA,Ghana,0.07117008973927887,GHA_M00217,0.07086302897839744,14.315148528892436,Awaso,False,"mining, unclassified",MausV2 (GHA box),-2.142721535069157,6.188833978612795,217,7.086302897832412,,,,False,False
GHA,Ghana,1.3717857742908033,GHA_M00218,1.365866982409194,12.771843002937775,Nzema (Teleku Bokazo),False,"mining, unclassified",MausV2 (GHA box),-2.202167724475984,5.026883372431011,218,136.58669824093096,0.45321284234523773,0.0414254690500173,2.0,True,False
GHA,Ghana,0.34331472146202735,GHA_M00219,0.34183311579419395,12.900068784255664,Nzema (Teleku Bokazo),False,"mining, unclassified",MausV2 (GHA box),-2.222721741027734,5.04693612184019,219,34.18331157942199,,,,True,False
GHA,Ghana,0.20392040743726805,GHA_M00220,0.20304013191610593,14.106711989369884,Nzema (Teleku Bokazo),False,"mining, unclassified",MausV2 (GHA box),-2.230696529365472,5.0692631243630455,220,20.304013191614175,0.4785318672657013,0.0301477983954306,1.0,True,False
GHA,Ghana,11.13222809284719,GHA_M00221,11.084076884932395,26.163434862356983,Tarkwa,False,"mining, unclassified",MausV2 (GHA box),-2.2769784256919285,5.276447678897029,221,1108.407688493248,0.5643851161003113,0.0273406412942017,18.0,True,False
GHA,Ghana,2.3083384051432416,GHA_M00222,2.2983481753691493,17.637828870413767,Tarkwa,False,"mining, unclassified",MausV2 (GHA box),-2.1757933262480167,5.296270659047311,222,229.83481753689213,0.5817351341247559,0.0425129349364461,3.0,True,False
GHA,Ghana,0.882121196055718,GHA_M00223,0.8783005899246106,16.548666799851713,Tarkwa,False,"mining, unclassified",MausV2 (GHA box),-2.1419029392906324,5.403306627950097,223,87.83005899244955,0.2007039487361908,0.0292549939633096,1.0,True,False
GHA,Ghana,1.3652975488259822,GHA_M00224,1.3593866531946899,26.776492041158573,Tarkwa,False,"mining, unclassified",MausV2 (GHA box),-2.2558790187257416,5.401247318305694,224,135.93866531945892,,,,True,False
GHA,Ghana,2.2291438546874147,GHA_M00225,2.2194936257391316,15.004451694064151,Tarkwa,False,"mining, unclassified",MausV2 (GHA box),-2.1536366999745717,5.327335859785749,225,221.94936257388923,0.5065929293632507,0.0349786943702453,3.0,True,False
GHA,Ghana,0.6143285657283936,GHA_M00226,0.6116671544625276,18.718590694759147,Bogoso-Prestea,False,"mining, unclassified",MausV2 (GHA box),-2.1434013510160126,5.464111981211554,226,61.16671544626311,0.3321455121040344,0.0244577759479383,1.0,True,False
GHA,Ghana,0.19254756770772544,GHA_M00227,0.19171324470287915,10.303774615258176,Bogoso-Prestea,False,"mining, unclassified",MausV2 (GHA box),-2.0701323772445717,5.495461167799713,227,19.171324470296188,,,,False,False
GHA,Ghana,0.08446365330153947,GHA_M00228,0.08409766198532037,9.89998700762849,Bogoso-Prestea,False,"mining, unclassified",MausV2 (GHA box),-2.0643979567280035,5.499653625519493,228,8.409766198538101,,,,False,False
GHA,Ghana,25.38836655272236,GHA_M00229,25.27834960107791,1.6471958966998674,Bogoso-Prestea,True,industrial,MausV2 (GHA box),-2.005879931903143,5.644376765629294,229,2527.8349601078144,0.5430755615234375,0.0324406858927977,87.0,True,True
GHA,Ghana,0.7077914134611694,GHA_M00230,0.704724276251766,9.668759281296222,Bogoso-Prestea,False,"mining, unclassified",MausV2 (GHA box),-2.0163502145309136,5.666274644739772,230,70.47242762517227,,,,True,False
GHA,Ghana,1.5984870708451127,GHA_M00231,1.5915638538606574,7.345737256646585,Aboso,False,"mining, unclassified",MausV2 (GHA box),-1.9101540469196006,5.4286621227734555,231,159.15638538605847,0.5177717804908752,0.0384864522122518,1.0,True,False
GHA,Ghana,3.6269183176991575,GHA_M00232,3.611247979523367,16.217422484243635,Nsuta,False,"mining, unclassified",MausV2 (GHA box),-1.859952176115947,5.144270477394917,232,361.1247979523223,0.5373368859291077,0.026689880283591,13.0,True,False
GHA,Ghana,3.04460592041135,GHA_M00233,3.031438915462484,14.665013497837734,Nsuta,False,"mining, unclassified",MausV2 (GHA box),-1.8197747946605984,5.258735365445229,233,303.143891546207,0.5057727247476578,0.0299375787973852,6.0,True,False
GHA,Ghana,0.2502164980336292,GHA_M00234,0.24913299591208035,33.81593139545565,Bogoso-Prestea,False,"mining, unclassified",MausV2 (GHA box),-2.2950260699289657,5.682354313332579,234,24.913299591199173,,,,True,False
GHA,Ghana,0.1619138269155321,GHA_M00235,0.16121267648724127,33.510846714420914,Bogoso-Prestea,False,"mining, unclassified",MausV2 (GHA box),-2.2866254274926745,5.687724413529665,235,16.121267648732346,,,,False,False
GHA,Ghana,3.0581903102449695,GHA_M00236,3.044942970098981,25.956590729641427,Bogoso-Prestea,False,"mining, unclassified",MausV2 (GHA box),-2.1958381977078467,5.725403448686983,236,304.4942970099001,0.39551135152578354,0.0349240289960076,2.0,True,False
GHA,Ghana,21.970947438482074,GHA_M00237,21.875851557730662,12.53196600302393,Edikan (Ayanfuri),False,"mining, unclassified",MausV2 (GHA box),-2.0308609941171687,5.915004204127913,237,2187.5851557731053,0.5190771818161011,0.0285292656817228,39.0,True,False
GHA,Ghana,0.10267113472769891,GHA_M00238,0.10222683172894823,20.356269334097224,Edikan (Ayanfuri),False,"mining, unclassified",MausV2 (GHA box),-2.0797450882620128,5.938059593727204,238,10.222683172880346,,,,False,False
GHA,Ghana,0.6250254357675064,GHA_M00239,0.6223206778767062,19.14510825925897,Edikan (Ayanfuri),False,"mining, unclassified",MausV2 (GHA box),-2.0717451507844507,5.93881465249811,239,62.23206778767586,,,,True,False
GHA,Ghana,0.8799117742750755,GHA_M00240,0.876104213218262,17.97300664758187,Edikan (Ayanfuri),False,"mining, unclassified",MausV2 (GHA box),-2.064390594885816,5.945481215306211,240,87.61042132181844,0.550684928894043,0.0356707618938057,1.0,True,False
GHA,Ghana,3.888552175886587,GHA_M00241,3.8717264485287877,12.280018743952159,Edikan (Ayanfuri),False,"mining, unclassified",MausV2 (GHA box),-2.0131757490164306,5.949546382160346,241,387.17264485286444,0.48450587689876556,0.03174971240355365,10.0,True,False
GHA,Ghana,1.4493067767968522,GHA_M00242,1.4430391558078202,13.366832147298377,Edikan (Ayanfuri),False,"mining, unclassified",MausV2 (GHA box),-2.0265383079484685,6.009532510025511,242,144.30391558079853,,,,True,False
GHA,Ghana,0.9504492884216795,GHA_M00243,0.9463389738005488,12.297433642147768,Edikan (Ayanfuri),False,"mining, unclassified",MausV2 (GHA box),-2.0103777912789997,6.00763385546699,243,94.63389738006396,,,,True,False
GHA,Ghana,0.12841837291859284,GHA_M00244,0.12786300557963234,11.910010998281175,Edikan (Ayanfuri),False,"mining, unclassified",MausV2 (GHA box),-1.9975882803922422,6.004698630289895,244,12.786300557953961,,,,False,False
GHA,Ghana,0.4356343755471103,GHA_M00245,0.43375075868231067,7.8099650426018785,Edikan (Ayanfuri),False,"mining, unclassified",MausV2 (GHA box),-1.9487847258688094,6.014787277245378,245,43.37507586823421,0.26881690230220556,0.0348127102518628,2.0,True,False
GHA,Ghana,6.056417994813966,GHA_M00246,6.030231473283363,8.358814724079183,Edikan (Ayanfuri),False,"mining, unclassified",MausV2 (GHA box),-1.970169091849304,6.020715651359257,246,603.0231473283394,0.5200868397951126,0.0301016727854685,8.0,True,False
GHA,Ghana,0.8131772439167751,GHA_M00247,0.8096608294468095,2.973670834557702,Edikan (Ayanfuri),True,industrial,MausV2 (GHA box),-1.9148960427979451,5.995556698408685,247,80.96608294464487,0.5982640385627747,0.0293246938312238,1.0,True,True
GHA,Ghana,0.1858956660615096,GHA_M00248,0.18509328272903988,24.720664672951408,Awaso,False,"mining, unclassified",MausV2 (GHA box),-2.050534178531248,6.166271813695525,248,18.509328272900444,,,,False,False
GHA,Ghana,0.767472974367446,GHA_M00249,0.7641541303427933,12.507050082058685,Kubi,False,"mining, unclassified",MausV2 (GHA box),-1.7421288587916492,5.889298754520415,249,76.41541303425782,,,,True,False
GHA,Ghana,2.0116313432786432,GHA_M00250,2.0029310251514016,11.913266454700718,Kubi,False,"mining, unclassified",MausV2 (GHA box),-1.77841749348716,5.902587937563913,250,200.2931025150646,0.6376298069953918,0.03647587098835395,4.0,True,False
GHA,Ghana,1.048006455057464,GHA_M00251,1.043472847504462,13.599886598530043,Edikan (Ayanfuri),False,"mining, unclassified",MausV2 (GHA box),-1.7931361908748942,5.885979847819384,251,104.3472847504613,0.6308922171592712,0.0297791795582712,2.0,True,False
GHA,Ghana,0.1575799529765923,GHA_M00252,0.15689805767228432,15.430731038672148,Edikan (Ayanfuri),False,"mining, unclassified",MausV2 (GHA box),-1.8060420428535866,5.85037288308758,252,15.689805767222232,,,,False,False
GHA,Ghana,0.5912674938222616,GHA_M00253,0.5887056188669019,17.942155332491822,Bogoso-Prestea,False,"mining, unclassified",MausV2 (GHA box),-2.0911309404378087,5.717189109226683,253,58.87056188668662,0.2766726911067962,0.0319778680082967,1.0,True,False
GHA,Ghana,0.13102155675614938,GHA_M00254,0.13045386455794494,18.99576246146685,Bogoso-Prestea,False,"mining, unclassified",MausV2 (GHA box),-2.08808664401056,5.721560845846016,254,13.045386455795773,0.6751819849014282,0.041727722225661,1.0,False,False
GHA,Ghana,0.08337381036024535,GHA_M00255,0.08301257606082114,19.54546107539669,Bogoso-Prestea,False,"mining, unclassified",MausV2 (GHA box),-2.0860399085643793,5.729265620807698,255,8.301257606082064,,,,False,False
GHA,Ghana,0.8093818036883978,GHA_M00256,0.805875159338092,19.966144565466646,Bogoso-Prestea,False,"mining, unclassified",MausV2 (GHA box),-2.0662269858373854,5.745835021967625,256,80.58751593382623,,,,True,False
GHA,Ghana,2.309091858283209,GHA_M00257,2.299088210963901,20.794010143366464,Bogoso-Prestea,False,"mining, unclassified",MausV2 (GHA box),-2.06672107443896,5.759553409058387,257,229.90882109638463,0.5506539940834045,0.0281789094880306,1.0,True,False
GHA,Ghana,6.0742072960571685,GHA_M00258,6.047898016046885,25.047677171993847,Bogoso-Prestea,False,"mining, unclassified",MausV2 (GHA box),-2.1029497138775266,5.80218670133826,258,604.7898016046889,0.6512221395969391,0.02519570639763405,8.0,True,False
GHA,Ghana,9.372598795853465,GHA_M00259,9.332006350303551,21.289877405193373,Edikan (Ayanfuri),False,"mining, unclassified",MausV2 (GHA box),-2.0699265947156102,5.822468704619236,259,933.2006350303685,0.4310274124145508,0.0279679897025046,11.0,True,False
GHA,Ghana,8.289203290847707,GHA_M00260,8.25330841293376,19.207473849910148,Edikan (Ayanfuri),False,"mining, unclassified",MausV2 (GHA box),-2.050358054917485,5.848750511293547,260,825.3308412933839,0.6162554323673248,0.02331119502999275,8.0,True,False
GHA,Ghana,0.20745692086180945,GHA_M00261,0.2065585781832834,23.465314972273656,Edikan (Ayanfuri),False,"mining, unclassified",MausV2 (GHA box),-2.07788480404141,5.849963236162787,261,20.655857818331093,,,,True,False
GHA,Ghana,0.33082482765931537,GHA_M00262,0.32939281281632177,10.231791529920914,Edikan (Ayanfuri),False,"mining, unclassified",MausV2 (GHA box),-1.963961568974271,5.894337445125459,262,32.939281281631985,,,,True,False
GHA,Ghana,0.4249385238896829,GHA_M00263,0.4230993702471416,8.141139977627907,Edikan (Ayanfuri),False,"mining, unclassified",MausV2 (GHA box),-1.9484730721456378,5.907444566864012,263,42.309937024721314,0.46546870470046997,0.03755403946471695,2.0,True,False
GHA,Ghana,0.3192976628965018,GHA_M00264,0.317914431592947,19.395367740876416,Bogoso-Prestea,False,"mining, unclassified",MausV2 (GHA box),-1.9436531876322678,5.736445993611386,264,31.79144315929505,,,,True,False
GHA,Ghana,0.2401983646739467,GHA_M00265,0.23915785534718553,20.53201874738394,Bogoso-Prestea,False,"mining, unclassified",MausV2 (GHA box),-1.9317568489961823,5.743195374085909,265,23.91578553472214,,,,True,False
GHA,Ghana,0.511533762630464,GHA_M00266,0.5093263006369896,7.482233966048881,Kubi,False,"mining, unclassified",MausV2 (GHA box),-1.673479322729867,6.0541466214344375,266,50.93263006368929,0.2923464477062225,0.0328155727609739,1.0,True,False
GHA,Ghana,1.28383974128666,GHA_M00267,1.2783005674984513,7.975166913794574,Kubi,False,"mining, unclassified",MausV2 (GHA box),-1.6675992167812559,6.0664468900475494,267,127.8300567498566,,,,True,False
GHA,Ghana,0.8684489385002472,GHA_M00268,0.8647007174659486,5.91967315599647,Kubi,False,"mining, unclassified",MausV2 (GHA box),-1.6758412162245448,6.043269169472112,268,86.4700717465925,0.6059969663619995,0.0242041351938717,3.0,True,False
GHA,Ghana,0.7380057199806747,GHA_M00269,0.7348215067071339,5.525775051640259,Obuasi,False,"mining, unclassified",MausV2 (GHA box),-1.718597748593461,6.099913711961714,269,73.48215067066057,,,,True,False
GHA,Ghana,1.3907752605794999,GHA_M00270,1.3847733633192352,7.249023946749405,Obuasi,False,"mining, unclassified",MausV2 (GHA box),-1.7508302098994475,6.1023683551395695,270,138.4773363319079,0.4373013973236084,0.03670777637855025,2.0,True,False
GHA,Ghana,0.2914014853369458,GHA_M00271,0.2901439477357454,7.539999747150973,Obuasi,False,"mining, unclassified",MausV2 (GHA box),-1.7345021357665804,6.0935116216166225,271,29.014394773613855,,,,True,False
GHA,Ghana,1.2824577273081779,GHA_M00272,1.2769204732183963,8.3716530359629,Kubi,False,"mining, unclassified",MausV2 (GHA box),-1.7740952094190905,6.073781568267503,272,127.69204732186405,0.6142712831497192,0.0195477010193187,1.0,True,False
GHA,Ghana,0.5555762885219542,GHA_M00273,0.5531768973894129,12.94957436554454,Kubi,False,"mining, unclassified",MausV2 (GHA box),-1.8276029275870713,6.079568987347945,273,55.31768973883757,0.0883787795901298,0.059048778202691,1.0,True,False
GHA,Ghana,0.9449930155481506,GHA_M00274,0.940911017281393,12.389349550096021,Edikan (Ayanfuri),False,"mining, unclassified",MausV2 (GHA box),-1.8545971441332918,6.073761763144474,274,94.09110172817303,0.3809785544872284,0.0256108157041788,1.0,True,False
GHA,Ghana,0.6264934845081485,GHA_M00275,0.623786769807771,10.684433708113772,Edikan (Ayanfuri),False,"mining, unclassified",MausV2 (GHA box),-1.881268060052216,6.067388602386061,275,62.378676980744196,,,,True,False
GHA,Ghana,0.6585471592577934,GHA_M00276,0.6557119124975099,8.101973587459387,Obuasi,False,"mining, unclassified",MausV2 (GHA box),-1.6645656840514573,6.220976781797516,276,65.57119124976263,0.6885792016983032,0.0280266529612827,1.0,True,False
GHA,Ghana,1.6425805374528963,GHA_M00277,1.6355181182760237,14.589568219886791,Obuasi,False,"mining, unclassified",MausV2 (GHA box),-1.5871151264535763,6.255871039978457,277,163.55181182764417,0.5995579957962036,0.044614907539914,1.0,True,False
GHA,Ghana,0.3166390626556385,GHA_M00278,0.31527851953615027,20.159139993901185,Obuasi,False,"mining, unclassified",MausV2 (GHA box),-1.5516280278715024,6.27056461534158,278,31.527851953596745,0.67657870054245,0.0179879265125486,1.0,True,False
GHA,Ghana,1.5762978403251953,GHA_M00279,1.5695290137337796,22.237814021750967,Obuasi,False,"mining, unclassified",MausV2 (GHA box),-1.5419839380547518,6.300257397362562,279,156.9529013733981,0.727003425359726,0.0244039079391091,2.0,True,False
GHA,Ghana,0.23170652436980924,GHA_M00280,0.23071214201484802,26.056274064843077,Obuasi,False,"mining, unclassified",MausV2 (GHA box),-1.554925507945299,6.341593904940732,280,23.071214201498844,0.6366692185401917,0.0328483325180594,1.0,True,False
GHA,Ghana,0.25984347479246805,GHA_M00281,0.25872816792211517,24.770379827159054,Obuasi,False,"mining, unclassified",MausV2 (GHA box),-1.5703734821928652,6.342718362788062,281,25.872816792230882,,,,True,False
GHA,Ghana,0.25294137875595457,GHA_M00282,0.2518555074084623,24.18196540372484,Obuasi,False,"mining, unclassified",MausV2 (GHA box),-1.5678940562509651,6.3319144672322425,282,25.185550740845972,0.6654253602027893,0.0193679444798683,1.0,True,False
GHA,Ghana,0.847445276659389,GHA_M00283,0.843857971388746,42.25272726476482,Akyem,False,"mining, unclassified",MausV2 (GHA box),-1.217483837438583,6.702110866732247,283,84.38579713891178,0.630259096622467,0.027744268892146,1.0,True,False
GHA,Ghana,0.5036814447962411,GHA_M00284,0.5015475330764064,41.67470454014323,Akyem,False,"mining, unclassified",MausV2 (GHA box),-1.2285829619024409,6.679633731863598,284,50.15475330767708,,,,True,False
GHA,Ghana,0.15352190713022995,GHA_M00285,0.15286904035896762,36.82639582788436,Akyem,False,"mining, unclassified",MausV2 (GHA box),-1.2766237376823888,6.570333165569713,285,15.286904035890577,0.646119236946106,0.0410390348571165,1.0,False,False
GHA,Ghana,0.0521954716680955,GHA_M00286,0.05197355771424442,36.905260871666066,Akyem,False,"mining, unclassified",MausV2 (GHA box),-1.270420573723377,6.575466900039946,286,5.197355771426649,,,,False,False
GHA,Ghana,0.22053666649717385,GHA_M00287,0.2195934794073033,15.36165158244068,Asanko (Manso Nkwanta),False,"mining, unclassified",MausV2 (GHA box),-1.8649160949272277,6.609126522848655,287,21.959347940730858,,,,True,False
GHA,Ghana,0.1413013178260794,GHA_M00288,0.140697086431397,16.351502565982113,Asanko (Manso Nkwanta),False,"mining, unclassified",MausV2 (GHA box),-1.8812626158627557,6.617142897499006,288,14.069708643139297,,,,False,False
GHA,Ghana,0.21994675222401178,GHA_M00289,0.21900624267472102,16.35352479000846,Asanko (Manso Nkwanta),False,"mining, unclassified",MausV2 (GHA box),-1.8741608859508305,6.617058833417697,289,21.900624267468245,,,,True,False
GHA,Ghana,0.18704537264717053,GHA_M00290,0.18624309150158563,4.745349238012689,Asanko (Manso Nkwanta),True,industrial,MausV2 (GHA box),-1.8391366691102076,6.482901642451089,290,18.624309150172614,,,,False,True
GHA,Ghana,0.11944320385974812,GHA_M00291,0.11893097448377588,5.067947019227228,Asanko (Manso Nkwanta),False,"mining, unclassified",MausV2 (GHA box),-1.8412538396878233,6.4913081405073285,291,11.893097448372172,,,,False,False
GHA,Ghana,0.7781277813308631,GHA_M00292,0.774792455145113,5.518776181601047,Asanko (Manso Nkwanta),False,"mining, unclassified",MausV2 (GHA box),-1.8672803420010464,6.517831584474387,292,77.47924551449226,0.5507721304893494,0.0495683000672323,1.0,True,False
GHA,Ghana,0.45178537699124743,GHA_M00293,0.44984931192061334,6.718171836272084,Asanko (Manso Nkwanta),False,"mining, unclassified",MausV2 (GHA box),-1.8658379064426018,6.527525361362234,293,44.98493119206297,,,,True,False
GHA,Ghana,0.19349933273264536,GHA_M00294,0.19267015373543506,7.120800809051244,Asanko (Manso Nkwanta),False,"mining, unclassified",MausV2 (GHA box),-1.8559311592331162,6.527473033620597,294,19.267015373550514,0.4340382516384125,0.0205449556867001,1.0,False,False
GHA,Ghana,0.7553937826442078,GHA_M00295,0.7521594626254835,10.548088725572713,Asanko (Manso Nkwanta),False,"mining, unclassified",MausV2 (GHA box),-1.8885980465954584,6.567661101730337,295,75.21594626255887,0.3259423822164535,0.026657906159587,2.0,True,False
GHA,Ghana,0.3101903214797395,GHA_M00296,0.30886276276406605,12.335736924033641,Asanko (Manso Nkwanta),False,"mining, unclassified",MausV2 (GHA box),-1.8830498778028673,6.583969716073867,296,30.886276276396565,0.7333042025566101,0.020255728595379,1.0,True,False
GHA,Ghana,0.18863630267997925,GHA_M00297,0.18782675119343145,1.0846839185232027,Asanko (Manso Nkwanta),True,industrial,MausV2 (GHA box),-1.8952705628119288,6.468619003050464,297,18.782675119337085,0.4510269463062286,0.0279536105686287,1.0,False,True
GHA,Ghana,0.4349760431848023,GHA_M00298,0.433106759815976,12.40383184975098,Asanko (Manso Nkwanta),False,"mining, unclassified",MausV2 (GHA box),-1.988662827201329,6.41570514887849,298,43.31067598160616,,,,True,False
GHA,Ghana,0.13869040979701133,GHA_M00299,0.13809462454724042,10.526480094360725,Asanko (Manso Nkwanta),False,"mining, unclassified",MausV2 (GHA box),-1.9735669086942973,6.432993777999509,299,13.809462454721379,,,,False,False
GHA,Ghana,0.05430460558385357,GHA_M00300,0.054071300999572906,10.18567946690846,Asanko (Manso Nkwanta),False,"mining, unclassified",MausV2 (GHA box),-1.96799634231579,6.427725137029621,300,5.407130099959569,,,,False,False
GHA,Ghana,0.29655253313967084,GHA_M00301,0.29527893435477254,6.294195501402964,Asanko (Manso Nkwanta),False,"mining, unclassified",MausV2 (GHA box),-1.9406147278415555,6.441903421436253,301,29.527893435467274,,,,True,False
GHA,Ghana,0.06862857672303459,GHA_M00302,0.06833387307373061,7.622352708749758,Asanko (Manso Nkwanta),False,"mining, unclassified",MausV2 (GHA box),-1.9514810483693843,6.448533285959771,302,6.833387307377407,,,,False,False
GHA,Ghana,0.4762240313772968,GHA_M00303,0.4741806435683811,12.888664876788432,Asanko (Manso Nkwanta),False,"mining, unclassified",MausV2 (GHA box),-1.7592503621963305,6.444473005999973,303,47.41806435680291,0.5478164553642273,0.0558074227257863,1.0,True,False
GHA,Ghana,1.8919551174926006,GHA_M00304,1.8838455277480963,14.025962135254105,Asanko (Manso Nkwanta),False,"mining, unclassified",MausV2 (GHA box),-1.7352964946889682,6.48398302452344,304,188.38455277484152,0.5944871306419373,0.0343471793903564,5.0,True,False
GHA,Ghana,0.13607101060170024,GHA_M00305,0.13549002661856682,23.85038021752845,Asanko (Manso Nkwanta),False,"mining, unclassified",MausV2 (GHA box),-1.926455280230573,6.679973768813099,305,13.549002661863671,,,,False,False
GHA,Ghana,0.49508422680085423,GHA_M00306,0.49297132277528366,26.658069962477132,Asanko (Manso Nkwanta),False,"mining, unclassified",MausV2 (GHA box),-1.9622473269772072,6.699747390155753,306,49.297132277536335,0.272064208984375,0.0560804962603051,1.0,True,False
GHA,Ghana,0.372427986238099,GHA_M00307,0.3708391700719974,27.647869191427947,Asanko (Manso Nkwanta),False,"mining, unclassified",MausV2 (GHA box),-1.94593550066373,6.712270354893634,307,37.0839170072092,0.5057618618011475,0.0241883588614107,1.0,True,False
GHA,Ghana,0.17762002516235476,GHA_M00308,0.17686162077843817,25.495790531056663,Asanko (Manso Nkwanta),False,"mining, unclassified",MausV2 (GHA box),-1.9722968744064282,6.683128682123732,308,17.686162077843925,0.4473424255847931,0.0515360881164812,1.0,False,False
GHA,Ghana,0.1471491010394327,GHA_M00309,0.14652056337857708,24.297236623386315,Asanko (Manso Nkwanta),False,"mining, unclassified",MausV2 (GHA box),-1.977075617281908,6.669594996487803,309,14.652056337859069,,,,False,False
GHA,Ghana,0.6989215945652895,GHA_M00310,0.6959117258247717,4.077803303484755,Awaso,True,industrial,MausV2 (GHA box),-2.2612049043934577,6.278997287789789,310,69.5911725824817,0.5552201271057129,0.0306487209204764,3.0,True,True
GHA,Ghana,1.6433358591971534,GHA_M00311,1.6362547234592868,1.8955018911496877,Awaso,True,industrial,MausV2 (GHA box),-2.2499118977306662,6.246778280823204,311,163.62547234590886,0.6241156458854675,0.01843673290028515,4.0,True,True
GHA,Ghana,0.6909229770731189,GHA_M00312,0.6879461480458544,2.767273104192917,Awaso,True,industrial,MausV2 (GHA box),-2.247075198368897,6.255064728918783,312,68.7946148045964,0.3390688300132751,0.0386182412879286,1.0,True,True
GHA,Ghana,0.5162582326666648,GHA_M00313,0.514033906616266,3.677000231401868,Awaso,True,industrial,MausV2 (GHA box),-2.2366169685868913,6.256984629325463,313,51.40339066163814,0.40441127121448517,0.034714244398554694,2.0,True,True
GHA,Ghana,0.7192078072825283,GHA_M00314,0.7161070640812339,13.317210519892445,Awaso,False,"mining, unclassified",MausV2 (GHA box),-2.1424672328989516,6.236059565241409,314,71.61070640812058,0.2109515070915222,0.017766721549095,1.0,True,False
GHA,Ghana,0.1401471525579004,GHA_M00315,0.13954045665108786,30.83898759530998,Edikan (Ayanfuri),False,"mining, unclassified",MausV2 (GHA box),-2.1612495256832895,5.873874861745171,315,13.95404566510747,,,,False,False
GHA,Ghana,1.7110616878480724,GHA_M00316,1.7036561859479729,31.97187269983361,Edikan (Ayanfuri),False,"mining, unclassified",MausV2 (GHA box),-2.1932000694170517,5.892220216064933,316,170.36561859480608,0.5300532579421997,0.0394843305283154,2.0,True,False
GHA,Ghana,12.331092636449775,GHA_M00317,12.277735626319373,27.72966093854764,Edikan (Ayanfuri),False,"mining, unclassified",MausV2 (GHA box),-2.1763629507604754,5.9276393513021794,317,1227.7735626319002,0.49361222982406616,0.030479580777867048,24.0,True,False
GHA,Ghana,0.08835698449024634,GHA_M00318,0.08797461372387887,24.400028590877497,Edikan (Ayanfuri),False,"mining, unclassified",MausV2 (GHA box),-2.114867366393588,5.930154618694774,318,8.797461372384937,,,,False,False
GHA,Ghana,0.08607860565309629,GHA_M00319,0.08570610086067865,24.00329141355139,Edikan (Ayanfuri),False,"mining, unclassified",MausV2 (GHA box),-2.111022023793187,5.9328269582077455,319,8.570610086064299,,,,False,False
GHA,Ghana,0.20145947151491875,GHA_M00320,0.20058781603948586,27.27861776741856,Edikan (Ayanfuri),False,"mining, unclassified",MausV2 (GHA box),-2.145024877153903,5.946349707782098,320,20.05878160394657,,,,True,False
GHA,Ghana,0.5846762309589042,GHA_M00321,0.5821466663694796,25.70704620842321,Edikan (Ayanfuri),False,"mining, unclassified",MausV2 (GHA box),-2.1347932974740584,5.956349420841056,321,58.214666636961816,0.6881167888641357,0.0295692856638904,1.0,True,False
GHA,Ghana,3.62449037539062,GHA_M00322,3.6088384276311087,16.89445986315884,Awaso,False,"mining, unclassified",MausV2 (GHA box),-2.141083755585276,6.1239850027761875,322,360.8838427631511,0.45378100872039795,0.027337601231633,4.0,True,False
GHA,Ghana,0.07436355661858697,GHA_M00323,0.0740424635351194,16.59660191709487,Awaso,False,"mining, unclassified",MausV2 (GHA box),-2.1545428584165545,6.13053968247798,323,7.40424635351038,,,,False,False
GHA,Ghana,0.0589739435076822,GHA_M00324,0.058719311088431404,16.589652956300917,Awaso,False,"mining, unclassified",MausV2 (GHA box),-2.151845188850419,6.134028069714471,324,5.871931108844425,,,,False,False
GHA,Ghana,0.6402497564952914,GHA_M00325,0.6374855574680768,16.48192039957396,Awaso,False,"mining, unclassified",MausV2 (GHA box),-2.1368154399777226,6.14218155669145,325,63.74855574679399,0.6670390963554382,0.0314760638407336,1.0,True,False
GHA,Ghana,10.846939578520459,GHA_M00326,10.800053101014091,26.299775042810936,Awaso,False,"mining, unclassified",MausV2 (GHA box),-2.322212200616783,5.968829255164268,326,1080.0053101014762,0.425750732421875,0.0311863571517063,15.0,True,False
GHA,Ghana,0.1794112417342004,GHA_M00327,0.1786358192774292,30.786189577581688,Awaso,False,"mining, unclassified",MausV2 (GHA box),-2.3457511350521543,5.965304107225719,327,17.86358192775378,0.2326134294271469,0.0372281066512073,1.0,False,False
GHA,Ghana,3.647821507922333,GHA_M00328,3.632046050108829,32.41504805073798,Awaso,False,"mining, unclassified",MausV2 (GHA box),-2.2941763119338825,5.93404319978211,328,363.2046050108446,0.3534785509109497,0.0299992371938733,7.0,True,False
GHA,Ghana,1.3986220927649415,GHA_M00329,1.3925744544925953,30.35556208727353,Awaso,False,"mining, unclassified",MausV2 (GHA box),-2.296357620954913,5.949725435347592,329,139.25744544920548,0.5085681676864624,0.0417442486288218,1.0,True,False
GHA,Ghana,1.9895574958122455,GHA_M00330,1.980952935378634,30.283984207289716,Awaso,False,"mining, unclassified",MausV2 (GHA box),-2.259328384162019,5.949425011088718,330,198.09529353782165,,,,True,False
GHA,Ghana,0.18759108541652716,GHA_M00331,0.1867799008241044,36.47938710974755,Awaso,False,"mining, unclassified",MausV2 (GHA box),-2.343352179688006,5.907761275146437,331,18.677990082399084,,,,False,False
GHA,Ghana,7.31577441788412,GHA_M00332,7.2841314515196975,34.39766105020597,Awaso,False,"mining, unclassified",MausV2 (GHA box),-2.3081666197109287,5.90409006748278,332,728.4131451520481,0.3645366132259369,0.0283768866677307,10.0,True,False
GHA,Ghana,0.24682701986040778,GHA_M00333,0.24575877296930082,37.83256280401022,Edikan (Ayanfuri),False,"mining, unclassified",MausV2 (GHA box),-2.228194880610601,5.876581323687054,333,24.575877296925633,,,,True,False
GHA,Ghana,0.2912795378276099,GHA_M00334,0.2900187483223453,36.757613128059226,Edikan (Ayanfuri),False,"mining, unclassified",MausV2 (GHA box),-2.2157364840439144,5.864149464202777,334,29.001874832218704,,,,True,False
GHA,Ghana,0.15273914528664403,GHA_M00335,0.15207840495900918,34.74235132969616,Awaso,False,"mining, unclassified",MausV2 (GHA box),-2.2639868093976956,5.916962900360119,335,15.207840495889677,,,,False,False
GHA,Ghana,3.0025098413084055,GHA_M00336,2.9895271435410735,39.050842202281665,Awaso,False,"mining, unclassified",MausV2 (GHA box),-2.3711669030737506,5.889234538105134,336,298.9527143541048,0.5530683696269989,0.0325062617560922,4.0,True,False
GHA,Ghana,0.29380097577642167,GHA_M00337,0.2925277369316605,4.70083993123371,Bogoso-Prestea,True,industrial,MausV2 (GHA box),-2.047098684546664,5.5879783515242725,337,29.252773693164652,0.5637448728084564,0.027266519305973548,2.0,True,True
GHA,Ghana,0.5056325196509962,GHA_M00338,0.5034480920144352,18.926199779088236,Nsuta,False,"mining, unclassified",MausV2 (GHA box),-1.8677814835046773,5.133051847897895,338,50.344809201446644,0.6409841179847717,0.0285787228921038,1.0,True,False
GHA,Ghana,0.28727856854086764,GHA_M00339,0.28603840230087896,25.419786253569054,Nsuta,False,"mining, unclassified",MausV2 (GHA box),-1.847969548345959,5.079455180306998,339,28.603840230092413,0.1480776667594909,0.0436414320604915,1.0,True,False
GHA,Ghana,3.5032851256247386,GHA_M00340,3.4881621396886775,24.43808757473804,Nsuta,False,"mining, unclassified",MausV2 (GHA box),-2.0617471971340757,5.042268869946991,340,348.8162139688574,0.5600527226924896,0.0332108049187493,8.0,True,False
GHA,Ghana,1.0025174923162072,GHA_M00341,0.9981898865649415,25.430396308121967,Nsuta,False,"mining, unclassified",MausV2 (GHA box),-2.05107318849391,5.041029512790836,341,99.8189886565018,0.5958549380302429,0.0400101287030805,3.0,True,False
GHA,Ghana,2.2345175820076073,GHA_M00342,2.2248731173439213,25.297489252269436,Nsuta,False,"mining, unclassified",MausV2 (GHA box),-2.0246065303628167,5.031504642066868,342,222.48731173438802,0.4707261919975281,0.0305461062749339,3.0,True,False
GHA,Ghana,2.023405489231705,GHA_M00343,2.0146784695196582,30.52783106530374,Nsuta,False,"mining, unclassified",MausV2 (GHA box),-2.0056233496646896,4.9843602212393545,343,201.4678469519728,0.4625384211540222,0.0401408987943621,5.0,True,False
GHA,Ghana,0.87329849072411,GHA_M00344,0.8695313855376311,29.575549584817725,Nsuta,False,"mining, unclassified",MausV2 (GHA box),-1.9379520375640968,5.0017216172637085,344,86.95313855376259,,,,True,False
GHA,Ghana,0.8162722243505648,GHA_M00345,0.8127430485300707,13.258222139770643,Nsuta,False,"mining, unclassified",MausV2 (GHA box),-2.0477086622031027,5.166612556954179,345,81.27430485300742,,,,True,False
GHA,Ghana,0.9377766718473215,GHA_M00346,0.9337240607958687,18.53473347516378,Nsuta,False,"mining, unclassified",MausV2 (GHA box),-2.0749111669342652,5.126919696846701,346,93.37240607959443,0.5700798332691193,0.0269899111608878,2.0,True,False
GHA,Ghana,0.08830206903407005,GHA_M00347,0.08792042045505162,16.987111892223922,Nsuta,False,"mining, unclassified",MausV2 (GHA box),-2.0601191524521862,5.1375871751439774,347,8.792042045505,0.2655982971191406,0.0321626998291797,1.0,False,False
GHA,Ghana,0.7846990524497328,GHA_M00348,0.7813083513376319,24.266921911926396,Awaso,False,"mining, unclassified",MausV2 (GHA box),-2.3128734833086817,6.0115170170997,348,78.13083513376063,,,,True,False
GHA,Ghana,0.30348842650140945,GHA_M00349,0.3021783263052594,12.26634488090358,Awaso,False,"mining, unclassified",MausV2 (GHA box),-2.2611991778884133,6.119696817844916,349,30.21783263050536,,,,True,False
GHA,Ghana,0.7000152449471797,GHA_M00350,0.6969871303158856,44.908085526608055,Awaso,False,"mining, unclassified",MausV2 (GHA box),-2.3617012835676965,5.835313210282756,350,69.69871303156609,,,,True,False
GHA,Ghana,0.946911554311253,GHA_M00351,0.9428151421954235,44.0201657465474,Awaso,False,"mining, unclassified",MausV2 (GHA box),-2.3481255941550834,5.839903121333385,351,94.28151421955204,0.44242341816425323,0.01925542748013075,2.0,True,False
GHA,Ghana,10.219134235085734,GHA_M00352,10.174953558216899,40.619036844092996,Awaso,False,"mining, unclassified",MausV2 (GHA box),-2.4130835742415258,5.861217739658708,352,1017.4953558217015,0.476906269788742,0.0282992504730704,21.0,True,False
GHA,Ghana,17.21488862477555,GHA_M00353,17.140513345648856,37.42640480353809,Awaso,False,"mining, unclassified",MausV2 (GHA box),-2.4478400092979693,5.912536270782758,353,1714.0513345649317,0.5816466212272644,0.023446930395842898,34.0,True,False
GHA,Ghana,0.09339470824093571,GHA_M00354,0.09299117467519209,36.26158456115561,Awaso,False,"mining, unclassified",MausV2 (GHA box),-2.4159378460238456,5.938677164584486,354,9.299117467536053,,,,False,False
GHA,Ghana,0.01814094332389401,GHA_M00355,0.018062565466975763,36.178301710222875,Awaso,False,"mining, unclassified",MausV2 (GHA box),-2.4184401386723,5.942868284463004,355,1.806256546695533,,,,False,False
GHA,Ghana,0.27580060343850177,GHA_M00356,0.27460849036507895,37.31899310190461,Awaso,False,"mining, unclassified",MausV2 (GHA box),-2.3940766093460253,5.914283171711979,356,27.460849036508357,,,,True,False
GHA,Ghana,0.12650962480208436,GHA_M00357,0.1259629261280159,42.438180661243926,Awaso,False,"mining, unclassified",MausV2 (GHA box),-2.4422997869584213,5.8894719989787,357,12.59629261277554,,,,False,False
GHA,Ghana,6.060827066827115,GHA_M00358,6.034640386247874,43.48732568094609,Awaso,False,"mining, unclassified",MausV2 (GHA box),-2.4763211594824273,5.867680308798916,358,603.464038624872,0.3722921907901764,0.0257139038874354,11.0,True,False
GHA,Ghana,1.7917654033359527,GHA_M00359,1.784025951845001,45.09067188188327,Awaso,False,"mining, unclassified",MausV2 (GHA box),-2.4935524561035005,5.882531194262329,359,178.40259518459305,0.4877643287181854,0.0508529717955464,1.0,True,False
GHA,Ghana,0.44176269498220655,GHA_M00360,0.4398549672048137,43.968419047759994,Awaso,False,"mining, unclassified",MausV2 (GHA box),-2.500352906135761,5.904776090819442,360,43.985496720476995,0.1914275139570236,0.0651801631926068,2.0,True,False
GHA,Ghana,0.07565961814693041,GHA_M00361,0.0753328649092901,43.303129944239956,Awaso,False,"mining, unclassified",MausV2 (GHA box),-2.4900946735293163,5.909818950254999,361,7.533286490951423,,,,False,False
GHA,Ghana,3.4147462952053913,GHA_M00362,3.399996581095306,47.23107313435696,Awaso,False,"mining, unclassified",MausV2 (GHA box),-2.512521158640845,5.853868279778272,362,339.9996581095228,0.2404137924313545,0.0464981229645797,8.0,True,False
GHA,Ghana,0.5151533287983788,GHA_M00363,0.5129262199142107,47.17545878652855,Awaso,False,"mining, unclassified",MausV2 (GHA box),-2.434949543733421,5.836313511440143,363,51.29262199140673,0.6677601337432861,0.0201892175249056,1.0,True,False
GHA,Ghana,0.4814964548822386,GHA_M00364,0.4794150709138219,47.3693991677519,Awaso,False,"mining, unclassified",MausV2 (GHA box),-2.446513851783208,5.83633041932766,364,47.94150709138598,,,,True,False
GHA,Ghana,0.9223155408580915,GHA_M00365,0.9183287446966071,48.61312527274782,Awaso,False,"mining, unclassified",MausV2 (GHA box),-2.4548477607705146,5.82888170110999,365,91.83287446965373,0.4318182170391083,0.0269476580880949,1.0,True,False
GHA,Ghana,0.26852071133881444,GHA_M00366,0.2673600892015618,50.392241179415365,Awaso,False,"mining, unclassified",MausV2 (GHA box),-2.468273195677194,5.819199078088415,366,26.736008920173305,,,,True,False
GHA,Ghana,1.180538809925336,GHA_M00367,1.17543786720554,49.7188349464016,Awaso,False,"mining, unclassified",MausV2 (GHA box),-2.4943230204138396,5.830564790622065,367,117.54378672057202,0.6288715600967407,0.0311735045375892,3.0,True,False
GHA,Ghana,0.19167292615974404,GHA_M00368,0.19084490104566806,52.49730284071777,Awaso,False,"mining, unclassified",MausV2 (GHA box),-2.515585256829533,5.82644272404559,368,19.084490104563,,,,False,False
GHA,Ghana,0.39460421397761597,GHA_M00369,0.39289872013516164,51.62727537979808,Awaso,False,"mining, unclassified",MausV2 (GHA box),-2.477934748854491,5.811172621241358,369,39.28987201351565,,,,True,False
GHA,Ghana,0.3111635278281118,GHA_M00370,0.30981890639700127,53.998367301543325,Awaso,False,"mining, unclassified",MausV2 (GHA box),-2.5000897674370566,5.801417741021503,370,30.981890639685513,,,,True,False
GHA,Ghana,0.663371065393645,GHA_M00371,0.660503951846081,53.76723634531408,Awaso,False,"mining, unclassified",MausV2 (GHA box),-2.4878602056887695,5.791010830681453,371,66.05039518459172,0.5999560952186584,0.02608301546511395,2.0,True,False
GHA,Ghana,0.1172763869358897,GHA_M00372,0.1167695401935521,54.044253011869216,Awaso,False,"mining, unclassified",MausV2 (GHA box),-2.4897330928563295,5.7969583569997205,372,11.676954019347768,,,,False,False
GHA,Ghana,0.5056088010074511,GHA_M00373,0.5034235520865675,54.99927807905448,Awaso,False,"mining, unclassified",MausV2 (GHA box),-2.491664913308389,5.785068963355222,373,50.342355208640065,,,,True,False
GHA,Ghana,0.6395980293219953,GHA_M00374,0.6368321234463711,52.52458189099504,Bogoso-Prestea,False,"mining, unclassified",MausV2 (GHA box),-2.435463865787794,5.780269629646121,374,63.68321234463497,0.5555555820465088,0.0215349621497026,1.0,True,False
GHA,Ghana,1.8610488103547342,GHA_M00375,1.8530020958720204,53.466131081337,Bogoso-Prestea,False,"mining, unclassified",MausV2 (GHA box),-2.459073878966747,5.76675855588641,375,185.30020958718575,0.625248521566391,0.03107766788571095,4.0,True,False
GHA,Ghana,1.1766820199059418,GHA_M00376,1.1715950704045528,55.60074038971207,Bogoso-Prestea,False,"mining, unclassified",MausV2 (GHA box),-2.477552072982149,5.757567958450265,376,117.15950704044361,0.5404613018035889,0.026299851476716853,4.0,True,False
GHA,Ghana,0.637390264670735,GHA_M00377,0.6346343725928683,54.41322535041363,Bogoso-Prestea,False,"mining, unclassified",MausV2 (GHA box),-2.4665972571522925,5.75117473822964,377,63.46343725927295,,,,True,False
GHA,Ghana,0.24360659800508772,GHA_M00378,0.24255323615981045,53.83177266761322,Bogoso-Prestea,False,"mining, unclassified",MausV2 (GHA box),-2.460407170726336,5.747402396326213,378,24.25532361596557,,,,True,False
GHA,Ghana,0.20122667034970432,GHA_M00379,0.20035669060366018,54.114492018956085,Awaso,False,"mining, unclassified",MausV2 (GHA box),-2.461358199751393,5.781306144743339,379,20.03566906038676,,,,True,False
GHA,Ghana,2.105436468192843,GHA_M00380,2.096337285134882,57.26056757170597,Awaso,False,"mining, unclassified",MausV2 (GHA box),-2.505770771639833,5.76434844152471,380,209.63372851347714,0.6018048524856567,0.02485196617116615,6.0,True,False
GHA,Ghana,0.9397824591859586,GHA_M00381,0.935721416612023,58.89402265108201,Awaso,False,"mining, unclassified",MausV2 (GHA box),-2.518980239448319,5.757840792341696,381,93.57214166119884,0.7028799653053284,0.0315965762586675,1.0,True,False
GHA,Ghana,0.4735454359824257,GHA_M00382,0.47149945672620563,61.30710927483864,Bogoso-Prestea,False,"mining, unclassified",MausV2 (GHA box),-2.5498789377429976,5.700777719523256,382,47.149945672619594,,,,True,False
GHA,Ghana,0.05594542998839835,GHA_M00383,0.05570372251049869,61.93350012108985,Bogoso-Prestea,False,"mining, unclassified",MausV2 (GHA box),-2.557335772862951,5.667899501697809,383,5.570372251054895,,,,False,False
GHA,Ghana,0.33856190016835785,GHA_M00384,0.3370994366356649,63.28635301035514,Bogoso-Prestea,False,"mining, unclassified",MausV2 (GHA box),-2.5726021677460627,5.674183057402293,384,33.709943663571195,,,,True,False
GHA,Ghana,0.0653944981720222,GHA_M00385,0.06511202351767441,63.87149507456724,Bogoso-Prestea,False,"mining, unclassified",MausV2 (GHA box),-2.5733861143741947,5.679115889247689,385,6.51120235178283,,,,False,False
GHA,Ghana,0.13387966700413606,GHA_M00386,0.13330131266086648,63.01668755121553,Bogoso-Prestea,False,"mining, unclassified",MausV2 (GHA box),-2.565572572418718,5.680240174819527,386,13.330131266096249,0.4719998240470886,0.0379702328277203,1.0,False,False
GHA,Ghana,0.14400497392290143,GHA_M00387,0.14338285495892084,62.74954617381709,Bogoso-Prestea,False,"mining, unclassified",MausV2 (GHA box),-2.558021003368943,5.702735216324088,387,14.3382854958925,,,,False,False
GHA,Ghana,0.179313109266865,GHA_M00388,0.17853850195210946,62.95631766265464,Bogoso-Prestea,False,"mining, unclassified",MausV2 (GHA box),-2.561513844300384,5.709946735692655,388,17.853850195212097,,,,False,False
GHA,Ghana,0.13757818872972155,GHA_M00389,0.13698387889845617,61.21902041703982,Awaso,False,"mining, unclassified",MausV2 (GHA box),-2.549574373232491,5.756191624094433,389,13.698387889846726,,,,False,False
GHA,Ghana,0.047503617045224815,GHA_M00390,0.047298403729650156,60.70185202250258,Awaso,False,"mining, unclassified",MausV2 (GHA box),-2.545605629532099,5.758797758608566,390,4.729840372967891,,,,False,False
GHA,Ghana,0.5154447663542401,GHA_M00391,0.5132183037021122,58.6669022813781,Awaso,False,"mining, unclassified",MausV2 (GHA box),-2.547840477014563,5.776982635911863,391,51.32183037019992,,,,True,False
GHA,Ghana,0.2163210063391034,GHA_M00392,0.21538659862035983,57.27204441210964,Awaso,False,"mining, unclassified",MausV2 (GHA box),-2.54185268493961,5.7904704085170975,392,21.538659862037875,,,,True,False
GHA,Ghana,0.4706059515753595,GHA_M00393,0.46857296954741257,56.67774706206192,Awaso,False,"mining, unclassified",MausV2 (GHA box),-2.534393510769773,5.789703722926166,393,46.857296954750815,-0.0195684842765331,0.04851385620559,1.0,True,False
GHA,Ghana,0.09586719516549136,GHA_M00394,0.09545300913029856,56.41125625476807,Awaso,False,"mining, unclassified",MausV2 (GHA box),-2.5239529635256495,5.7904033148425125,394,9.545300913033453,,,,False,False
GHA,Ghana,1.0568409722885719,GHA_M00395,1.0522746704317107,56.70567573040684,Awaso,False,"mining, unclassified",MausV2 (GHA box),-2.5213590289202408,5.782057099727433,395,105.22746704316928,0.2458707094192505,0.0411034071890111,1.0,True,False
GHA,Ghana,2.6271232357605534,GHA_M00396,2.615780000468232,57.45923232955672,Awaso,False,"mining, unclassified",MausV2 (GHA box),-2.5727870407041906,5.800868230038487,396,261.5780000468445,0.6629344522953033,0.0290326376828644,10.0,True,False
GHA,Ghana,1.5772761697125752,GHA_M00397,1.5704661256608332,62.16133060103092,Awaso,False,"mining, unclassified",MausV2 (GHA box),-2.5894487364902483,5.762677671399961,397,157.04661256606545,0.1651982367038726,0.0518902567942518,1.0,True,False
GHA,Ghana,0.29754301902235525,GHA_M00398,0.2962586740127251,63.79059107248554,Awaso,False,"mining, unclassified",MausV2 (GHA box),-2.6090387436395495,5.763656260479377,398,29.62586740126824,0.6587773561477661,0.0275803911441361,1.0,True,False
GHA,Ghana,0.38516669086459326,GHA_M00399,0.3835038307243176,65.47387892013748,Awaso,False,"mining, unclassified",MausV2 (GHA box),-2.6024180988923615,5.740730603363496,399,38.350383072433026,,,,True,False
GHA,Ghana,0.20818914268125688,GHA_M00400,0.20729024048216957,65.90862729535311,Awaso,False,"mining, unclassified",MausV2 (GHA box),-2.595783776502015,5.733641629698716,400,20.72902404822817,0.4888595342636108,0.0235201646798105,1.0,True,False
GHA,Ghana,0.23751959397997235,GHA_M00401,0.23649400527818495,65.03335303457827,Awaso,False,"mining, unclassified",MausV2 (GHA box),-2.5902666570158126,5.740213842378825,401,23.6494005278236,,,,True,False
GHA,Ghana,1.0230766241890579,GHA_M00402,1.0186558150502498,59.656199888024894,Bogoso-Prestea,False,"mining, unclassified",MausV2 (GHA box),-2.55008780871832,5.596779590347803,402,101.86558150501583,,,,True,False
GHA,Ghana,0.24118500115598654,GHA_M00403,0.2401431218890405,61.812847680316516,Bogoso-Prestea,False,"mining, unclassified",MausV2 (GHA box),-2.5702407048093323,5.536472666401607,403,24.01431218890916,0.4096248745918274,0.0394833582064879,1.0,True,False
GHA,Ghana,0.10219390838566494,GHA_M00404,0.10175242953736266,61.890150214529235,Bogoso-Prestea,False,"mining, unclassified",MausV2 (GHA box),-2.565630975200918,5.529633011169383,404,10.175242953740606,,,,False,False
GHA,Ghana,0.12124901744133533,GHA_M00405,0.12072525297216316,62.75276738574218,Bogoso-Prestea,False,"mining, unclassified",MausV2 (GHA box),-2.574547601584029,5.5612505032964865,405,12.072525297211671,,,,False,False
GHA,Ghana,0.4393467681724779,GHA_M00406,0.43744935373602123,64.54469722436157,Bogoso-Prestea,False,"mining, unclassified",MausV2 (GHA box),-2.591965318338352,5.541955442902862,406,43.74493537360444,0.3006300926208496,0.0524427968870486,1.0,True,False
GHA,Ghana,0.5170615036906611,GHA_M00407,0.5148286625796489,65.27403108548224,Bogoso-Prestea,False,"mining, unclassified",MausV2 (GHA box),-2.5976045390880236,5.531044592297344,407,51.48286625798801,0.3674007654190063,0.037416164288544,1.0,True,False
GHA,Ghana,0.20690710271285032,GHA_M00408,0.20601367523863193,66.07585254405534,Bogoso-Prestea,False,"mining, unclassified",MausV2 (GHA box),-2.6022375751746454,5.5237330350017295,408,20.60136752385321,,,,True,False
GHA,Ghana,0.24034730314684485,GHA_M00409,0.23930944287202152,65.56479785041826,Bogoso-Prestea,False,"mining, unclassified",MausV2 (GHA box),-2.5978508651451317,5.514869731939207,409,23.930944287212704,0.553629457950592,0.0203859473259887,1.0,True,False
GHA,Ghana,0.09272756611146867,GHA_M00410,0.09232696765356693,62.06514487847512,Bogoso-Prestea,False,"mining, unclassified",MausV2 (GHA box),-2.5679007232520012,5.58866147300122,410,9.232696765349068,,,,False,False
GHA,Ghana,0.04238699975094332,GHA_M00411,0.04220387382020109,61.73335736018499,Bogoso-Prestea,False,"mining, unclassified",MausV2 (GHA box),-2.564443972132876,5.581761632665281,411,4.2203873820205615,,,,False,False
GHA,Ghana,0.5449363710930709,GHA_M00412,0.5425822433603352,61.78273665107744,Bogoso-Prestea,False,"mining, unclassified",MausV2 (GHA box),-2.568611895705371,5.644899021710146,412,54.25822433599522,,,,True,False
GHA,Ghana,0.03726618792279552,GHA_M00413,0.03710544232349795,69.19286806177654,Awaso,False,"mining, unclassified",MausV2 (GHA box),-2.6647719439571134,5.749503924072555,413,3.710544232350622,,,,False,False
GHA,Ghana,0.022804738181807806,GHA_M00414,0.022706367781687668,69.34171028419146,Awaso,False,"mining, unclassified",MausV2 (GHA box),-2.662915394863423,5.746721966631227,414,2.270636778169401,,,,False,False
GHA,Ghana,0.050231024695451154,GHA_M00415,0.0500143293335293,68.42713369144019,Awaso,False,"mining, unclassified",MausV2 (GHA box),-2.6558797978936286,5.751342790157961,415,5.001432933356977,,,,False,False
GHA,Ghana,0.2617682348020901,GHA_M00416,0.26063963362118636,69.66486711976907,Chirano,False,"mining, unclassified",MausV2 (GHA box),-2.6944858448745257,5.756087036415841,416,26.063963362143298,,,,True,False
GHA,Ghana,0.32677766615227977,GHA_M00417,0.3253691081695607,69.49458254216512,Chirano,False,"mining, unclassified",MausV2 (GHA box),-2.707097943374248,5.766158081906724,417,32.53691081695628,,,,True,False
GHA,Ghana,0.05358153177250119,GHA_M00418,0.05335055481479102,69.00646136842815,Chirano,False,"mining, unclassified",MausV2 (GHA box),-2.700764225596923,5.771981454488125,418,5.335055481480476,,,,False,False
GHA,Ghana,0.1811972667238083,GHA_M00419,0.1804158043249771,72.89727247052836,Awaso,False,"mining, unclassified",MausV2 (GHA box),-2.6825260308441052,5.718603858113776,419,18.041580432508503,,,,False,False
GHA,Ghana,2.495638771120449,GHA_M00420,2.4848816024101423,71.65230391393163,Chirano,False,"mining, unclassified",MausV2 (GHA box),-2.7172301468965827,5.726982404214895,420,248.48816024107063,0.3238269984722137,0.0195460395581903,3.0,True,False
GHA,Ghana,0.15123732122459901,GHA_M00421,0.15058552203673434,73.45235129745124,Chirano,False,"mining, unclassified",MausV2 (GHA box),-2.724007561176042,5.737558208977865,421,15.058552203661735,,,,False,False
GHA,Ghana,0.2218332523943514,GHA_M00422,0.22087732515633438,74.80199933934237,Chirano,False,"mining, unclassified",MausV2 (GHA box),-2.733662144248362,5.729293582709044,422,22.087732515630993,,,,True,False
GHA,Ghana,0.03073087527821221,GHA_M00423,0.030598430956537605,74.60877832071102,Chirano,False,"mining, unclassified",MausV2 (GHA box),-2.725449218567658,5.728216655711622,423,3.0598430956484335,,,,False,False
GHA,Ghana,0.29307453953418755,GHA_M00424,0.291811643324871,76.00517836864125,Chirano,False,"mining, unclassified",MausV2 (GHA box),-2.737827111781813,5.71621599651905,424,29.181164332492475,0.5294589400291443,0.0197887709247771,1.0,True,False
GHA,Ghana,0.49256433631355956,GHA_M00425,0.4904421530295653,78.49499349117708,Chirano,False,"mining, unclassified",MausV2 (GHA box),-2.7504513264922834,5.699294491095623,425,49.0442153029224,,,,True,False
GHA,Ghana,0.25412840875642134,GHA_M00426,0.253033141816653,78.15345796398087,Chirano,False,"mining, unclassified",MausV2 (GHA box),-2.7307626741701303,5.691741713816793,426,25.30331418165919,0.416366696357727,0.0165481134186459,1.0,True,False
GHA,Ghana,0.3415641111642481,GHA_M00427,0.3400910830622623,75.95132652504013,Awaso,False,"mining, unclassified",MausV2 (GHA box),-2.6905754580783174,5.68785710424702,427,34.0091083062159,,,,True,False
GHA,Ghana,0.05132375923155389,GHA_M00428,0.05110236997504514,75.19973261351102,Bogoso-Prestea,False,"mining, unclassified",MausV2 (GHA box),-2.6755702408968642,5.686688025602649,428,5.110236997517455,,,,False,False
GHA,Ghana,0.4940732188463735,GHA_M00429,0.4919439966850137,80.19476839741596,Chirano,False,"mining, unclassified",MausV2 (GHA box),-2.7390003992477006,5.6696612739566685,429,49.194399668494015,0.5689398050308228,0.020189474887259,1.0,True,False
GHA,Ghana,0.1946776077982126,GHA_M00430,0.19383845244687173,80.07425168965341,Bogoso-Prestea,False,"mining, unclassified",MausV2 (GHA box),-2.7261995626759083,5.6530898675141446,430,19.383845244689983,,,,False,False
GHA,Ghana,0.13863632381576782,GHA_M00431,0.13803863860448015,78.80241973600131,Bogoso-Prestea,False,"mining, unclassified",MausV2 (GHA box),-2.71736056845349,5.636387860279725,431,13.803863860447018,,,,False,False
GHA,Ghana,1.367412700418203,GHA_M00432,1.3615238766606286,84.96962491885166,Chirano,False,"mining, unclassified",MausV2 (GHA box),-2.7829213811679177,5.6400253457769365,432,136.1523876660695,0.3471803665161133,0.03913903952863035,2.0,True,False
GHA,Ghana,0.09767041901965198,GHA_M00433,0.09724986783052791,87.26328200886563,Bogoso-Prestea,False,"mining, unclassified",MausV2 (GHA box),-2.7927566561243404,5.630309737745348,433,9.724986783053712,,,,False,False
GHA,Ghana,0.2802899420565329,GHA_M00434,0.27908320951786675,86.83974161405895,Chirano,False,"mining, unclassified",MausV2 (GHA box),-2.799618920618145,5.641734659565079,434,27.90832095179754,,,,True,False
GHA,Ghana,0.5176804381791862,GHA_M00435,0.5154517285360851,84.53045324222299,Chirano,False,"mining, unclassified",MausV2 (GHA box),-2.7998484628116183,5.659333765904032,435,51.54517285362904,,,,True,False
GHA,Ghana,2.116090262973211,GHA_M00436,2.106977148608597,79.73234337040758,Chirano,False,"mining, unclassified",MausV2 (GHA box),-2.7788229965883215,5.680781366847449,436,210.697714860811,0.5398714989423752,0.0213861566425103,4.0,True,False
GHA,Ghana,1.6213864103939932,GHA_M00437,1.6144048122914434,81.87788475564263,Chirano,False,"mining, unclassified",MausV2 (GHA box),-2.787840297880742,5.6774575809294685,437,161.44048122913136,0.5736366510391235,0.0179544451043555,1.0,True,False
GHA,Ghana,0.09573005372837426,GHA_M00438,0.09531803093148741,84.05645896628545,Chirano,False,"mining, unclassified",MausV2 (GHA box),-2.813174462357695,5.680779740184649,438,9.531803093151272,,,,False,False
GHA,Ghana,0.24824579743942168,GHA_M00439,0.24717732939117995,82.78225455171552,Chirano,False,"mining, unclassified",MausV2 (GHA box),-2.8109644603861783,5.69159894748864,439,24.71773293913381,,,,True,False
GHA,Ghana,0.0504241150233745,GHA_M00440,0.050207038106855534,88.31693471374766,Chirano,False,"mining, unclassified",MausV2 (GHA box),-2.8038349202688213,5.629011781552897,440,5.0207038106822415,,,,False,False
GHA,Ghana,0.19722581393318092,GHA_M00441,0.19637614912015786,83.80380584735913,Bogoso-Prestea,False,"mining, unclassified",MausV2 (GHA box),-2.763045790943004,5.610989774535231,441,19.637614912023846,,,,False,False
GHA,Ghana,0.13020011218675281,GHA_M00442,0.12963922943487707,84.00610738337257,Bogoso-Prestea,False,"mining, unclassified",MausV2 (GHA box),-2.7661395310216226,5.602549031851089,442,12.963922943471903,,,,False,False
GHA,Ghana,0.09974682360103598,GHA_M00443,0.0993181604219171,73.51880534476001,Chirano,False,"mining, unclassified",MausV2 (GHA box),-2.8581030880469225,5.843784856622317,443,9.931816042187135,0.6562795042991638,0.0443530978807664,1.0,False,False
GHA,Ghana,0.2300814713087653,GHA_M00444,0.22909263016454806,72.84940297624921,Chirano,False,"mining, unclassified",MausV2 (GHA box),-2.854191532518846,5.847248120765164,444,22.909263016456688,0.3451184630393982,0.0157277364389514,1.0,True,False
GHA,Ghana,6.976479490120083,GHA_M00445,6.946729343431061,55.941606068484084,Chirano,False,"mining, unclassified",MausV2 (GHA box),-2.900149659838165,6.379885808927309,445,694.6729343432092,0.5490533709526062,0.0255046287464971,11.0,True,False
GHA,Ghana,0.6117645360999303,GHA_M00446,0.6091613842842449,60.965958816566356,Chirano,False,"mining, unclassified",MausV2 (GHA box),-2.9233288917510394,6.461103756659942,446,60.91613842841301,,,,True,False
GHA,Ghana,0.28778626367328813,GHA_M00447,0.28655794568500903,65.28374553921957,Chirano,False,"mining, unclassified",MausV2 (GHA box),-2.974899090476084,6.244265553930187,447,28.655794568518306,,,,True,False
GHA,Ghana,0.4967165442654507,GHA_M00448,0.494596306569021,64.6078767083201,Chirano,False,"mining, unclassified",MausV2 (GHA box),-2.96911832818052,6.2469001264137445,448,49.45963065693187,0.5179775357246399,0.0148351872330257,1.0,True,False
GHA,Ghana,0.8002875948635673,GHA_M00449,0.7968698927188343,66.98309246165063,Chirano,False,"mining, unclassified",MausV2 (GHA box),-2.986967940182625,6.190928579126326,449,79.68698927185649,0.49976256489753723,0.01764129351960175,2.0,True,False
GHA,Ghana,0.09286112264947681,GHA_M00450,0.09246446564723391,67.26645892463951,Chirano,False,"mining, unclassified",MausV2 (GHA box),-2.980013852640843,6.186237850104314,450,9.246446564740229,,,,False,False
GHA,Ghana,0.1238386188037213,GHA_M00451,0.12330958280478165,66.69451247067683,Chirano,False,"mining, unclassified",MausV2 (GHA box),-2.9759561336376765,6.184471686162737,451,12.330958280462534,,,,False,False
GHA,Ghana,0.0667730422751658,GHA_M00452,0.06648796009532063,69.25902336140126,Chirano,False,"mining, unclassified",MausV2 (GHA box),-2.999185339858897,6.191087947172562,452,6.648796009547134,,,,False,False
GHA,Ghana,0.06844439844518438,GHA_M00453,0.06815213172540152,67.66306934134631,Chirano,False,"mining, unclassified",MausV2 (GHA box),-2.9858475971519165,6.199702333463271,453,6.815213172531629,,,,False,False
GHA,Ghana,0.04553290252548523,GHA_M00454,0.045338480697483315,68.2877885190959,Chirano,False,"mining, unclassified",MausV2 (GHA box),-2.9908445959718875,6.195851746467713,454,4.533848069760628,,,,False,False
GHA,Ghana,0.23794704899431426,GHA_M00455,0.23693154250930215,70.22682406888613,Chirano,False,"mining, unclassified",MausV2 (GHA box),-3.0121392245271172,6.196900161331961,455,23.69315425093292,,,,True,False
GHA,Ghana,0.172258573257316,GHA_M00456,0.1715235479883153,70.44812810301642,Chirano,False,"mining, unclassified",MausV2 (GHA box),-3.012845543859614,6.207661760383209,456,17.152354798874764,,,,False,False
GHA,Ghana,0.1679515267547956,GHA_M00457,0.16723492232390308,71.33416043946357,Chirano,False,"mining, unclassified",MausV2 (GHA box),-3.020181668533501,6.201214986822198,457,16.723492232383233,0.445046991109848,0.0174567131949606,1.0,False,False
GHA,Ghana,0.0652562709082583,GHA_M00458,0.0649777399941791,69.55187462671871,Chirano,False,"mining, unclassified",MausV2 (GHA box),-3.003932677991483,6.201732338228676,458,6.497773999417664,,,,False,False
GHA,Ghana,0.5265525538987762,GHA_M00459,0.5243050543359977,68.20390671271498,Chirano,False,"mining, unclassified",MausV2 (GHA box),-2.9981661705833695,6.209128360444702,459,52.43050543360674,,,,True,False
GHA,Ghana,0.33581509400518866,GHA_M00460,0.3343823019568664,69.54799471402045,Chirano,False,"mining, unclassified",MausV2 (GHA box),-3.011178760390509,6.216535003491897,460,33.43823019569157,,,,True,False
GHA,Ghana,0.1691421618806178,GHA_M00461,0.16842040353011783,71.31307791092506,Chirano,False,"mining, unclassified",MausV2 (GHA box),-3.0197518462170514,6.1951469328895215,461,16.842040352992118,0.5737470388412476,0.0249583014062239,1.0,False,False
GHA,Ghana,2.0367023759534097,GHA_M00462,2.0280105530319146,70.83225817385441,Chirano,False,"mining, unclassified",MausV2 (GHA box),-3.0219282180353173,6.1850950280883294,462,202.80105530317692,0.5229806900024414,0.0222937993164184,1.0,True,False
GHA,Ghana,0.5580019286543609,GHA_M00463,0.5556219092115039,74.93112801330787,Chirano,False,"mining, unclassified",MausV2 (GHA box),-3.0506608744206947,6.17721829039504,463,55.562190921132384,0.575861930847168,0.0229032247253289,1.0,True,False
GHA,Ghana,0.3778161835155526,GHA_M00464,0.3762027612318915,69.23951890560093,Chirano,False,"mining, unclassified",MausV2 (GHA box),-2.99939782050923,6.17541368141082,464,37.620276123206835,0.4730153977870941,0.0195974573323012,1.0,True,False
GHA,Ghana,0.21649145246442134,GHA_M00465,0.21556690674048323,69.93752494587709,Chirano,False,"mining, unclassified",MausV2 (GHA box),-3.0023923997140383,6.167788219782926,465,21.5566906740562,,,,True,False
GHA,Ghana,0.23483310008782268,GHA_M00466,0.23383012580213697,70.25309324668035,Chirano,False,"mining, unclassified",MausV2 (GHA box),-3.002543556776094,6.160452897402576,466,23.383012580210877,,,,True,False
GHA,Ghana,0.14119764225378992,GHA_M00467,0.14059420287382562,66.44865252713875,Chirano,False,"mining, unclassified",MausV2 (GHA box),-2.968997357070087,6.167533164878994,467,14.059420287387702,,,,False,False
GHA,Ghana,2.29075219980325,GHA_M00468,2.280841875177221,6.32651254591514,Nsuta,False,"mining, unclassified",MausV2 (GHA box),-1.9162845886982047,5.252363282413892,468,228.0841875177099,0.5297761559486389,0.0251942029670149,7.0,True,False
GHA,Ghana,7.377007005186963,GHA_M00469,7.345083230609147,0.44342037812294927,Nsuta,True,industrial,MausV2 (GHA box),-1.9657618967865669,5.270805258913407,469,734.5083230609137,0.0603674501180648,0.0274264847674433,25.0,True,True
GHA,Ghana,59.103862320640864,GHA_M00470,58.84816691645074,15.357150179499005,Tarkwa,False,"mining, unclassified",MausV2 (GHA box),-2.205811688985472,5.262455289961836,470,5884.8166916451255,0.5520481169223785,0.0345910927641528,106.0,True,False
GHA,Ghana,61.82305042076139,GHA_M00471,61.555392666350805,0.0,Tarkwa,True,industrial,MausV2 (GHA box),-2.033554502009588,5.322449637918356,471,6155.539266635146,0.27159583568573,0.0326574760793917,255.0,True,True
GHA,Ghana,3.6338058387060124,GHA_M00472,3.618070782441834,14.435045586520195,Tarkwa,False,"mining, unclassified",MausV2 (GHA box),-2.1504122866241393,5.364063992856966,472,361.80707824415515,0.5067784190177917,0.037188148980225155,8.0,True,False
GHA,Ghana,14.733928284178342,GHA_M00473,14.670122626808984,17.55798221025939,Tarkwa,False,"mining, unclassified",MausV2 (GHA box),-2.1790764556641817,5.3940313714917165,473,1467.0122626809004,0.3241021931171417,0.0325011926122457,22.0,True,False
GHA,Ghana,1.919944515280674,GHA_M00474,1.9116258908368884,11.826456966775195,Bogoso-Prestea,False,"mining, unclassified",MausV2 (GHA box),-2.0786937694297594,5.470526074793399,474,191.1625890836864,0.6109316945075989,0.0374044213692896,1.0,True,False
GHA,Ghana,17.896379830025445,GHA_M00475,17.818868115162665,0.0,Damang,True,industrial,MausV2 (GHA box),-1.8492185535930272,5.505080191880146,475,1781.8868115162174,0.2112769931554794,0.032680324898507196,48.0,True,True
GHA,Ghana,4.786346084244855,GHA_M00476,4.765674572981997,14.453387474604206,Nzema (Teleku Bokazo),False,"mining, unclassified",MausV2 (GHA box),-2.2383022759896765,5.109993646826536,476,476.56745729818726,0.2761322855949402,0.0320379208670979,11.0,True,False
GHA,Ghana,7.299096828863541,GHA_M00477,7.267515929069857,6.818393647887593,Nsuta,False,"mining, unclassified",MausV2 (GHA box),-2.0577338066754183,5.240088710588643,477,726.7515929069706,0.5581808686256409,0.0281361351189985,13.0,True,False
GHA,Ghana,37.462505092562935,GHA_M00478,37.300334317815455,6.7923050814632635,Edikan (Ayanfuri),False,"mining, unclassified",MausV2 (GHA box),-1.9055355123205509,5.858739130896954,478,3730.0334317815746,0.6101062893867493,0.0280173577010663,65.0,True,False
GHA,Ghana,13.844990845660739,GHA_M00479,13.785258679921396,2.1334503199208803,Obuasi,True,industrial,MausV2 (GHA box),-1.6953767799755195,6.089018483764043,479,1378.5258679922254,0.5506662726402283,0.0339340808962233,39.0,False,True
GHA,Ghana,82.24684725377624,GHA_M00480,81.89223347879017,7.306578252632149,Obuasi,False,"mining, unclassified",MausV2 (GHA box),-1.775730204100823,6.177492777189203,480,8189.223347879039,0.6143363118171692,0.0224558693816359,119.0,True,False
GHA,Ghana,8.142854281114682,GHA_M00481,8.107680578052587,1.1946162883494797,Kubi,True,industrial,MausV2 (GHA box),-1.7508062462166845,6.020426102152517,481,810.7680578053687,0.4687347710132599,0.0349676762495405,21.0,True,True
GHA,Ghana,0.32702874614555955,GHA_M00482,0.32562318325913475,7.3556071380540615,Asanko (Manso Nkwanta),False,"mining, unclassified",MausV2 (GHA box),-1.8937305110716953,6.397625247056975,482,32.56231832591987,,,,True,False
GHA,Ghana,1.301309831911483,GHA_M00483,1.2957156080246328,9.425790269479155,Asanko (Manso Nkwanta),False,"mining, unclassified",MausV2 (GHA box),-1.9458522808767216,6.394900181324137,483,129.5715608024634,0.6505900621414185,0.0207461981678372,3.0,True,False
GHA,Ghana,0.42552005296919565,GHA_M00484,0.423691209864941,7.033691009927486,Asanko (Manso Nkwanta),False,"mining, unclassified",MausV2 (GHA box),-1.9066282112051962,6.400740376511263,484,42.369120986457936,,,,True,False
GHA,Ghana,1.6972887045068903,GHA_M00485,1.6899958731778941,5.350290592639826,Asanko (Manso Nkwanta),False,"mining, unclassified",MausV2 (GHA box),-1.9179115524514467,6.415707251910627,485,168.99958731778386,0.4442435204982757,0.0199471774291926,5.0,True,False
GHA,Ghana,109.096178915923,GHA_M00486,108.6277927095674,7.3582971510196815,Asanko (Manso Nkwanta),False,"mining, unclassified",MausV2 (GHA box),-2.0010441368034164,6.457385191535334,486,10862.77927095668,0.3649240732192993,0.0294139673151539,209.0,True,False
GHA,Ghana,3.4960528984083035,GHA_M00487,3.4810219701611413,8.256220278982811,Asanko (Manso Nkwanta),False,"mining, unclassified",MausV2 (GHA box),-1.894111800955183,6.3806475060454115,487,348.10219701611015,0.3250594139099121,0.0451151409507987,5.0,True,False
GHA,Ghana,303.35025834700605,GHA_M00488,302.0406012255573,0.3516258595514851,Edikan (Ayanfuri),True,industrial,MausV2 (GHA box),-1.9680907981734268,6.124181531018148,488,30204.060122555362,0.509607195854187,0.0273080298394455,1061.0,False,True
GHA,Ghana,94.85410254286286,GHA_M00489,94.44530861592965,12.758537651290563,Asanko (Manso Nkwanta),False,"mining, unclassified",MausV2 (GHA box),-1.901120972205944,6.246406842252904,489,9444.530861592953,0.6277974247932434,0.02541888212299,171.0,True,False
GHA,Ghana,3.0575802300391626,GHA_M00490,3.04445438852001,0.7378791993565705,Asanko (Manso Nkwanta),True,industrial,MausV2 (GHA box),-1.8691343094531072,6.44978103650263,490,304.4454388520223,0.2175587117671966,0.0264138492171441,15.0,True,True
GHA,Ghana,42.496597403993064,GHA_M00491,42.31405091757959,2.114873089580538,Asanko (Manso Nkwanta),True,industrial,MausV2 (GHA box),-1.831346268658873,6.410154279223463,491,4231.405091757922,0.3774038553237915,0.0299661485906174,129.0,True,True
GHA,Ghana,4.135948043300181,GHA_M00492,4.118188979768611,5.774291360560038,Asanko (Manso Nkwanta),False,"mining, unclassified",MausV2 (GHA box),-1.9583155610403318,6.452982551587673,492,411.81889797688655,0.4595880061388016,0.028679786336996152,6.0,True,False
GHA,Ghana,2.984923643324457,GHA_M00493,2.9721231728148725,5.607434704219033,Asanko (Manso Nkwanta),False,"mining, unclassified",MausV2 (GHA box),-1.8300514768860616,6.489538715354192,493,297.21231728145324,0.3451181501150131,0.018623518814489003,8.0,True,False
GHA,Ghana,2.4388945544751177,GHA_M00494,2.4284406811114176,7.834003337904171,Asanko (Manso Nkwanta),False,"mining, unclassified",MausV2 (GHA box),-1.8220139834877853,6.5086679735574,494,242.84406811113135,0.5541987270116806,0.0190570032674476,2.0,True,False
GHA,Ghana,1.8657432092635577,GHA_M00495,1.8577387972371102,3.373729862733477,Asanko (Manso Nkwanta),True,industrial,MausV2 (GHA box),-1.844065960140789,6.473587847893193,495,185.77387972371966,0.2435628324747085,0.026520292826588,9.0,True,True
GHA,Ghana,0.2692974658543183,GHA_M00496,0.26814209415766477,2.8384748217927185,Asanko (Manso Nkwanta),True,industrial,MausV2 (GHA box),-1.8554821688775947,6.474415208799736,496,26.81420941575957,,,,True,True
GHA,Ghana,3.0848580066967224,GHA_M00497,3.071639689713389,9.120753976459069,Asanko (Manso Nkwanta),False,"mining, unclassified",MausV2 (GHA box),-1.8123115692478053,6.520919160296695,497,307.1639689713527,0.41627743840217585,0.0209711668927955,6.0,True,False
GHA,Ghana,11.002427241473232,GHA_M00498,10.955325425340467,10.911254646493475,Asanko (Manso Nkwanta),False,"mining, unclassified",MausV2 (GHA box),-1.8025843998501652,6.5561967722283905,498,1095.5325425340156,0.493261456489563,0.0259960946836982,21.0,True,False
GHA,Ghana,3.339156717948213,GHA_M00499,3.3248114700511255,4.277443348230584,Asanko (Manso Nkwanta),True,industrial,MausV2 (GHA box),-1.8952743389943072,6.420575585695183,499,332.4811470051282,0.617495059967041,0.0245093933997164,6.0,True,True
GHA,Ghana,3.8114541594129103,GHA_M00500,3.795138118778107,36.0245139582815,Obuasi,False,"mining, unclassified",MausV2 (GHA box),-1.4678428319882884,6.413287754495445,500,379.5138118777913,0.4523533880710602,0.0248579011275946,6.0,True,False
GHA,Ghana,4.99713425445648,GHA_M00501,4.9756576674554065,13.539196503080984,Asanko (Manso Nkwanta),False,"mining, unclassified",MausV2 (GHA box),-1.7818003076979032,6.371627571838459,501,497.5657667455351,0.5982786417007446,0.02660653005729815,8.0,True,False
GHA,Ghana,0.7916128498905104,GHA_M00502,0.7881918162346583,15.527866907019487,Edikan (Ayanfuri),False,"mining, unclassified",MausV2 (GHA box),-1.9997594623723856,6.06977162323839,502,78.81918162343617,0.5757045149803162,0.02273116866237305,2.0,True,False
GHA,Ghana,1.23832465091367,GHA_M00503,1.2329759697468705,7.101678685632751,Kubi,False,"mining, unclassified",MausV2 (GHA box),-1.790960315487409,6.051034115997413,503,123.29759697470874,0.6892032623291016,0.0224783842944216,3.0,True,False
GHA,Ghana,9.284841592333327,GHA_M00504,9.244733705048107,4.399514001326513,Kubi,True,industrial,MausV2 (GHA box),-1.7012642077421833,5.979607882318177,504,924.4733705050269,0.4763274788856506,0.0300282821744572,29.0,True,True
GHA,Ghana,5.818098316440996,GHA_M00505,5.792938221515369,9.12675529846418,Nsuta,False,"mining, unclassified",MausV2 (GHA box),-1.8971583935710397,5.214925650115779,505,579.2938221515487,0.5131741762161255,0.0362350443240738,9.0,True,False
GHA,Ghana,1.959510031925418,GHA_M00506,1.9510388595502077,13.461492621300422,Nsuta,False,"mining, unclassified",MausV2 (GHA box),-1.8657590522825864,5.195589938945378,506,195.10388595503068,0.6064644157886505,0.0341694069748894,4.0,True,False
GHA,Ghana,0.6437669504066358,GHA_M00507,0.6409862213043848,63.71827162194788,Bogoso-Prestea,False,"mining, unclassified",MausV2 (GHA box),-2.577460949400292,5.662932297297887,507,64.0986221304374,0.4686792492866516,0.036033921992975,1.0,True,False
GHA,Ghana,0.9238851111360374,GHA_M00508,0.9198938803851179,62.186968096451515,Bogoso-Prestea,False,"mining, unclassified",MausV2 (GHA box),-2.565999031308804,5.664676967462147,508,91.98938803849688,0.3111766502261162,0.02986753744014755,2.0,True,False
GHA,Ghana,0.45505520482766165,GHA_M00509,0.45308950819185645,63.04297942840604,Bogoso-Prestea,False,"mining, unclassified",MausV2 (GHA box),-2.5694345047530054,5.686892519570937,509,45.30895081918264,,,,True,False
GHA,Ghana,0.33807230876345234,GHA_M00510,0.3366357042922104,43.41972266942055,Asanko (Manso Nkwanta),False,"mining, unclassified",MausV2 (GHA box),-1.649766318507847,6.786102220217827,510,33.66357042921387,,,,True,False
GHA,Ghana,0.1768507855095985,GHA_M00511,0.17609933381938195,43.520177982751996,Asanko (Manso Nkwanta),False,"mining, unclassified",MausV2 (GHA box),-1.6558187692097168,6.790593347611552,511,17.609933381936603,,,,False,False
GHA,Ghana,0.24986944780941478,GHA_M00512,0.2488083808399358,45.82248486424947,Asanko (Manso Nkwanta),False,"mining, unclassified",MausV2 (GHA box),-1.6404054163587833,6.805680476491879,512,24.880838083986085,,,,True,False
GHA,Ghana,0.3910244645113829,GHA_M00513,0.38936625714869383,47.65037918707884,Asanko (Manso Nkwanta),False,"mining, unclassified",MausV2 (GHA box),-1.7295820911314788,6.87328446597858,513,38.93662571486292,,,,True,False
GHA,Ghana,163.56367858017592,GHA_M00514,162.85517366048342,6.128332563936457,Bogoso-Prestea,False,"mining, unclassified",MausV2 (GHA box),-2.1434634750668655,5.705909169336533,514,16285.51736604848,0.5306930541992188,0.0313697285733633,257.0,True,False
GHA,Ghana,1.4498960679403776,GHA_M00515,1.4436142962899052,20.197742257115056,Bogoso-Prestea,False,"mining, unclassified",MausV2 (GHA box),-2.1054582785489164,5.733275699696675,515,144.3614296289643,0.5513676702976227,0.03667134826745645,2.0,True,False
GHA,Ghana,3.2222022409137896,GHA_M00516,3.208242233006956,19.582517020945577,Bogoso-Prestea,False,"mining, unclassified",MausV2 (GHA box),-2.092506867049589,5.745550107062025,516,320.8242233007037,0.6478977203369141,0.0262920609365227,3.0,True,False
GHA,Ghana,5.1331881525020755,GHA_M00517,5.110950254128417,21.827689686033956,Bogoso-Prestea,False,"mining, unclassified",MausV2 (GHA box),-2.187242370739111,5.699693118734308,517,511.0950254128797,0.6555795669555664,0.0286166481812743,9.0,True,False
GHA,Ghana,1.446919380671396,GHA_M00518,1.440652864711943,30.796049783533995,Bogoso-Prestea,False,"mining, unclassified",MausV2 (GHA box),-2.2647856335252667,5.688741089292098,518,144.0652864712228,0.6118513941764832,0.0247406044510525,3.0,True,False
GHA,Ghana,0.22872055503706193,GHA_M00519,0.22773381942882712,14.142044626887197,Awaso,False,"mining, unclassified",MausV2 (GHA box),-2.141124373334007,6.193888372773368,519,22.77338194289299,,,,True,False
GHA,Ghana,19.14072639652708,GHA_M00520,19.058130905388342,13.488880278206512,Awaso,False,"mining, unclassified",MausV2 (GHA box),-2.1152688445185963,6.180586774387986,520,1905.8130905388023,0.429056778550148,0.02702465167964675,30.0,True,False
GHA,Ghana,2.2255504653225655,GHA_M00521,2.21591453577611,17.71837449488627,Edikan (Ayanfuri),False,"mining, unclassified",MausV2 (GHA box),-2.0401661956636827,5.871495191188977,521,221.59145357760448,0.6200174689292908,0.025566173931517,5.0,True,False
GHA,Ghana,21.787403583443282,GHA_M00522,21.693049247116466,11.7016972504008,Edikan (Ayanfuri),False,"mining, unclassified",MausV2 (GHA box),-2.0237567572721322,5.830438619203227,522,2169.3049247116014,0.4271993935108185,0.0291821969990117,37.0,True,False
GHA,Ghana,106.94441921462283,GHA_M00523,106.48230764511807,11.74052756695815,Awaso,False,"mining, unclassified",MausV2 (GHA box),-2.2144774205106996,6.052585728662621,523,10648.230764511976,0.49475155770778656,0.0264984432611848,204.0,True,False
GHA,Ghana,0.7745389693289836,GHA_M00524,0.7711933257554198,62.15906478488217,Awaso,False,"mining, unclassified",MausV2 (GHA box),-2.5585590468711676,5.74482594966093,524,77.11933257551807,,,,True,False
GHA,Ghana,0.17843257202578167,GHA_M00525,0.17766188677548558,64.18240259175953,Awaso,False,"mining, unclassified",MausV2 (GHA box),-2.5682607330792706,5.733686921783237,525,17.76618867753296,,,,False,False
GHA,Ghana,6.1313877876967835,GHA_M00526,6.104895742708355,59.42092025437536,Bogoso-Prestea,False,"mining, unclassified",MausV2 (GHA box),-2.5390867901056215,5.729451402490953,526,610.4895742708908,0.4648594260215759,0.0273920905833492,11.0,True,False
GHA,Ghana,0.42907776032330563,GHA_M00527,0.42722420579986126,61.55759689316562,Awaso,False,"mining, unclassified",MausV2 (GHA box),-2.5506644712482602,5.749371034414974,527,42.722420579936674,0.4202471673488617,0.019530332789436,2.0,True,False
