roi,id,lon,lat,cls_ndvi,ndvi_ann,NDWI_p50,patch_ha,d_mb_m,explained
TAP,TAP_P00002,-56.42444928008274,-6.20914510463866,forest,0.8424337022982534,-0.7112078666687012,252.2390844989058,84.8528137423857,False
TAP,TAP_P00003,-57.161494849981,-7.2642197538132445,forest,0.8381541192553261,-0.7443864941596985,1719.8896589965225,150.0,False
TAP,TAP_P00004,-57.38156732927551,-6.201584116878539,forest,0.8316865478266573,-0.7387279868125916,1929.2377405479056,174.92855684535903,False
TAP,TAP_P00006,-56.271116524743135,-6.713175770398697,forest,0.8250114437917222,-0.7134771347045898,1138.2805734249494,201.24611797498108,False
TAP,TAP_P00007,-56.58449607497098,-5.505562151019106,forest,0.8392822447594899,-0.6970645785331726,29.136618841667897,161.55494421403512,False
TAP,TAP_P00008,-56.882702955356486,-7.076177252782658,forest,0.8355782705398301,-0.7095965147018433,2030.3979470351633,301.4962686336267,False
TAP,TAP_P00010,-57.37095587917415,-6.218232856047615,forest,0.8069748513393632,-0.7155601978302002,1929.2377405479056,30.0,False
TAP,TAP_P00011,-56.41526690533049,-5.724755355691315,forest,0.8680203092613907,-0.767430305480957,195.3922704249928,174.92855684535903,False
TAP,TAP_P00012,-56.75669967611866,-7.513483500228767,forest,0.8141848585213376,-0.6890998482704163,9991.219089903321,67.0820393249937,False
TAP,TAP_P00013,-57.47388533428744,-6.2017025313589365,forest,0.7774235413957453,-0.6836630702018738,557.4016130141331,60.0,False
TAP,TAP_P00015,-57.50255537092832,-6.905411616312231,forest,0.846475738589252,-0.7341514229774475,646.9979046698837,94.86832980505139,False
TAP,TAP_P00016,-56.70796315597528,-7.118587848779073,forest,0.8009665350668679,-0.674972653388977,402.8868986953326,152.97058540778355,False
TAP,TAP_P00017,-56.93764735081439,-7.064378714676365,bare/non-forest,0.47848190346394703,-0.5419554114341736,1512.8545122012727,94.86832980505139,True
TAP,TAP_P00019,-56.92740448264752,-7.483557583799191,forest,0.594181828033826,-0.4958677887916565,384.2965911511187,30.0,False
TAP,TAP_P00021,-57.29582571564053,-7.151069582576668,forest,0.8402860602605001,-0.7653030753135681,6532.483013953644,216.33307652783935,False
TAP,TAP_P00022,-57.14162489445533,-7.303705367766433,forest,0.8624872282838869,-0.7545607089996338,1719.8896589965225,210.0,False
TAP,TAP_P00023,-56.22944971290691,-6.711085361753256,forest,0.8167548928309053,-0.7053646445274353,1138.2805734249494,120.0,False
TAP,TAP_P00025,-57.0130146201455,-7.266231381203008,forest,0.8524529758598293,-0.7372382879257202,2175.487275045593,127.27922061357854,False
TAP,TAP_P00026,-56.27289681433133,-6.779442102985856,forest,0.8056840726995194,-0.7091132402420044,1896.608348381681,210.0,False
TAP,TAP_P00028,-57.62484977216362,-5.151035224233872,forest,0.8253560540039948,-0.6971608996391296,165.62883755700884,60.0,False
TAP,TAP_P00031,-56.65437552458138,-7.19939749066787,forest,0.8162311910389333,-0.7307108640670776,182.73024591917934,84.8528137423857,False
TAP,TAP_P00032,-56.58273758723107,-6.85765166824638,bare/non-forest,0.303578331200692,-0.1793006211519241,1126.0796245100512,189.73665961010278,True
TAP,TAP_P00033,-56.05211794964272,-5.513768620940988,bare/non-forest,0.4342577409406593,-0.4978323876857757,596.0602670451929,108.16653826391968,True
TAP,TAP_P00034,-57.26381070913405,-5.786762473609402,forest,0.6670984368241024,-0.5650220513343811,381.8071227324021,30.0,False
TAP,TAP_P00035,-56.95833460410323,-7.364648692750106,forest,0.823549371093391,-0.7227786779403687,222.8822387242908,60.0,False
TAP,TAP_P00036,-56.70396327552731,-5.652655338588249,forest,0.7840172771405861,-0.6622613668441772,1909.7384285300964,174.92855684535903,False
TAP,TAP_P00037,-56.35966995228299,-6.671860997117656,forest,0.8221330737678333,-0.7200855016708374,207.132546406877,189.73665961010278,False
TAP,TAP_P00039,-56.97359622351304,-7.040594021528027,forest,0.8367672103883831,-0.7290600538253784,1512.8545122012727,150.0,False
TAP,TAP_P00040,-57.153637597503,-7.2891957023778,forest,0.8506476112760087,-0.733423113822937,1719.8896589965225,212.13203435596427,False
TAP,TAP_P00041,-56.63953657579538,-6.928567738891294,forest,0.8277430339044465,-0.7149401903152466,417.0850294164283,212.13203435596427,False
TAP,TAP_P00042,-57.56526596515493,-6.927351466825587,forest,0.8182070191568491,-0.7144830822944641,220.1502302259007,174.92855684535903,False
TAP,TAP_P00043,-56.645600163454255,-7.552532094741956,forest,0.8314162540018504,-0.7190452814102173,292.6716534958322,42.42640687119285,False
TAP,TAP_P00044,-56.31693347697578,-6.684399827040276,forest,0.8175698451466725,-0.7108784317970276,61.80190842800965,169.7056274847714,False
TAP,TAP_P00045,-56.2432589903115,-6.710650719213907,forest,0.843314755047503,-0.7299465537071228,1138.2805734249494,330.0,False
TAP,TAP_P00046,-57.35014244395402,-6.530523019822047,forest,0.8379791023117106,-0.727713942527771,457.11069535713904,150.0,False
TAP,TAP_P00047,-56.96661529104343,-7.0515120554121085,forest,0.8137540245857513,-0.7139680981636047,1846.9119318392366,42.42640687119285,False
TAP,TAP_P00048,-57.36089675222351,-6.996704975481162,forest,0.8406310205388717,-0.7427323460578918,55.25501398908678,189.73665961010278,False
TAP,TAP_P00051,-56.83849017631857,-7.122620630906365,forest,0.7129996488407623,-0.6816229820251465,488.2524627143045,134.1640786499874,False
TAP,TAP_P00052,-56.84754857162953,-6.597425345923878,water,-0.23374116692818594,0.1706964075565338,183.92529575320694,30.0,True
TAP,TAP_P00053,-56.48675720025396,-6.960450979197367,forest,0.5502779209560057,-0.4483271539211273,3842.1278497334474,169.7056274847714,False
TAP,TAP_P00055,-56.60443825334352,-7.710291870821755,forest,0.8268115859528402,-0.7251377105712891,28.589740662642836,192.09372712298546,False
TAP,TAP_P00056,-56.10995585386895,-6.685857399059636,water,-0.37550782754176487,0.3582718670368194,219.3394527267297,42.42640687119285,True
TAP,TAP_P00057,-56.86322271131212,-5.6694526441167055,forest,0.6418997271457607,-0.5841071009635925,1287.902270433891,210.0,False
TAP,TAP_P00058,-57.28936344642795,-7.200636065347988,forest,0.8698911097850067,-0.7498539090156555,81.19767041965106,60.0,False
TAP,TAP_P00059,-56.985905772085786,-5.564576923974211,forest,0.8439928214567244,-0.7221480011940002,805.565689156786,67.0820393249937,False
TAP,TAP_P00060,-56.15057518271647,-6.740212754318556,forest,0.7501319878954223,-0.6650251150131226,102.47573956824237,180.0,False
TAP,TAP_P00061,-56.752846075716086,-7.632322148320426,forest,0.607688245893015,-0.4605353474617004,9991.219089903321,30.0,False
TAP,TAP_P00063,-56.40718406503017,-6.303886777674102,forest,0.7877475197311299,-0.7163283824920654,55.347050908782904,108.16653826391968,False
TAP,TAP_P00064,-57.33661892471375,-7.17585134936296,forest,0.6908300065864322,-0.6658197045326233,6532.483013953644,84.8528137423857,False
TAP,TAP_P00065,-56.41105813986681,-6.304102545167101,forest,0.8215251539593541,-0.7078185677528381,55.347050908782904,218.40329667841553,False
TAP,TAP_P00066,-56.38976869510078,-6.39183339756269,forest,0.8171705887638636,-0.6834462881088257,56.45721551423449,134.1640786499874,False
TAP,TAP_P00067,-57.3522369558146,-7.019145128627335,forest,0.8370281607557379,-0.7286936044692993,172.65004880088762,364.96575181789314,False
TAP,TAP_P00068,-57.085788227564834,-7.186424345053598,forest,0.8470093115295574,-0.7616652846336365,94.73038507365266,108.16653826391968,False
TAP,TAP_P00069,-57.38413634024378,-5.701748351679196,forest,0.8335177005224853,-0.7117193341255188,778.7216038360784,523.9274758971894,False
TAP,TAP_P00071,-55.31758839912824,-6.031339801902348,forest,0.8112346720562387,-0.717083215713501,563.1483995664034,90.0,False
TAP,TAP_P00072,-57.19814291776376,-7.38981787733398,forest,0.840081857275806,-0.7238852381706238,2430.777471602475,30.0,False
TAP,TAP_P00077,-57.40803319174742,-5.951173524643051,forest,0.8201261305456737,-0.7124324440956116,2568.233036550785,30.0,False
TAP,TAP_P00078,-56.87361338111097,-5.491720308957756,forest,0.7608981020055455,-0.6394410133361816,138.9796544460033,42.42640687119285,False
TAP,TAP_P00079,-57.30057981481031,-5.81804488424206,forest,0.7178947240995125,-0.6753438711166382,36.54843819941288,60.0,False
TAP,TAP_P00080,-57.04522763486059,-5.763672830050404,forest,0.8854766496000479,-0.7534764409065247,2348.048398524063,174.92855684535903,False
TAP,TAP_P00081,-56.02037039413084,-6.439041219183344,forest,0.6624769563602371,-0.6028303503990173,52.09307256387771,189.73665961010278,False
TAP,TAP_P00083,-57.50388726659314,-5.012822756344107,forest,0.7950860824430597,-0.6847714185714722,487.96842086343224,90.0,False
TAP,TAP_P00085,-57.44516794922212,-6.365250689369901,forest,0.6651982498195368,-0.6093506217002869,14.7577572065893,2865.7459761814202,False
TAP,TAP_P00086,-56.587021806393714,-7.320838358298023,forest,0.8289105227024793,-0.7268952131271362,1400.357443306783,108.16653826391968,False
TAP,TAP_P00087,-57.3805777155603,-5.998300345903147,forest,0.8219821456230518,-0.6960591077804565,85.9451181122986,174.92855684535903,False
TAP,TAP_P00088,-56.97626087071233,-5.847631336219652,forest,0.8524836851721285,-0.7488524913787842,230.57359807315046,134.1640786499874,False
TAP,TAP_P00089,-56.86745570071068,-6.732284316189482,forest,0.5696393527728846,-0.4946509897708893,173.5874714507326,42.42640687119285,False
TAP,TAP_P00090,-56.46654892313804,-7.037706519942373,forest,0.801974100431479,-0.6986225843429565,78.77791044271103,30.0,False
TAP,TAP_P00091,-56.35978882470512,-6.667899498815093,forest,0.8350837333817208,-0.7310925722122192,207.132546406877,30.0,False
TAP,TAP_P00092,-57.26291680216643,-7.171734856321959,forest,0.8387715966356104,-0.740398645401001,6532.483013953644,318.9043743820395,False
TAP,TAP_P00093,-57.29669917128115,-6.082444489549997,forest,0.8426902286055847,-0.7304465770721436,63.15584412963601,108.16653826391968,False
TAP,TAP_P00094,-56.71716581517458,-5.939456504794271,forest,0.8142519346882736,-0.7180661559104919,77.29060308017671,161.55494421403512,False
TAP,TAP_P00097,-57.322973495809045,-7.146146307398921,forest,0.8325974222077632,-0.7377997636795044,6532.483013953644,300.0,False
TAP,TAP_P00098,-56.88297985320944,-6.708906610424839,forest,0.8331988189837546,-0.7326642274856567,329.9133012600551,90.0,False
TAP,TAP_P00099,-57.44716374947208,-6.935339165839968,forest,0.8477093216620126,-0.7280361652374268,324.06766038088307,134.1640786499874,False
TAP,TAP_P00100,-57.41645786609265,-6.93855428555957,forest,0.848574233920766,-0.7303478121757507,619.4454737123132,295.4657340538831,False
TAP,TAP_P00103,-56.67490863473488,-7.098261338742496,forest,0.8257328947737514,-0.6771553158760071,698.8827912718284,84.8528137423857,False
TAP,TAP_P00104,-56.66543003930335,-7.8066268597164195,forest,0.8480886999518101,-0.7194832563400269,1080.1496008580875,152.97058540778355,False
TAP,TAP_P00107,-56.30149300860246,-6.571641963460828,forest,0.8009548316842622,-0.7111780643463135,124.97333929354812,108.16653826391968,False
TAP,TAP_P00108,-56.87155104254418,-5.598677344548479,forest,0.8213046368246938,-0.7049897313117981,107.39642538831157,216.33307652783935,False
TAP,TAP_P00109,-57.44930431174214,-4.824996637923996,forest,0.7108047338062589,-0.5618507862091064,71.48661637070762,30.0,False
TAP,TAP_P00115,-56.907876307162645,-5.429273540185303,forest,0.8684422848828929,-0.7492894530296326,1838.6847913386882,30.0,False
TAP,TAP_P00116,-56.38604987848651,-6.127925796354913,forest,0.8053794724210253,-0.6785229444503784,644.558099770636,67.0820393249937,False
TAP,TAP_P00119,-57.15238485130718,-7.132568475204145,forest,0.8504777988455268,-0.7488343119621277,168.02607417283448,134.1640786499874,False
TAP,TAP_P00120,-56.17597507865458,-6.80031905218759,forest,0.8342031360274431,-0.7266911268234253,110.64781311286376,150.0,False
TAP,TAP_P00121,-56.85661725672815,-7.09870116123504,forest,0.8615844454234762,-0.7580893039703369,276.9443718534813,276.5863337187866,False
TAP,TAP_P00122,-57.54608025498639,-5.2138179678284216,forest,0.8035662103724959,-0.693965494632721,329.8607238651681,150.0,False
TAP,TAP_P00123,-57.14011853000768,-7.257372817512445,forest,0.8641776724790146,-0.7425323724746704,1719.8896589965225,174.92855684535903,False
TAP,TAP_P00124,-56.73772465882969,-7.069530164567295,forest,0.8369122133952335,-0.6950226426124573,475.5724296900206,313.20919526731655,False
TAP,TAP_P00125,-57.00083853686498,-5.825455748639993,forest,0.8425471144812543,-0.7289031147956848,706.1187034970374,180.0,False
TAP,TAP_P00126,-56.55245848537496,-6.133343673675636,forest,0.6171735105255209,-0.591071367263794,118.59117248114103,42.42640687119285,False
TAP,TAP_P00127,-56.33392744340896,-7.307680726794734,forest,0.870294965766317,-0.750633955001831,1063.6012068494724,240.0,False
TAP,TAP_P00128,-57.03995761292973,-7.208389632201792,forest,0.8580814667016335,-0.7361266016960144,148.8588339856818,60.0,False
TAP,TAP_P00129,-55.98478154164841,-6.24067822018783,forest,0.8321753092590841,-0.730827808380127,144.07918810918784,210.0,False
TAP,TAP_P00130,-56.90709794444789,-5.758194960047167,forest,0.8593166735170438,-0.742450475692749,1231.4065370376056,84.8528137423857,False
TAP,TAP_P00131,-56.96538878825778,-7.075676165111634,forest,0.8138306584695115,-0.7054404020309448,1846.9119318392366,42.42640687119285,False
TAP,TAP_P00132,-55.471509354649385,-5.477253002799877,forest,0.7719840815693398,-0.6929083466529846,229.02317675132082,234.30749027719963,False
TAP,TAP_P00134,-56.892298334428425,-5.015033600401271,forest,0.8479692762937036,-0.7129917740821838,107.30591482391422,30.0,False
TAP,TAP_P00135,-56.91743517893831,-5.449501770746832,forest,0.8632101832222274,-0.7303082346916199,1838.6847913386882,123.69316876852982,False
TAP,TAP_P00136,-56.23894193980635,-6.755227992727701,forest,0.7835565344049055,-0.6943444609642029,1896.608348381681,30.0,False
TAP,TAP_P00137,-57.35604027001594,-6.20812268174085,forest,0.8415841510046581,-0.7428503036499023,112.43192095194827,283.0194339616981,False
TAP,TAP_P00138,-56.06460519665284,-5.471618509943656,bare/non-forest,0.380611227930048,-0.3984386920928955,87.45081919733741,30.0,True
TAP,TAP_P00140,-56.29201259852772,-6.137590753250477,forest,0.7386481855777611,-0.6328734159469604,319.00897592000683,127.27922061357854,False
TAP,TAP_P00142,-57.28225878118239,-7.207719870190231,forest,0.8031088077901034,-0.726167619228363,6532.483013953644,42.42640687119285,False
TAP,TAP_P00143,-57.59849407163051,-5.257934470527669,forest,0.8248991037375223,-0.7191267609596252,142.24975651680498,84.8528137423857,False
TAP,TAP_P00144,-56.65972737281862,-5.823040203981328,forest,0.8028489938261328,-0.6990241408348083,1909.7384285300964,67.0820393249937,False
TAP,TAP_P00145,-56.53348885419713,-7.014793443956581,forest,0.7573117657192611,-0.6473863124847412,3842.1278497334474,42.42640687119285,False
TAP,TAP_P00146,-56.90415654677723,-7.1121315861268135,forest,0.8397171505922709,-0.7370159029960632,2030.3979470351633,84.8528137423857,False
TAP,TAP_P00149,-56.900581043226325,-6.97379364688887,forest,0.8108850974258636,-0.708286464214325,936.0845757344995,108.16653826391968,False
TAP,TAP_P00150,-56.387817625489085,-6.849840636714538,forest,0.8083558865772767,-0.7048987150192261,1375.8358951947446,228.47319317591726,False
TAP,TAP_P00152,-56.567751151633125,-7.706384853526124,forest,0.8395061654145201,-0.7294257879257202,54.496680170770176,150.0,False
TAP,TAP_P00153,-56.99807150921482,-6.97615252304355,forest,0.8242244399535053,-0.700251579284668,109.25418424754716,60.0,False
TAP,TAP_P00155,-57.30049872783678,-7.171278957153456,forest,0.8178191540662308,-0.7346869707107544,6532.483013953644,123.69316876852982,False
TAP,TAP_P00156,-56.2790390903718,-6.785493747817191,forest,0.7725811255453197,-0.6706915497779846,1896.608348381681,30.0,False
TAP,TAP_P00157,-56.39667995126327,-6.878673351962684,forest,0.8182547600954064,-0.7239454388618469,181.5866289492518,108.16653826391968,False
TAP,TAP_P00158,-56.50644133871978,-6.640879632660012,forest,0.7661351686866242,-0.6902974843978882,162.1378030115685,30.0,False
TAP,TAP_P00159,-56.9935109402656,-5.551037744650754,forest,0.819125507965568,-0.6968604326248169,19.83761049163762,90.0,False
TAP,TAP_P00160,-57.45313785716411,-5.262565804120244,forest,0.8133925678541812,-0.6957001090049744,23.784198329742175,189.73665961010278,False
TAP,TAP_P00161,-56.70111143762642,-7.811426486261332,forest,0.8301351614677498,-0.7273781299591064,48.1994548825274,161.55494421403512,False
TAP,TAP_P00162,-56.97763021652594,-7.340835112489127,forest,0.8319999939070807,-0.7453999519348145,658.7873756486051,30.0,False
TAP,TAP_P00163,-56.87448450016988,-7.0691013904529525,forest,0.5360300229850309,-0.537013828754425,2030.3979470351633,67.0820393249937,False
TAP,TAP_P00164,-56.737528341898525,-7.6567335542854575,bare/non-forest,0.43269638829377405,-0.4933163821697235,9991.219089903321,283.0194339616981,True
TAP,TAP_P00166,-56.63689070762496,-7.827757391097216,forest,0.8289430846559044,-0.725533664226532,1080.1496008580875,60.0,False
TAP,TAP_P00167,-57.025742406134576,-7.267272832176451,forest,0.8095914829516294,-0.719924807548523,2175.487275045593,192.09372712298546,False
TAP,TAP_P00168,-57.42000781414267,-5.94679629898923,forest,0.5571196709642977,-0.4790468513965606,2568.233036550785,84.8528137423857,False
TAP,TAP_P00169,-56.91331622859622,-7.035284141973761,forest,0.8654160703337029,-0.7474274635314941,2030.3979470351633,67.0820393249937,False
TAP,TAP_P00170,-56.91976540518895,-7.1388375840955,forest,0.8362069010505333,-0.722750723361969,49.92451510951148,182.48287590894657,False
TAP,TAP_P00171,-57.27354684358048,-6.085532121603319,forest,0.8161244634784943,-0.7030154466629028,128.6884565108055,42.42640687119285,False
TAP,TAP_P00172,-56.158971428698194,-6.737209923823039,forest,0.7580534569697324,-0.634056031703949,102.47573956824237,182.48287590894657,False
TAP,TAP_P00174,-56.93396549456617,-5.456278774072723,forest,0.7903880644258204,-0.6973268985748291,1838.6847913386882,84.8528137423857,False
TAP,TAP_P00176,-57.29090806859387,-5.406764019285018,forest,0.7969027638288239,-0.6849740743637085,83.47531865858299,30.0,False
TAP,TAP_P00178,-56.60379625315271,-7.689202737080371,bare/non-forest,0.40071171871082967,-0.2042006999254226,462.1114501786626,60.0,True
TAP,TAP_P00181,-56.80571864869394,-7.031647504800803,forest,0.8280839924365364,-0.7211635112762451,26.993243647392756,810.5553651663778,False
TAP,TAP_P00182,-57.03818785996414,-6.953890519060306,forest,0.8516746491555452,-0.7278158664703369,383.16344756746946,234.30749027719963,False
TAP,TAP_P00183,-57.47805458141796,-6.934882878950377,forest,0.7871709301822789,-0.7132247686386108,62.46794411254085,295.4657340538831,False
TAP,TAP_P00184,-57.3494691803332,-5.716909652050473,forest,0.8342832016724668,-0.7195189595222473,66.23965740164641,192.09372712298546,False
TAP,TAP_P00185,-56.35558451206295,-7.368564979597116,forest,0.7961981935094652,-0.7037806510925293,23.465666348787945,42.42640687119285,False
TAP,TAP_P00187,-57.60704392227828,-5.649339177723625,forest,0.8362108511827959,-0.7220683693885803,56.742486774814616,84.8528137423857,False
TAP,TAP_P00188,-56.30352176282223,-6.349729226398989,forest,0.7951263012665851,-0.6666945815086365,153.85032971165717,30.0,False
TAP,TAP_P00189,-55.97506807741954,-6.186671613084674,forest,0.8253108918351224,-0.7207643985748291,1362.2993807535643,371.0795063055894,False
TAP,TAP_P00190,-57.27778447455142,-7.185277545455928,forest,0.8320775115398285,-0.721439778804779,6532.483013953644,127.27922061357854,False
TAP,TAP_P00192,-56.43001779220511,-5.764256490067509,forest,0.8099482982317658,-0.7336050271987915,81.01233454475317,42.42640687119285,False
TAP,TAP_P00193,-56.63288772352144,-5.642403810126595,forest,0.799574327121114,-0.6797795295715332,434.1205711104804,67.0820393249937,False
TAP,TAP_P00194,-57.32709499608438,-6.067931208515571,forest,0.6096551713329719,-0.5492185354232788,1622.7644649724284,120.0,False
TAP,TAP_P00196,-57.47396764268793,-6.93938192127604,forest,0.6042136985145584,-0.5502392053604126,62.46794411254085,42.42640687119285,False
TAP,TAP_P00197,-57.00210744654171,-6.932284277115077,forest,0.8714211274966575,-0.7620594501495361,258.5035911950733,726.2231062146122,False
TAP,TAP_P00198,-57.00200481258979,-7.486115166089428,forest,0.8352735661766704,-0.7386877536773682,576.2646626360867,212.13203435596427,False
TAP,TAP_P00199,-56.981970690611234,-5.829027252006524,forest,0.8217412062073406,-0.702619194984436,706.1187034970374,241.86773244895647,False
TAP,TAP_P00200,-57.043294421593934,-7.264545860509743,forest,0.8426361783585643,-0.720605731010437,2175.487275045593,210.0,False
TAP,TAP_P00203,-56.33860410171469,-7.225264073991129,bare/non-forest,0.3979254203312938,-0.3898895978927612,52.327681794261196,30.0,True
TAP,TAP_P00204,-56.36438655190907,-6.36148537883683,forest,0.8220964809751105,-0.71490478515625,202.9600556317939,161.55494421403512,False
TAP,TAP_P00205,-57.525448948372095,-6.924011189214837,forest,0.550588916564226,-0.5472034811973572,646.9979046698837,42.42640687119285,False
TAP,TAP_P00206,-57.477612660274005,-6.9352414344496855,forest,0.8313773910082217,-0.727144181728363,62.46794411254085,247.38633753705963,False
TAP,TAP_P00207,-56.67888126443679,-5.339985768575482,forest,0.7914215766480689,-0.6911464333534241,21.64020476512389,150.0,False
TAP,TAP_P00208,-57.16769640243475,-5.507500664687382,forest,0.8275502737763778,-0.7262351512908936,1380.3456256924787,67.0820393249937,False
TAP,TAP_P00209,-55.9320124869189,-6.218379094845105,forest,0.8124114346252708,-0.7018970251083374,1142.5444204523114,42.42640687119285,False
TAP,TAP_P00210,-57.2895354245243,-7.111515839091726,forest,0.7987763485377961,-0.7212506532669067,6532.483013953644,42.42640687119285,False
TAP,TAP_P00211,-57.18371363469401,-5.1761012248814176,forest,0.7765023528566303,-0.6876257658004761,291.03607280138067,30.0,False
TAP,TAP_P00213,-56.9089193794944,-7.481791715060917,forest,0.8401611727264311,-0.7483516335487366,384.2965911511187,30.0,False
TAP,TAP_P00214,-57.26386225710464,-7.167308840428305,forest,0.8657810946635908,-0.7711410522460938,6532.483013953644,90.0,False
TAP,TAP_P00215,-56.74060079838379,-7.059287082306606,forest,0.8527315997628048,-0.7381720542907715,465.020978499373,67.0820393249937,False
TAP,TAP_P00216,-57.29857193711596,-6.082500587140116,forest,0.7550792025903746,-0.6729361414909363,63.15584412963601,30.0,False
TAP,TAP_P00217,-56.71703861942071,-5.803858304361393,forest,0.8343230442355775,-0.7239026427268982,31.73968543662862,67.0820393249937,False
TAP,TAP_P00218,-57.24440005114117,-5.910016059406531,forest,0.825890154719495,-0.7180143594741821,708.4508174728377,67.0820393249937,False
TAP,TAP_P00219,-56.59576066199087,-7.306697633750904,forest,0.8105417169103637,-0.714948296546936,1400.357443306783,60.0,False
TAP,TAP_P00220,-56.61187266219879,-7.32894087427598,forest,0.8498089317212214,-0.7456547617912292,1400.357443306783,108.16653826391968,False
TAP,TAP_P00221,-56.41470562245951,-7.216865569113754,forest,0.7932857524234821,-0.7210031151771545,174.02566861181884,174.92855684535903,False
TAP,TAP_P00222,-56.85906607359828,-7.095271574135267,forest,0.7875000033954471,-0.6836902499198914,276.9443718534813,30.0,False
TAP,TAP_P00223,-57.443878519493055,-6.252560092921247,forest,0.8109345628724463,-0.7076792120933533,103.80123038061815,30.0,False
TAP,TAP_P00224,-56.7727260343668,-7.3583809883857665,forest,0.7936231882806042,-0.6795855760574341,253.05738514706044,94.86832980505139,False
TAP,TAP_P00226,-57.42262779381476,-6.942283051823615,forest,0.8551249571797378,-0.7473683953285217,619.4454737123132,189.73665961010278,False
TAP,TAP_P00227,-57.15612821693122,-7.251540321795052,bare/non-forest,0.3511413428341808,-0.3588306903839111,1719.8896589965225,150.0,True
TAP,TAP_P00228,-57.48583375090281,-5.153831717395391,forest,0.7901639325714622,-0.6590312123298645,1623.9711795345822,60.0,False
TAP,TAP_P00231,-56.64000973532202,-6.89813937942595,forest,0.7668411983549951,-0.6714609861373901,185.54396190215914,60.0,False
TAP,TAP_P00233,-56.9335577806752,-5.45405783565585,forest,0.8509050362819129,-0.7398931980133057,1838.6847913386882,67.0820393249937,False
TAP,TAP_P00234,-57.46007046662068,-5.021759940757167,forest,0.8115729363194454,-0.7086446285247803,735.601238367819,30.0,False
TAP,TAP_P00235,-56.55955659100142,-5.508693477617495,forest,0.839027680789287,-0.7169334888458252,163.0565352850285,192.09372712298546,False
TAP,TAP_P00237,-56.52456462532589,-6.522172825605896,forest,0.8322490000949896,-0.7035355567932129,1052.397171449675,90.0,False
TAP,TAP_P00238,-56.485729624673375,-6.976735373980684,forest,0.551274072460579,-0.553892195224762,3842.1278497334474,30.0,False
TAP,TAP_P00239,-57.34282403617097,-7.045770529022958,forest,0.5819342823576868,-0.5848912596702576,29.509091206753073,30.0,False
TAP,TAP_P00242,-56.35777867608466,-7.644976382745106,bare/non-forest,0.41071428288592543,-0.3038194179534912,40.14312755045038,84.8528137423857,True
TAP,TAP_P00243,-56.89554393730036,-6.700658649107659,forest,0.6480117801254801,-0.5912286043167114,329.9133012600551,30.0,False
TAP,TAP_P00245,-57.00326100883531,-7.112386742615065,forest,0.78874103320322,-0.7329408526420593,1846.9119318392366,30.0,False
TAP,TAP_P00247,-57.02566734621978,-6.671044670193612,forest,0.8062171981386547,-0.6959772109985352,514.869362048014,67.0820393249937,False
TAP,TAP_P00249,-56.90324299305358,-5.79401025434241,forest,0.8506876224200419,-0.7109798192977905,1231.4065370376056,502.8916384272063,False
TAP,TAP_P00250,-56.30038521847877,-7.292980363153982,forest,0.8335629613968942,-0.7165679335594177,135.36210899162168,67.0820393249937,False
TAP,TAP_P00252,-56.15350443576441,-6.7120923377384285,forest,0.7858166244547166,-0.6888582110404968,1896.608348381681,67.0820393249937,False
TAP,TAP_P00253,-57.42466102809081,-5.731875824927082,forest,0.7932245800926931,-0.6790751218795776,408.90304961034366,60.0,False
TAP,TAP_P00254,-56.43155642080959,-6.53210819168388,forest,0.8099795061297801,-0.6783042550086975,181.80061056683087,30.0,False
TAP,TAP_P00256,-56.32845477505019,-6.244260525675783,forest,0.8222546836388491,-0.6854884028434753,127.29825198213514,42.42640687119285,False
TAP,TAP_P00257,-56.56178175784655,-6.500582309283357,forest,0.8167352515291576,-0.7277392148971558,14.907145849344978,30.0,False
TAP,TAP_P00258,-56.768974825855466,-7.560613578211579,forest,0.8276382452832571,-0.7449910640716553,9991.219089903321,60.0,False
TAP,TAP_P00259,-57.3278940086972,-5.888599276976576,forest,0.8156028433969779,-0.6817806959152222,755.4504924332542,30.0,False
TAP,TAP_P00260,-56.43694668852277,-7.066816554167752,forest,0.5482929800443584,-0.5005820989608765,17.370977654832107,150.0,False
TAP,TAP_P00261,-56.23961864508944,-6.760015896935949,forest,0.8225580727197522,-0.7075939774513245,1896.608348381681,67.0820393249937,False
TAP,TAP_P00262,-56.729699162087925,-7.165491612323899,forest,0.8413476186029915,-0.7280481457710266,282.3150801697901,90.0,False
TAP,TAP_P00263,-57.39359494539922,-5.664574958723985,forest,0.7918143761895676,-0.6844608783721924,778.7216038360784,296.98484809834997,False
TAP,TAP_P00264,-57.00247560468676,-5.8399960952925385,forest,0.8491227970421589,-0.7326943278312683,50.62451505876233,90.0,False
TAP,TAP_P00267,-56.48328657271641,-6.155390080134664,forest,0.5318041240362243,-0.5066405534744263,290.94820385065697,30.0,False
TAP,TAP_P00268,-56.506792205837804,-6.992356641865056,forest,0.8187280878038776,-0.6981335878372192,3842.1278497334474,42.42640687119285,False
TAP,TAP_P00270,-56.67843679903614,-7.794024130383805,forest,0.8238719142213715,-0.7059523463249207,1080.1496008580875,94.86832980505139,False
TAP,TAP_P00272,-56.428315565104846,-6.975087512236136,forest,0.7850733134130994,-0.6788302659988403,114.58308942148183,67.0820393249937,False
TAP,TAP_P00273,-56.977127864908525,-7.078383228064263,bare/non-forest,0.1044271810083761,-0.0364546179771423,1846.9119318392366,30.0,True
TAP,TAP_P00274,-57.45635830989129,-4.941218277905454,bare/non-forest,0.3163051336427644,-0.3013997673988342,161.26229298073036,30.0,True
TAP,TAP_P00275,-56.43415287036578,-6.53428318315405,forest,0.834366194558177,-0.699181318283081,181.80061056683087,174.92855684535903,False
TAP,TAP_P00278,-56.48447517382416,-6.995030373935538,bare/non-forest,0.4517725112451758,-0.4162230193614959,3842.1278497334474,42.42640687119285,True
TAP,TAP_P00279,-57.1667005398697,-5.512547870360651,forest,0.832618029639518,-0.7135751247406006,1380.3456256924787,123.69316876852982,False
TAP,TAP_P00280,-56.836910724345145,-5.481523706187063,forest,0.7918858026946864,-0.6840277910232544,43.364261854849474,30.0,False
TAP,TAP_P00282,-56.66378087753058,-6.786851851932572,forest,0.5248592146411348,-0.498727411031723,169.29337294360857,94.86832980505139,False
TAP,TAP_P00283,-56.976916028029656,-6.891335198718378,forest,0.8322270276718106,-0.7248713970184326,254.83929210721502,67.0820393249937,False
TAP,TAP_P00284,-57.56032268585912,-5.124400294583695,bare/non-forest,0.4590443753266779,-0.2421430200338363,1039.9103040419293,30.0,True
TAP,TAP_P00287,-56.31588049654406,-7.27830018168496,forest,0.6636692399014132,-0.6087321639060974,1063.6012068494724,182.48287590894657,False
TAP,TAP_P00288,-56.21376747255962,-6.728468627208309,forest,0.7906458940536003,-0.6761326789855957,1896.608348381681,30.0,False
TAP,TAP_P00289,-56.53058011765128,-7.046816064120894,forest,0.5378361585198367,-0.5138888955116272,3842.1278497334474,60.0,False
TAP,TAP_P00292,-57.06214902107136,-5.796792600313456,forest,0.8510455431090144,-0.7321785688400269,2348.048398524063,174.92855684535903,False
TAP,TAP_P00293,-55.97595216628525,-6.199404314525206,forest,0.8389788871226325,-0.7269307374954224,1362.2993807535643,127.27922061357854,False
TAP,TAP_P00294,-56.17322169391564,-6.712514380241972,forest,0.8378790218930483,-0.7001839280128479,1896.608348381681,182.48287590894657,False
TAP,TAP_P00295,-57.25753341917586,-7.167731525699716,forest,0.8671209434913515,-0.7583544850349426,6532.483013953644,120.0,False
TAP,TAP_P00296,-56.254925504502495,-6.701922997797143,forest,0.7910233373581632,-0.7142857313156128,1138.2805734249494,42.42640687119285,False
TAP,TAP_P00299,-56.933941263999145,-7.074200802559666,forest,0.7150238892118984,-0.5600757002830505,1512.8545122012727,60.0,False
TAP,TAP_P00300,-56.33563738525451,-6.809974829805171,forest,0.5717587963268687,-0.464244544506073,1375.8358951947446,30.0,False
TAP,TAP_P00303,-57.351255971144354,-6.086018228906667,forest,0.8342433122993421,-0.7319573163986206,1622.7644649724284,60.0,False
TAP,TAP_P00304,-57.35740779148993,-6.095385448214025,forest,0.7950889022210524,-0.7084563970565796,1622.7644649724284,108.16653826391968,False
TAP,TAP_P00305,-56.71707850263065,-7.123684560673807,forest,0.819588416695489,-0.7212616801261902,402.8868986953326,150.0,False
TAP,TAP_P00306,-56.64262621158364,-7.146441503424744,bare/non-forest,0.4101340288517766,-0.4690693616867065,32.573488674000394,94.86832980505139,True
TAP,TAP_P00307,-56.58573536346972,-7.237910838395066,forest,0.5455092152402203,-0.4896796345710754,269.23037233090275,30.0,False
TAP,TAP_P00308,-56.99443086548512,-7.388613832228876,forest,0.8331521750656434,-0.7158680558204651,658.7873756486051,30.0,False
TAP,TAP_P00309,-57.16855072863749,-7.041729156815283,forest,0.8565022469749153,-0.7437365651130676,232.23649866492613,123.69316876852982,False
TAP,TAP_P00310,-57.02174547362609,-7.489324018014279,forest,0.8805891567377933,-0.7654096484184265,576.2646626360867,30.0,False
TAP,TAP_P00311,-56.29438991013356,-7.24951207439436,forest,0.8060011409975614,-0.6966081261634827,1063.6012068494724,313.20919526731655,False
TAP,TAP_P00313,-57.25847075283587,-5.777015126532081,forest,0.8311575275329969,-0.7489492893218994,381.8071227324021,30.0,False
TAP,TAP_P00314,-56.7286824750248,-7.570191985007028,forest,0.8346007573257893,-0.7217019200325012,363.4057189825536,174.92855684535903,False
TAP,TAP_P00315,-56.66294164938168,-7.807662690004902,forest,0.6680384149477656,-0.6202852725982666,1080.1496008580875,30.0,False
TAP,TAP_P00316,-57.025034765045774,-7.274151063938181,forest,0.8670687877051131,-0.7238839268684387,2175.487275045593,67.0820393249937,False
TAP,TAP_P00317,-56.10178224122063,-5.4952462214904765,forest,0.8020833122649028,-0.6879307627677917,596.0602670451929,94.86832980505139,False
TAP,TAP_P00318,-56.87762382353745,-7.004573436469702,forest,0.8537622980514538,-0.7503789663314819,936.0845757344995,123.69316876852982,False
TAP,TAP_P00320,-56.33714845191608,-6.495642934298714,forest,0.7573049112002999,-0.6651556491851807,296.5005912050831,84.8528137423857,False
TAP,TAP_P00321,-56.50587800975975,-7.302368471753024,forest,0.7914358369916925,-0.6815329194068909,127.09456226640181,120.0,False
TAP,TAP_P00322,-56.9196059240968,-7.485441925241029,forest,0.8043266340448075,-0.6963580250740051,384.2965911511187,60.0,False
TAP,TAP_P00326,-56.7325571008974,-7.393129280538178,forest,0.8233194471895041,-0.7239336371421814,191.06124479616787,296.98484809834997,False
TAP,TAP_P00327,-57.32100034239209,-7.180247569813833,forest,0.8307349652681333,-0.75,6532.483013953644,201.24611797498108,False
TAP,TAP_P00328,-56.724959410504994,-7.575255501399124,forest,0.81866138609717,-0.7368735074996948,363.4057189825536,174.92855684535903,False
TAP,TAP_P00329,-55.31091656210761,-6.020189459699558,bare/non-forest,0.38892061102305236,-0.3895108997821808,563.1483995664034,60.0,True
TAP,TAP_P00330,-56.620379163136825,-7.845562893328151,forest,0.8372897977938343,-0.7169811129570007,891.9454453893104,60.0,False
TAP,TAP_P00331,-57.001129698375074,-7.089636200687468,forest,0.8204355127775463,-0.6979542970657349,1846.9119318392366,60.0,False
TAP,TAP_P00332,-57.2913102602587,-7.118033734302043,forest,0.870985915800381,-0.7549044489860535,6532.483013953644,305.9411708155671,False
TAP,TAP_P00334,-56.76683519694932,-7.462892780397478,forest,0.7721904825915559,-0.684608519077301,9991.219089903321,67.0820393249937,False
TAP,TAP_P00335,-56.348967494726686,-6.127219891272757,forest,0.7609467545359049,-0.6597402691841125,644.558099770636,174.92855684535903,False
TAP,TAP_P00336,-56.65536500569085,-6.949117861577711,forest,0.7791728204575123,-0.6493616700172424,1008.8881937929187,174.92855684535903,False
TAP,TAP_P00337,-57.6563637083924,-5.595492731585067,forest,0.8347735090746965,-0.7411382794380188,23.357375636007067,94.86832980505139,False
TAP,TAP_P00338,-57.52020560526688,-6.546113579904048,forest,0.7858712633889249,-0.7071470022201538,781.3254531708121,108.16653826391968,False
TAP,TAP_P00339,-57.253622446203885,-5.7783164964010325,forest,0.8609332065946913,-0.7595983147621155,381.8071227324021,60.0,False
TAP,TAP_P00340,-56.97479504801311,-7.039651782815736,forest,0.8453852476375109,-0.7358185052871704,1512.8545122012727,90.0,False
TAP,TAP_P00341,-55.47712813286208,-5.410073660032974,forest,0.8546458160411171,-0.7394787073135376,151.99733696815537,90.0,False
TAP,TAP_P00343,-56.62564259504996,-5.7112517371338,forest,0.8290713408796494,-0.7228596806526184,445.0964564327447,228.47319317591726,False
TAP,TAP_P00346,-56.12954609730088,-5.86366390345533,forest,0.8582308171067339,-0.7570194602012634,239.37423929891716,442.944691807002,False
TAP,TAP_P00347,-56.28419936857078,-6.7830188688900135,forest,0.8220822252327812,-0.7185015678405762,1896.608348381681,67.0820393249937,False
TAP,TAP_P00348,-56.58329950012732,-5.727769011515119,forest,0.822870705919346,-0.7130750417709351,232.21009128281688,84.8528137423857,False
TAP,TAP_P00349,-57.36543185245403,-6.15292950802671,forest,0.7911646636415683,-0.6996134519577026,50.12159036514808,161.55494421403512,False
TAP,TAP_P00351,-57.33613578003104,-7.144058737436067,forest,0.8996981623948075,-0.786881685256958,6532.483013953644,283.0194339616981,False
TAP,TAP_P00352,-56.26036682370201,-6.797198412338025,forest,0.8257207603994429,-0.7252873778343201,185.54594701514915,120.0,False
TAP,TAP_P00354,-56.341082484494684,-5.757809205910677,forest,0.8437762531906834,-0.7208823561668396,272.783459296162,120.0,False
TAP,TAP_P00356,-57.1408646146483,-7.268463343825402,forest,0.8467173785863013,-0.7328705191612244,1719.8896589965225,134.1640786499874,False
TAP,TAP_P00358,-56.65428202682662,-6.804685271757577,forest,0.5816778503938872,-0.4913576245307922,28.759473012464856,60.0,False
TAP,TAP_P00363,-57.36590548840461,-5.859445357141255,forest,0.8284371255061983,-0.7034482955932617,755.4504924332542,360.0,False
TAP,TAP_P00364,-57.2767497556648,-7.125134466423542,forest,0.8148391300774512,-0.735243558883667,6532.483013953644,150.0,False
TAP,TAP_P00365,-56.75822763273801,-7.542701026276187,forest,0.8294324298845628,-0.7168742418289185,9991.219089903321,94.86832980505139,False
TAP,TAP_P00366,-55.31747202863416,-6.045584998890682,forest,0.8304142321375864,-0.7057949304580688,628.4854439844795,189.73665961010278,False
TAP,TAP_P00367,-56.71209496506365,-7.443173147907892,forest,0.8393098745728995,-0.7396783232688904,54.65427933810896,212.13203435596427,False
TAP,TAP_P00369,-56.85765221290619,-6.587770775317956,water,-0.23596262674119076,0.1689632534980774,183.92529575320694,60.0,True
TAP,TAP_P00370,-57.51369103604992,-6.917577240839974,forest,0.8066355605904592,-0.7378000617027283,646.9979046698837,108.16653826391968,False
TAP,TAP_P00371,-57.061861521493874,-5.688476853850891,bare/non-forest,0.19024390516655143,-0.1877535879611969,2348.048398524063,30.0,True
TAP,TAP_P00372,-56.34401425791335,-6.518899133007908,bare/non-forest,0.40083216268281746,-0.424339234828949,350.0260657632124,234.30749027719963,True
TAP,TAP_P00373,-56.64305669938831,-7.691139786364716,forest,0.8484586600942435,-0.7359773516654968,71.45163485198529,228.47319317591726,False
TAP,TAP_P00374,-56.61549283006292,-7.658173090593846,forest,0.866808576228782,-0.7648753523826599,68.52304050458186,216.33307652783935,False
TAP,TAP_P00375,-57.26240861820616,-7.168329382377207,forest,0.8641994196067133,-0.7587586641311646,6532.483013953644,152.97058540778355,False
TAP,TAP_P00376,-56.83630295587711,-5.492985878558299,forest,0.8437277812475946,-0.7258997559547424,75.84939625986745,120.0,False
TAP,TAP_P00377,-56.90085480037943,-7.090213997363775,forest,0.8136251415031671,-0.7271479368209839,2030.3979470351633,189.73665961010278,False
TAP,TAP_P00378,-56.30880132797606,-6.529730366212158,forest,0.8303797408186308,-0.675513505935669,750.1200483870076,108.16653826391968,False
TAP,TAP_P00382,-56.53264658528637,-6.899892076975663,forest,0.7866523715097581,-0.6240860223770142,351.03660190948574,60.0,False
TAP,TAP_P00383,-56.41135924814719,-7.280350489426117,forest,0.8252556231531857,-0.7329687476158142,118.291782560865,108.16653826391968,False
TAP,TAP_P00384,-57.69682920284429,-5.505859939968016,forest,0.7413843060068459,-0.6450374126434326,11.426529242639342,30.0,False
TAP,TAP_P00385,-56.47988817077149,-7.010014378013699,forest,0.8327781426268008,-0.7291609048843384,3842.1278497334474,216.33307652783935,False
TAP,TAP_P00387,-57.51941951088134,-6.905061394150589,forest,0.8209098172150193,-0.7183998227119446,47.84267962130468,234.30749027719963,False
TAP,TAP_P00388,-56.526909448604414,-6.29893101334073,forest,0.8614927002826338,-0.7482092976570129,123.50893027159299,42.42640687119285,False
TAP,TAP_P00389,-56.41734669906997,-7.693231725758501,forest,0.7697391330307961,-0.6851115822792053,292.3858439155138,120.0,False
TAP,TAP_P00390,-56.74019007625556,-7.575638054923709,forest,0.7942551691080306,-0.7067620158195496,204.0408299776844,90.0,False
TAP,TAP_P00392,-56.45766036975744,-6.952789557060131,forest,0.814897648408238,-0.7013500332832336,3842.1278497334474,300.0,False
TAP,TAP_P00393,-57.261525203019474,-5.804929858256183,bare/non-forest,0.41840049303661386,-0.313495397567749,84.66461693598245,30.0,True
TAP,TAP_P00394,-57.58104564280601,-5.212789187718644,forest,0.8381231690327916,-0.7321471571922302,142.46844188902702,90.0,False
TAP,TAP_P00395,-56.35773985092865,-6.50023799043624,forest,0.7611607162036966,-0.678935706615448,287.89069744971806,180.0,False
TAP,TAP_P00396,-56.98948503403596,-7.088407816055523,bare/non-forest,0.06155749002552362,-0.1223453059792518,1846.9119318392366,67.0820393249937,True
TAP,TAP_P00398,-56.72644862517328,-6.898858583980593,forest,0.8242830995202232,-0.6916441917419434,479.449942694211,201.24611797498108,False
TAP,TAP_P00399,-56.751893609221234,-7.652951112611974,forest,0.7928618296800978,-0.7236285209655762,9991.219089903321,30.0,False
TAP,TAP_P00401,-56.81213913955857,-5.2335252758564375,forest,0.8552862562211752,-0.712080717086792,300.5850777383372,94.86832980505139,False
TAP,TAP_P00404,-57.02868413199782,-7.472555566197946,forest,0.8158163846589218,-0.7141858339309692,33.77097703754117,67.0820393249937,False
TAP,TAP_P00405,-57.32460074656808,-7.169721106940533,forest,0.8157625389291899,-0.72479248046875,6532.483013953644,30.0,False
TAP,TAP_P00406,-57.518392951412544,-6.915267382228432,forest,0.7364016771184356,-0.6783621311187744,646.9979046698837,30.0,False
TAP,TAP_P00407,-57.42619590352015,-6.927368909024799,forest,0.6360273251831817,-0.5703301429748535,619.4454737123132,30.0,False
TAP,TAP_P00408,-57.42997540285433,-5.12161383959683,forest,0.7292604499990057,-0.6304294466972351,59.37408230731412,42.42640687119285,False
TAP,TAP_P00411,-57.48693028133779,-6.516361889635468,forest,0.6788805384538412,-0.6184125542640686,743.2630366878914,84.8528137423857,False
TAP,TAP_P00412,-56.71774523472424,-6.927411209987907,forest,0.7970836448510917,-0.6533327698707581,256.47303731713737,30.0,False
TAP,TAP_P00414,-57.3421054017269,-7.127793728212527,forest,0.8307004450750357,-0.7332951426506042,6532.483013953644,60.0,False
TAP,TAP_P00415,-57.18859396021033,-7.378362983780366,forest,0.7704809260752787,-0.7130412459373474,2430.777471602475,150.0,False
TAP,TAP_P00416,-57.35048776741005,-7.0366147453937815,forest,0.8404053205473384,-0.7422784566879272,118.71071960981779,150.0,False
TAP,TAP_P00418,-56.51480781340689,-7.4040240333542,forest,0.7990748873570914,-0.7059186697006226,277.2494465030758,60.0,False
TAP,TAP_P00419,-57.32339034048524,-6.169122411069114,forest,0.8456964912300315,-0.7294682264328003,1393.6647522987732,84.8528137423857,False
TAP,TAP_P00421,-56.16188825183804,-6.788646490939175,forest,0.8149064004076846,-0.6922252178192139,36.499541919394396,60.0,False
TAP,TAP_P00422,-56.47455432567752,-6.994855148004436,forest,0.7448294513535143,-0.6803727149963379,3842.1278497334474,201.24611797498108,False
TAP,TAP_P00423,-56.42078723329854,-6.276566410359166,forest,0.81294452891225,-0.7048177123069763,90.47788851104241,120.0,False
TAP,TAP_P00431,-56.64372484909079,-5.8288689891139,forest,0.8491238314777713,-0.748847246170044,1909.7384285300964,174.92855684535903,False
TAP,TAP_P00432,-55.31362184196372,-6.046764355468097,forest,0.7529636820671785,-0.6826042532920837,628.4854439844795,445.9820624195552,False
TAP,TAP_P00434,-56.59621798946095,-5.8559839797917626,forest,0.7937267298081935,-0.6769617795944214,78.3442198924609,67.0820393249937,False
TAP,TAP_P00435,-56.92997371697654,-7.485803587564912,forest,0.8488605780142459,-0.7322404980659485,384.2965911511187,169.7056274847714,False
TAP,TAP_P00436,-55.86026618264223,-7.046323006035196,forest,0.7963843959933791,-0.7083786725997925,82.712830434076,323.10988842807024,False
TAP,TAP_P00438,-56.26550340458651,-6.708232483991618,forest,0.7831233314159728,-0.6969476938247681,1138.2805734249494,120.0,False
TAP,TAP_P00439,-57.492900100982254,-5.135433013379108,forest,0.8152948728239745,-0.680137574672699,356.6861205336343,42.42640687119285,False
TAP,TAP_P00440,-57.525700679621565,-6.957067128204214,forest,0.7479874043720438,-0.6630221605300903,337.03016278649665,84.8528137423857,False
TAP,TAP_P00441,-56.707671176703776,-5.655343475721229,forest,0.8035908556160963,-0.6562261581420898,1909.7384285300964,84.8528137423857,False
TAP,TAP_P00442,-57.07006907128638,-6.956799696250161,forest,0.8120353775488763,-0.7228792309761047,52.30495392240194,94.86832980505139,False
TAP,TAP_P00443,-57.34308602789337,-6.129603423446143,forest,0.8104860759286611,-0.6851005554199219,1393.6647522987732,120.0,False
TAP,TAP_P00444,-55.91899797221655,-6.226110883583804,forest,0.7567121660545839,-0.6453083157539368,1142.5444204523114,42.42640687119285,False
TAP,TAP_P00445,-55.94357997445979,-6.211896924718326,forest,0.8130630640787805,-0.7082958817481995,1142.5444204523114,134.1640786499874,False
TAP,TAP_P00446,-57.45440014768825,-4.842699435893098,water,-0.2902843680863923,0.2963294684886932,304.5920224318205,30.0,True
TAP,TAP_P00447,-56.77170873241484,-7.637230504497985,water,-0.2991663388996001,0.2421570867300033,9991.219089903321,60.0,True
TAP,TAP_P00448,-56.680760780962245,-4.863668350383124,forest,0.8782809363602648,-0.768721342086792,467.49816027068374,241.86773244895647,False
TAP,TAP_P00449,-56.33653341118211,-6.9830566594218055,forest,0.790048345798443,-0.6921380162239075,44.93360846627343,90.0,False
TAP,TAP_P00450,-56.42408008987999,-7.707275017606489,forest,0.5554623147354584,-0.5214651823043823,292.3858439155138,30.0,False
TAP,TAP_P00451,-56.35628294701788,-6.089976862549251,forest,0.6385002969704642,-0.5028396844863892,31.489815182176333,30.0,False
TAP,TAP_P00453,-57.65116763780402,-5.11262708046277,forest,0.8091934131699254,-0.6932380199432373,40.81359073242232,60.0,False
TAP,TAP_P00456,-56.50034114921953,-6.312757521472666,forest,0.8306684049401158,-0.7065146565437317,193.67031197625485,42.42640687119285,False
TAP,TAP_P00457,-56.47655488489116,-7.025141281409582,forest,0.6753026702752404,-0.5492900609970093,3842.1278497334474,94.86832980505139,False
TAP,TAP_P00458,-57.527041417294015,-5.178036715002246,forest,0.8075766559416911,-0.6911447048187256,1623.9711795345822,90.0,False
TAP,TAP_P00459,-57.443267673378365,-4.959170623113548,forest,0.8367010316119996,-0.7418893575668335,310.5627720115929,108.16653826391968,False
TAP,TAP_P00460,-57.49886008846851,-5.7989067660256,forest,0.8146904858067644,-0.6915602087974548,54.93448099906961,42.42640687119285,False
TAP,TAP_P00462,-56.74149839289728,-7.639425731151577,bare/non-forest,0.34656672354883933,-0.3887172639369964,9991.219089903321,42.42640687119285,True
TAP,TAP_P00463,-56.40174588247331,-6.895394952684257,forest,0.7807962575912752,-0.6430633068084717,50.53865281416365,60.0,False
TAP,TAP_P00464,-57.25172616673609,-7.184939877917072,forest,0.828639910393044,-0.7151065468788147,6532.483013953644,120.0,False
TAP,TAP_P00465,-57.46603702093002,-6.558995818250864,bare/non-forest,0.28140901649739364,-0.2998413443565368,36.56175320155038,30.0,True
TAP,TAP_P00466,-56.10092205942394,-5.495611697761071,forest,0.8416364228034621,-0.7434343099594116,596.0602670451929,152.97058540778355,False
TAP,TAP_P00467,-56.40987309009248,-6.132595733291523,forest,0.8384635680220566,-0.7423409223556519,644.558099770636,30.0,False
TAP,TAP_P00468,-56.42308914041465,-7.089888444709971,forest,0.7162510775607679,-0.660677433013916,134.0806605855815,30.0,False
TAP,TAP_P00469,-57.50638663659688,-5.374688269904784,forest,0.804656801928644,-0.685326099395752,32.99649974350539,150.0,False
TAP,TAP_P00470,-56.68123026882479,-7.83767821842457,forest,0.8618316580497147,-0.743789553642273,891.9454453893104,84.8528137423857,False
TAP,TAP_P00472,-56.52394858138821,-7.03870385206153,bare/non-forest,0.22613927575745124,-0.3159394860267639,3842.1278497334474,30.0,True
TAP,TAP_P00473,-56.866298257288186,-6.656549966091412,forest,0.8442518538921605,-0.7194538712501526,10.92985421777602,120.0,False
TAP,TAP_P00475,-57.43498196434423,-5.7291376696091145,forest,0.7439369812738393,-0.6662667989730835,27.74075702167646,108.16653826391968,False
TAP,TAP_P00476,-57.502929411239045,-5.23045905603566,water,-0.07660878501810828,0.0857966840267181,391.39086728265846,30.0,True
TAP,TAP_P00477,-56.43758556957298,-6.535255642312018,forest,0.6549746998138513,-0.6297895908355713,181.80061056683087,30.0,False
TAP,TAP_P00479,-57.03864862744396,-7.2652005399805795,forest,0.8006580245412346,-0.7298399806022644,2175.487275045593,123.69316876852982,False
TAP,TAP_P00480,-56.356382786155365,-6.840607808387639,forest,0.8174273918784761,-0.7266083359718323,1375.8358951947446,42.42640687119285,False
TAP,TAP_P00481,-57.50754634175054,-6.941594511624031,forest,0.6584440131574617,-0.6203389763832092,337.03016278649665,123.69316876852982,False
TAP,TAP_P00482,-57.09431392138254,-4.962300635611384,forest,0.8539151862634257,-0.7414187788963318,98.94942140653737,182.48287590894657,False
TAP,TAP_P00484,-56.65701650280055,-7.576842434152062,forest,0.7812939649978475,-0.6659436225891113,292.6716534958322,30.0,False
TAP,TAP_P00488,-56.23353849704778,-6.76283712784244,forest,0.8545554402636405,-0.7447108626365662,1896.608348381681,123.69316876852982,False
TAP,TAP_P00490,-57.30854810795616,-7.176235740083711,forest,0.8178368191638923,-0.7254326939582825,6532.483013953644,607.4537019394976,False
TAP,TAP_P00491,-56.837154884262894,-7.133405032221758,forest,0.8577054904723297,-0.711208701133728,488.2524627143045,60.0,False
TAP,TAP_P00492,-57.14025386626535,-7.283755400539782,forest,0.8470392257227317,-0.7200034260749817,1719.8896589965225,150.0,False
TAP,TAP_P00494,-57.467815654433096,-5.695939161416009,forest,0.8045033992997342,-0.6999483704566956,279.80066301851934,300.0,False
TAP,TAP_P00496,-56.602703819130525,-5.8124905635837445,bare/non-forest,0.3808267536254906,-0.3722302615642547,410.9512644248099,30.0,True
TAP,TAP_P00497,-57.1031138417634,-5.500830583156988,bare/non-forest,0.3735776001031844,-0.3690631985664367,146.24347947327314,30.0,True
TAP,TAP_P00499,-55.92622027419523,-6.999411623781596,forest,0.8464106920015146,-0.7402667999267578,91.42756678095114,573.149195236284,False
TAP,TAP_P00500,-57.1218050620061,-7.244945699353264,forest,0.7177113371044046,-0.6425676345825195,304.03316390982445,182.48287590894657,False
TAP,TAP_P00501,-56.56462209662383,-5.510158054236212,forest,0.8052935728769404,-0.6994252800941467,163.0565352850285,247.38633753705963,False
TAP,TAP_P00502,-56.52368869718035,-7.041795463876172,bare/non-forest,0.14259004811021578,-0.1345690637826919,3842.1278497334474,30.0,True
TAP,TAP_P00503,-56.993271076564,-7.087719820940449,bare/non-forest,0.4872702888808593,-0.4456402957439422,1846.9119318392366,30.0,True
TAP,TAP_P00504,-56.876119816985074,-7.004115303187835,forest,0.8386929474887048,-0.7113401889801025,936.0845757344995,182.48287590894657,False
TAP,TAP_P00505,-57.08386700035711,-5.672377856572725,forest,0.8516030580753924,-0.7391077280044556,2348.048398524063,123.69316876852982,False
TAP,TAP_P00507,-56.06079111012996,-6.345527972599982,forest,0.8350150758711841,-0.7136597037315369,349.45344360715586,94.86832980505139,False
TAP,TAP_P00509,-57.14872137429476,-7.210523021480843,forest,0.8362138613310423,-0.748327910900116,86.06904970186682,42.42640687119285,False
TAP,TAP_P00510,-57.06814305294706,-5.696918369043829,forest,0.8180681443736642,-0.7045084238052368,2348.048398524063,42.42640687119285,False
TAP,TAP_P00512,-56.49590747313549,-6.983816567805476,forest,0.8339368862581751,-0.70010906457901,3842.1278497334474,30.0,False
TAP,TAP_P00513,-56.32709079473907,-6.801322697468899,bare/non-forest,0.43883394263452435,-0.4385778903961181,1375.8358951947446,30.0,True
TAP,TAP_P00514,-56.73081883814006,-7.08684633598196,water,-0.07166123594046761,0.0201612971723079,475.5724296900206,42.42640687119285,True
TAP,TAP_P00515,-56.82883449303491,-5.4514768171655135,forest,0.8313778955283522,-0.6986737251281738,1838.6847913386882,42.42640687119285,False
TAP,TAP_P00516,-56.76099902505408,-7.500607984523388,forest,0.7404070823672123,-0.6674999594688416,9991.219089903321,30.0,False
TAP,TAP_P00517,-56.28966083223898,-7.326602161418745,forest,0.8198198214035733,-0.705834686756134,145.08259338757625,192.09372712298546,False
TAP,TAP_P00518,-56.92547411031338,-5.746061069944373,forest,0.8243718574136856,-0.7231641411781311,478.45889108468157,90.0,False
TAP,TAP_P00519,-56.9236547970686,-6.885201443211971,forest,0.841518048802066,-0.7157400846481323,1012.8044767743654,30.0,False
TAP,TAP_P00520,-57.036178685280746,-6.807557344471148,forest,0.8444767491835948,-0.7351816296577454,247.36793958945336,134.1640786499874,False
TAP,TAP_P00521,-56.390768688226565,-6.8581154029483615,forest,0.7281745848426368,-0.6555564403533936,1375.8358951947446,30.0,False
TAP,TAP_P00522,-55.92254885472431,-6.237931003788764,forest,0.5472209704209139,-0.5461782813072205,1142.5444204523114,108.16653826391968,False
TAP,TAP_P00523,-56.22348149619173,-6.725901259870692,forest,0.67689663228101,-0.6128700375556946,1896.608348381681,67.0820393249937,False
TAP,TAP_P00524,-56.00974923851985,-6.452066723152461,forest,0.5480984506244976,-0.5141116976737976,177.286609524948,30.0,False
TAP,TAP_P00525,-57.49176524435508,-5.365672124287375,forest,0.8208862738179258,-0.7047619223594666,434.0032981639618,42.42640687119285,False
TAP,TAP_P00527,-56.39313514368206,-6.378906601415946,forest,0.8080141778021742,-0.7044171094894409,65.74458382031601,42.42640687119285,False
TAP,TAP_P00528,-56.84675559048427,-5.766720293820968,forest,0.8368955511709655,-0.7391142249107361,1231.4065370376056,150.0,False
TAP,TAP_P00529,-57.517236516822514,-6.957751644071484,forest,0.8462188402888456,-0.7379151582717896,337.03016278649665,362.49137920783716,False
TAP,TAP_P00530,-56.76782178956058,-7.477411660950781,forest,0.8399031826459908,-0.7364625930786133,9991.219089903321,134.1640786499874,False
TAP,TAP_P00531,-56.68902132833194,-5.702359674809742,forest,0.8259899647368966,-0.7105719447135925,1909.7384285300964,30.0,False
TAP,TAP_P00532,-57.274629442044585,-7.146985257222996,forest,0.8261014623828252,-0.7371090650558472,6532.483013953644,123.69316876852982,False
TAP,TAP_P00533,-56.52858071138533,-7.037119714822142,forest,0.5703869885033324,-0.5385621190071106,3842.1278497334474,120.0,False
TAP,TAP_P00535,-56.72446560588241,-7.531485999370323,forest,0.8435321545641679,-0.7383116483688354,9991.219089903321,150.0,False
TAP,TAP_P00536,-57.01991880633488,-6.96428441117642,forest,0.811933526019571,-0.7243589758872986,383.16344756746946,150.0,False
TAP,TAP_P00537,-57.613194263499935,-6.860191527847344,forest,0.8267809533948766,-0.7268993854522705,325.31826304198074,60.0,False
TAP,TAP_P00541,-56.89420879881536,-6.07569647883432,forest,0.7804288161492743,-0.6792327165603638,521.811872608449,30.0,False
TAP,TAP_P00542,-57.30966200463557,-7.177636253996304,forest,0.8587273777502916,-0.7301537394523621,6532.483013953644,600.0,False
TAP,TAP_P00543,-56.48966405247481,-5.775027894546621,forest,0.8452508096343719,-0.7343407273292542,412.2193479293087,60.0,False
TAP,TAP_P00544,-56.75100049053866,-6.678910579207086,forest,0.7975217440369083,-0.7002294063568115,262.81465893527775,30.0,False
TAP,TAP_P00545,-56.698558585537015,-7.1953540307574855,forest,0.8193136555285689,-0.7334698438644409,282.3150801697901,127.27922061357854,False
TAP,TAP_P00546,-56.88043343267511,-7.219177569472649,forest,0.8319202719861885,-0.7211449146270752,205.22709128104563,84.8528137423857,False
TAP,TAP_P00548,-56.65907245438204,-6.78528280662006,forest,0.5071612220302246,-0.4737513363361358,169.29337294360857,42.42640687119285,False
TAP,TAP_P00549,-56.7682375388686,-7.627525171336392,forest,0.7874581192398549,-0.7342276573181152,9991.219089903321,30.0,False
TAP,TAP_P00550,-56.479143728534666,-6.576439665279311,forest,0.8590280951671324,-0.752439558506012,1052.397171449675,120.0,False
TAP,TAP_P00551,-57.524448729172406,-6.508646185558434,forest,0.5497903674969453,-0.5164024829864502,130.20075837655494,30.0,False
TAP,TAP_P00553,-56.8322005060944,-7.083522561693558,forest,0.842105253372291,-0.7285473942756653,397.75589165722465,408.0441152620633,False
TAP,TAP_P00554,-56.828713559953485,-7.022857243338104,forest,0.819296379659336,-0.7330710887908936,99.81651080106879,60.0,False
TAP,TAP_P00555,-57.39996600694964,-6.192118109827293,forest,0.7988861381573754,-0.7037254571914673,1929.2377405479056,134.1640786499874,False
TAP,TAP_P00556,-57.46591593619684,-5.011988925000988,forest,0.8234205754345364,-0.7115192413330078,735.601238367819,90.0,False
TAP,TAP_P00557,-57.001186605672906,-6.930964160936501,forest,0.8497757945387204,-0.7342763543128967,258.5035911950733,642.0280367709809,False
TAP,TAP_P00558,-57.1729814522623,-7.372149600766181,forest,0.8428024733318095,-0.7343999743461609,2430.777471602475,42.42640687119285,False
TAP,TAP_P00559,-56.51938687727453,-7.393546036469721,forest,0.7426390478802717,-0.6738826632499695,277.2494465030758,67.0820393249937,False
TAP,TAP_P00560,-56.487715734508754,-5.774857584687734,forest,0.8039525800881826,-0.6984219551086426,412.2193479293087,120.0,False
TAP,TAP_P00561,-56.471543851973735,-5.798206450172104,forest,0.8497597814091362,-0.7205145359039307,132.50852886499555,84.8528137423857,False
TAP,TAP_P00562,-57.3053546300024,-7.087040570869503,forest,0.8627559475523872,-0.7667863965034485,6532.483013953644,30.0,False
TAP,TAP_P00563,-56.64417175799716,-6.977099670744652,forest,0.6678310692898548,-0.5836493968963623,1008.8881937929187,234.30749027719963,False
TAP,TAP_P00564,-57.47554451127724,-5.350621161261115,forest,0.7458755403948525,-0.6650452017784119,38.18964267385392,42.42640687119285,False
TAP,TAP_P00565,-56.83459505353539,-5.19106141504364,bare/non-forest,0.12795121452696426,-0.1338013857603073,95.597765930966,42.42640687119285,True
TAP,TAP_P00567,-57.15491124768753,-5.516139528384305,forest,0.8607117557378343,-0.7618091106414795,1380.3456256924787,216.33307652783935,False
TAP,TAP_P00568,-57.147241324813656,-7.307600565692266,forest,0.8600056723469083,-0.7440627217292786,1719.8896589965225,94.86832980505139,False
TAP,TAP_P00569,-56.01624352069451,-6.18558036678407,forest,0.8687040257994999,-0.7682499885559082,393.60409921027764,256.3201123595259,False
TAP,TAP_P00570,-56.98062357400221,-6.972967309788208,forest,0.7963184200960989,-0.7014448642730713,59.51713223432203,30.0,False
TAP,TAP_P00571,-57.27655945949313,-7.130658627783638,forest,0.7596359777203715,-0.6866256594657898,6532.483013953644,127.27922061357854,False
TAP,TAP_P00572,-57.5596330752567,-6.561185670514716,forest,0.826517970041397,-0.709510087966919,781.3254531708121,123.69316876852982,False
TAP,TAP_P00573,-57.17997381379527,-7.0244386749363805,forest,0.8554460458495964,-0.7408278584480286,49.403246531463886,161.55494421403512,False
TAP,TAP_P00574,-57.17609492004384,-7.026375047346444,forest,0.8376251824389565,-0.7272727489471436,49.403246531463886,182.48287590894657,False
TAP,TAP_P00576,-56.16553224899644,-5.8475895925608725,forest,0.8716007795392137,-0.7400330305099487,47.95538121008097,94.86832980505139,False
TAP,TAP_P00579,-57.14555885151185,-5.533433836332683,forest,0.8780425256930503,-0.7624273896217346,79.9481052800455,152.97058540778355,False
TAP,TAP_P00580,-57.37318382982284,-6.138733409641759,forest,0.8278298630818623,-0.7182186841964722,1393.6647522987732,201.24611797498108,False
TAP,TAP_P00582,-57.42898825452591,-6.275834198780846,bare/non-forest,0.2408759003108684,-0.1825716197490692,599.5998986372902,30.0,True
TAP,TAP_P00583,-56.712580984002926,-7.126742639814077,forest,0.792544552692543,-0.710485577583313,402.8868986953326,254.5584412271571,False
TAP,TAP_P00584,-56.72568998675499,-7.0952706808676576,forest,0.7750887193732802,-0.6653332114219666,475.5724296900206,108.16653826391968,False
TAP,TAP_P00585,-56.60855479019104,-7.322790761968885,forest,0.8395592990959239,-0.7193825840950012,1400.357443306783,42.42640687119285,False
TAP,TAP_P00586,-57.34940586829972,-5.7183266415448974,forest,0.8337041150618303,-0.7133125066757202,66.23965740164641,120.0,False
TAP,TAP_P00587,-56.56646980247426,-5.508154251189257,forest,0.8127853894224095,-0.689393937587738,163.0565352850285,189.73665961010278,False
TAP,TAP_P00588,-57.16417383868031,-7.361561544104635,forest,0.843780135328147,-0.724812388420105,2430.777471602475,30.0,False
TAP,TAP_P00590,-56.912107900153536,-7.098224677213416,forest,0.8176906588649981,-0.7120333909988403,2030.3979470351633,30.0,False
TAP,TAP_P00591,-56.89371334766172,-5.4376883112563,water,0.005529592083407677,0.1536555141210556,1838.6847913386882,30.0,True
TAP,TAP_P00592,-57.284973862192864,-7.135812537819182,forest,0.8383116897803791,-0.7411066889762878,6532.483013953644,258.0697580112788,False
TAP,TAP_P00593,-56.58788320322639,-7.708117607746863,forest,0.8416047562734139,-0.731261134147644,462.1114501786626,90.0,False
TAP,TAP_P00594,-56.899796442781785,-7.056864130429213,forest,0.7589010236715729,-0.6338672637939453,2030.3979470351633,30.0,False
TAP,TAP_P00595,-57.1010687161398,-5.498160424056438,forest,0.8034614144056773,-0.7125411033630371,146.24347947327314,174.92855684535903,False
TAP,TAP_P00596,-57.39841457611482,-6.193598162813901,forest,0.6554396560332375,-0.5737344026565552,1929.2377405479056,30.0,False
TAP,TAP_P00597,-54.96030884711253,-7.4840595362899665,forest,0.5496987956876849,-0.4901757836341858,128.4463734038568,3609.11346455054,False
TAP,TAP_P00598,-56.698050050719154,-7.606638843563888,forest,0.8049430220773158,-0.7033531665802002,9991.219089903321,30.0,False
TAP,TAP_P00600,-56.22128598922335,-6.804728355916607,forest,0.8217230462583828,-0.7040922045707703,109.28108116688176,228.47319317591726,False
TAP,TAP_P00601,-56.34833080217176,-7.291313948572757,forest,0.831995900844815,-0.7091819643974304,94.13875516793101,152.97058540778355,False
TAP,TAP_P00602,-56.02024183227266,-6.189027015473218,forest,0.8267634902074716,-0.7212317585945129,393.60409921027764,30.0,False
TAP,TAP_P00605,-56.592450268334815,-7.327799767569788,forest,0.7865058691475746,-0.6883816123008728,1400.357443306783,30.0,False
TAP,TAP_P00607,-56.64843127158458,-6.902397583504379,forest,0.8004163948508376,-0.7045057415962219,99.76973581522446,42.42640687119285,False
TAP,TAP_P00608,-56.68630358143564,-7.627432741974779,bare/non-forest,0.42131474547065545,-0.489636093378067,9991.219089903321,67.0820393249937,True
TAP,TAP_P00609,-57.03902100282982,-5.807500803477212,forest,0.831398906606844,-0.715059220790863,213.28949651310066,276.5863337187866,False
TAP,TAP_P00610,-56.61561421921713,-5.725741807567457,forest,0.6657584030205372,-0.5917090177536011,445.0964564327447,30.0,False
TAP,TAP_P00614,-56.67516967511419,-6.942798280131697,forest,0.7971191985394398,-0.6905845403671265,101.79515282461291,174.92855684535903,False
TAP,TAP_P00615,-56.89373329445489,-6.994658445463135,forest,0.790993216488012,-0.7021233439445496,936.0845757344995,30.0,False
TAP,TAP_P00616,-56.67405209489856,-6.948455620246402,forest,0.7942979575929477,-0.6788832545280457,101.79515282461291,134.1640786499874,False
TAP,TAP_P00618,-57.549520068102986,-6.5350996489566855,forest,0.825951341967308,-0.7225033044815063,781.3254531708121,150.0,False
TAP,TAP_P00619,-56.28282746548246,-6.166515296371874,forest,0.828647035011204,-0.6932185292243958,319.00897592000683,134.1640786499874,False
TAP,TAP_P00620,-56.98928581366651,-7.148684145989691,forest,0.8293287366087765,-0.7299832701683044,664.3916423685731,67.0820393249937,False
TAP,TAP_P00622,-57.57696883594223,-6.858055388416076,forest,0.8051724114675658,-0.7015967965126038,940.4013963372355,270.0,False
TAP,TAP_P00623,-57.321680028719214,-6.174687058177709,forest,0.8124594484115502,-0.7119024395942688,1393.6647522987732,120.0,False
TAP,TAP_P00625,-56.5223218037481,-6.52048236949247,forest,0.8376891239801617,-0.7432885766029358,1052.397171449675,60.0,False
TAP,TAP_P00627,-56.33762444230224,-7.311974600461724,forest,0.8757655249746132,-0.7615401148796082,1063.6012068494724,364.96575181789314,False
TAP,TAP_P00628,-57.55943539774919,-6.873290943912684,forest,0.7963272057489377,-0.694720983505249,940.4013963372355,152.97058540778355,False
TAP,TAP_P00631,-56.60434978012707,-6.877974637808542,forest,0.770034840190452,-0.7119204998016357,38.76439308515624,90.0,False
TAP,TAP_P00632,-56.84370737248372,-6.085698179336756,forest,0.8310810775520558,-0.7254248261451721,38.58455617170796,150.0,False
TAP,TAP_P00635,-56.50128290741614,-6.98604720466899,forest,0.5928173562963882,-0.5259820818901062,3842.1278497334474,67.0820393249937,False
TAP,TAP_P00636,-57.57070218147313,-6.877846704485225,forest,0.7351503787777455,-0.6574206948280334,940.4013963372355,60.0,False
TAP,TAP_P00640,-57.4118657483948,-6.012737639152533,forest,0.8145887885350879,-0.682990312576294,2568.233036550785,67.0820393249937,False
TAP,TAP_P00641,-57.43436169993439,-5.215996352324439,forest,0.8040609049416632,-0.6669005751609802,71.9485893927255,134.1640786499874,False
TAP,TAP_P00642,-56.05413742496725,-5.511986496287171,forest,0.871994766503171,-0.7449153065681458,596.0602670451929,42.42640687119285,False
TAP,TAP_P00643,-57.553378271427576,-6.929335167364024,forest,0.7293283657094144,-0.6304970383644104,220.1502302259007,30.0,False
TAP,TAP_P00644,-57.425888477696,-6.934544052168806,forest,0.8462992150596251,-0.7220288515090942,619.4454737123132,210.0,False
TAP,TAP_P00646,-56.26309386916539,-6.275671553224656,forest,0.8058057948563998,-0.7016007304191589,382.36887239380616,30.0,False
TAP,TAP_P00647,-56.87681248301461,-7.005382900564157,forest,0.7808876446263713,-0.7000705599784851,936.0845757344995,30.0,False
TAP,TAP_P00648,-56.76678532827778,-7.567763203713662,forest,0.850369448639618,-0.7478376626968384,9991.219089903321,67.0820393249937,False
TAP,TAP_P00649,-57.03806698536445,-5.832532384212303,forest,0.7577240688677086,-0.6513864994049072,213.28949651310066,174.92855684535903,False
TAP,TAP_P00650,-56.77871363938865,-6.814226324571623,bare/non-forest,0.4466709655600652,-0.4351496398448944,43.163543853230856,189.73665961010278,True
TAP,TAP_P00651,-56.22928678384074,-6.73257919367058,forest,0.831601805073811,-0.7137772440910339,1896.608348381681,268.3281572999748,False
TAP,TAP_P00652,-56.60349440873385,-7.875865757469006,forest,0.8121368563436674,-0.7345454692840576,59.98490423915001,67.0820393249937,False
TAP,TAP_P00654,-56.87755798742888,-5.702241297420595,forest,0.8046640462505069,-0.7232067584991455,1287.902270433891,60.0,False
TAP,TAP_P00655,-57.16213574564917,-5.537598049829435,forest,0.867264072045005,-0.7672562003135681,1380.3456256924787,90.0,False
TAP,TAP_P00656,-56.63452252741442,-5.536866586539258,forest,0.7763309086107633,-0.6512088775634766,306.76637265204636,67.0820393249937,False
TAP,TAP_P00657,-56.90815259212052,-7.102760359345815,forest,0.8172554375506359,-0.7000847458839417,2030.3979470351633,120.0,False
TAP,TAP_P00659,-57.13240827146719,-7.407948139882958,forest,0.7120761584932119,-0.6149510145187378,2430.777471602475,30.0,False
TAP,TAP_P00660,-56.42441557036643,-6.286103334877478,forest,0.8083508565028803,-0.7091965675354004,93.5626858716561,42.42640687119285,False
TAP,TAP_P00661,-56.74360131298907,-6.5913383497788285,forest,0.8004319856104353,-0.6818743944168091,763.3836055500649,30.0,False
TAP,TAP_P00662,-56.709880203054304,-7.28118786304838,forest,0.824646556309562,-0.7173421382904053,273.5239136290943,90.0,False
TAP,TAP_P00663,-56.86940016411859,-5.653551200434433,forest,0.8580215340867202,-0.7299738526344299,1287.902270433891,94.86832980505139,False
TAP,TAP_P00664,-56.1968206599096,-6.825759197373409,forest,0.8349919844073109,-0.7348880171775818,306.68345628742895,120.0,False
TAP,TAP_P00667,-57.48826830112536,-5.152846593660821,forest,0.8235467795971501,-0.7075822353363037,1623.9711795345822,67.0820393249937,False
TAP,TAP_P00668,-56.35268514068449,-6.687275094431236,forest,0.750331131448182,-0.6715301275253296,13.085637145210871,1415.0971698084907,False
TAP,TAP_P00669,-57.628462487078224,-6.8225915050403385,forest,0.8072992653094483,-0.6949028372764587,17.33711757021878,1006.2305898749053,False
TAP,TAP_P00670,-56.710469737057615,-7.180087535130811,forest,0.84660250559292,-0.7261492609977722,282.3150801697901,150.0,False
TAP,TAP_P00671,-54.96121004296998,-7.484850597012664,forest,0.622875814526806,-0.5636489987373352,128.4463734038568,3488.911004883902,False
TAP,TAP_P00673,-55.37620430044227,-6.009100244132444,forest,0.7916502038562511,-0.6839134097099304,157.3426125772589,84.8528137423857,False
TAP,TAP_P00674,-55.86899662753637,-7.0337716911617125,forest,0.8661220737852305,-0.7611661553382874,81.39584490740303,268.3281572999748,False
TAP,TAP_P00675,-57.362190041716346,-5.97286242676309,forest,0.8332253887846492,-0.7262802124023438,376.1039406572246,313.20919526731655,False
TAP,TAP_P00676,-57.45644529579792,-5.281123332474653,forest,0.575855680393942,-0.5122725367546082,341.60869704367684,42.42640687119285,False
TAP,TAP_P00678,-56.69647909539724,-7.616568290657578,forest,0.8274687861590038,-0.707412600517273,9991.219089903321,90.0,False
TAP,TAP_P00680,-57.06893793882122,-7.2081777505585665,forest,0.8440846122698292,-0.7410556077957153,2175.487275045593,30.0,False
TAP,TAP_P00681,-57.376579117545546,-7.03309172860759,forest,0.828758487278073,-0.7277711629867554,134.5265572308545,60.0,False
TAP,TAP_P00683,-57.11227807614556,-5.63166438766645,forest,0.8230834064643404,-0.7177218198776245,2348.048398524063,60.0,False
TAP,TAP_P00686,-56.35331170112974,-5.760842887094364,forest,0.8412698427138361,-0.7351694703102112,272.783459296162,300.0,False
TAP,TAP_P00687,-57.45320754652841,-6.276772153712959,forest,0.8305482347729869,-0.7045992016792297,599.5998986372902,30.0,False
TAP,TAP_P00688,-57.368392645228695,-5.815170451273421,forest,0.8346915012413532,-0.719275951385498,412.7668648555116,60.0,False
TAP,TAP_P00689,-56.969289216449496,-5.739904863293212,forest,0.8679868008023324,-0.74349445104599,131.5234436360303,84.8528137423857,False
TAP,TAP_P00691,-57.4058151400231,-6.057908518968618,forest,0.8219497903385159,-0.7211213111877441,1358.8105955343228,84.8528137423857,False
TAP,TAP_P00692,-56.58428184414981,-7.319715391410218,forest,0.8550222053180904,-0.7097651958465576,1400.357443306783,108.16653826391968,False
TAP,TAP_P00693,-57.30633114633158,-7.085961500750912,bare/non-forest,0.3660560006531168,-0.3809198439121246,6532.483013953644,108.16653826391968,True
TAP,TAP_P00695,-55.97585924006632,-6.1989296070904025,forest,0.8269942857357812,-0.719565212726593,1362.2993807535643,169.7056274847714,False
TAP,TAP_P00697,-56.43064094147184,-6.977990541093537,forest,0.8058975109408674,-0.6833611726760864,114.58308942148183,94.86832980505139,False
TAP,TAP_P00698,-57.43449838631386,-6.248042888948768,forest,0.6835488421827048,-0.6629316210746765,103.80123038061815,60.0,False
TAP,TAP_P00700,-57.07598931952822,-5.669215537039872,forest,0.8305616556484908,-0.7270574569702148,2348.048398524063,268.3281572999748,False
TAP,TAP_P00701,-57.34646221146645,-6.076875587094108,forest,0.8176418145266445,-0.7086203098297119,1622.7644649724284,90.0,False
TAP,TAP_P00703,-56.55941250932866,-7.888708396617882,forest,0.8412534595392518,-0.7395434379577637,121.0334950867526,210.0,False
TAP,TAP_P00704,-56.26488611633554,-6.6798081353180265,forest,0.8010083966731323,-0.7064515948295593,25.08701850504996,94.86832980505139,False
TAP,TAP_P00706,-56.61314309860533,-7.322814036434255,forest,0.849559568804856,-0.7486575841903687,1400.357443306783,42.42640687119285,False
TAP,TAP_P00707,-57.34073703027034,-6.103167111427153,forest,0.842683073320148,-0.7298349738121033,1622.7644649724284,42.42640687119285,False
TAP,TAP_P00708,-57.427826275605575,-5.700930814736347,forest,0.8383735611669756,-0.7148358225822449,408.90304961034366,445.9820624195552,False
TAP,TAP_P00709,-56.25928652051248,-6.241731699559077,bare/non-forest,0.49345649484838827,-0.5126825571060181,94.98540601864828,30.0,True
TAP,TAP_P00711,-56.715775314344704,-7.622956819812164,forest,0.8631565444290661,-0.741601824760437,9991.219089903321,90.0,False
TAP,TAP_P00712,-56.67936511055734,-5.952228737048127,forest,0.6337573956455507,-0.5321010947227478,220.65963046848606,30.0,False
TAP,TAP_P00713,-57.45363552014575,-6.157486869832082,forest,0.8212351032532018,-0.6727182269096375,1929.2377405479056,30.0,False
TAP,TAP_P00714,-55.85644684277051,-7.081353456196214,forest,0.8279898293697605,-0.6943352818489075,190.72232447824902,90.0,False
TAP,TAP_P00715,-55.994318121882976,-6.195879417825136,bare/non-forest,0.3258427222822431,-0.2170439213514328,1362.2993807535643,67.0820393249937,True
TAP,TAP_P00716,-56.663850822529554,-5.361055435304575,forest,0.8492411923087265,-0.6905664205551147,16.735929922747477,90.0,False
TAP,TAP_P00717,-55.31361919296915,-6.04038431732392,forest,0.8460119917363252,-0.7370030283927917,628.4854439844795,161.55494421403512,False
TAP,TAP_P00718,-57.52751960323084,-4.904233930490606,forest,0.8019403232619207,-0.7069025635719299,462.9757845096954,94.86832980505139,False
TAP,TAP_P00719,-56.403749669218776,-6.863131335778133,forest,0.7797695297034565,-0.6771767735481262,1375.8358951947446,218.40329667841553,False
TAP,TAP_P00720,-57.41840409107661,-6.022760808808238,forest,0.8307121789012708,-0.7281097173690796,21.985192741846898,152.97058540778355,False
TAP,TAP_P00721,-56.86982803275495,-7.0714575533800215,forest,0.5544138020397303,-0.448332279920578,2030.3979470351633,30.0,False
TAP,TAP_P00722,-56.991066943966594,-7.32515663741509,forest,0.862460919098296,-0.7578076124191284,323.6206393411216,127.27922061357854,False
TAP,TAP_P00724,-56.63107420659804,-6.92092041614563,forest,0.7785726417813454,-0.701999306678772,417.0850294164283,169.7056274847714,False
TAP,TAP_P00725,-57.03865744448628,-7.172374899872732,water,-0.19957761896633605,0.0800359547138214,309.769241219543,30.0,True
TAP,TAP_P00726,-56.84265036103273,-5.7037463064595935,forest,0.7973634598329661,-0.6993513107299805,1287.902270433891,241.86773244895647,False
TAP,TAP_P00727,-57.02663051699791,-7.266322268585445,forest,0.8282163713527511,-0.7266607880592346,2175.487275045593,234.30749027719963,False
TAP,TAP_P00728,-56.02549355189298,-5.496990413888962,forest,0.8166215414763638,-0.7087479829788208,23.897156418192587,240.0,False
TAP,TAP_P00729,-56.75921161846069,-7.056878469594234,forest,0.7908731539600498,-0.6763250827789307,465.020978499373,240.0,False
TAP,TAP_P00730,-56.64460834902303,-7.231346120890482,forest,0.8607258679473253,-0.755287766456604,81.49893789168846,60.0,False
TAP,TAP_P00731,-56.48944954668501,-6.150052710101351,forest,0.7888360022702723,-0.6798058748245239,290.94820385065697,30.0,False
TAP,TAP_P00732,-56.795205229385616,-5.154212486465435,forest,0.8270754314208428,-0.7287735939025879,69.80024081582394,192.09372712298546,False
TAP,TAP_P00733,-56.79750629088902,-7.032056536262532,forest,0.7428371760899525,-0.6768447756767273,70.17529313393223,60.0,False
TAP,TAP_P00734,-57.33434439016659,-5.7924347020954015,forest,0.8408084242963727,-0.7199031710624695,60.21037255088925,42.42640687119285,False
TAP,TAP_P00737,-56.679233040225874,-5.794906909057217,forest,0.8520258384863009,-0.7230210304260254,1909.7384285300964,228.47319317591726,False
TAP,TAP_P00738,-56.319722927380845,-6.686977027620678,forest,0.8567279755360946,-0.7436940670013428,61.80190842800965,218.40329667841553,False
TAP,TAP_P00740,-57.4500357964526,-5.2036510982114645,forest,0.8309787369334873,-0.7148968577384949,26.543047096616476,90.0,False
TAP,TAP_P00742,-56.805934667684994,-5.24010524089981,forest,0.868078966371212,-0.7317777872085571,300.5850777383372,60.0,False
TAP,TAP_P00744,-57.38095512687698,-6.020538501610637,forest,0.6333161676673399,-0.5901722311973572,2568.233036550785,123.69316876852982,False
TAP,TAP_P00745,-56.28004399804153,-6.544378896238274,forest,0.8149428372495505,-0.703825056552887,750.1200483870076,67.0820393249937,False
TAP,TAP_P00746,-56.761500515410354,-7.058622414281758,forest,0.8140810715701554,-0.7248759865760803,465.020978499373,212.13203435596427,False
TAP,TAP_P00748,-56.57898566201254,-7.904655960517118,forest,0.7864250888896411,-0.6632117629051208,45.288747159824055,84.8528137423857,False
TAP,TAP_P00749,-56.7546651909218,-6.651990746759442,forest,0.7815884523264893,-0.6666421890258789,265.4508758404778,30.0,False
TAP,TAP_P00750,-57.11367717536159,-5.595333357052869,forest,0.7792207942457456,-0.6795610785484314,439.3920696679941,108.16653826391968,False
TAP,TAP_P00751,-56.67169051263797,-7.098616050214289,bare/non-forest,0.30909445846426387,-0.2942737936973572,698.8827912718284,30.0,True
TAP,TAP_P00752,-55.9057930496756,-6.223603799584082,forest,0.6472310177689533,-0.5530220866203308,1142.5444204523114,123.69316876852982,False
TAP,TAP_P00753,-57.00283817101111,-5.809931079339477,forest,0.8637413388213253,-0.7752905488014221,706.1187034970374,182.48287590894657,False
TAP,TAP_P00756,-57.590821627443184,-5.570368438438101,forest,0.776733256743085,-0.6743946075439453,642.4492099869384,30.0,False
TAP,TAP_P00757,-57.423643445259735,-5.91853633244651,forest,0.7840043409564103,-0.6909481883049011,2568.233036550785,60.0,False
TAP,TAP_P00759,-56.36097730131716,-6.831654492710817,forest,0.775784765349121,-0.6796846985816956,1375.8358951947446,192.09372712298546,False
TAP,TAP_P00760,-56.54927199823857,-6.9957519498973095,bare/non-forest,0.4505391296778637,-0.2933686971664428,198.251037853022,30.0,True
TAP,TAP_P00761,-56.24639187413432,-6.784630929742688,forest,0.818699425198404,-0.7159281969070435,75.13642452347395,60.0,False
TAP,TAP_P00762,-56.67796406746055,-7.598768024843636,forest,0.8224143639568006,-0.7456390857696533,9991.219089903321,67.0820393249937,False
TAP,TAP_P00764,-56.7130479716587,-7.588803824503572,forest,0.8237467101460786,-0.7110899686813354,9991.219089903321,150.0,False
TAP,TAP_P00765,-56.2015420607656,-6.062636496399447,forest,0.7393962498582018,-0.6398324966430664,70.24511250890339,182.48287590894657,False
TAP,TAP_P00766,-56.83057244980929,-7.092575397129651,forest,0.8219306491859153,-0.7178496718406677,397.75589165722465,210.0,False
TAP,TAP_P00768,-56.62563612484363,-7.82251269105116,forest,0.844296156369815,-0.7373337149620056,1080.1496008580875,150.0,False
TAP,TAP_P00769,-56.63240775347951,-7.631671243543026,forest,0.860702879414822,-0.7434104084968567,154.30441602001397,134.1640786499874,False
TAP,TAP_P00770,-56.76527491628357,-7.580488955892449,forest,0.7944618981390992,-0.6681551337242126,9991.219089903321,67.0820393249937,False
TAP,TAP_P00771,-55.84920236142757,-6.197103114529864,bare/non-forest,-0.08213378567588377,-0.0291913859546184,334.5605592312222,67.0820393249937,True
TAP,TAP_P00772,-57.50295177547222,-5.180763333633098,forest,0.7243720268492007,-0.6079413890838623,1623.9711795345822,42.42640687119285,False
TAP,TAP_P00774,-57.39113464742464,-6.962805459358957,forest,0.865521328262805,-0.7452958822250366,104.43994883926878,390.0,False
TAP,TAP_P00775,-57.00600036697008,-6.939401616661306,forest,0.8445565115979691,-0.7433246970176697,258.5035911950733,150.0,False
TAP,TAP_P00776,-56.74155313123044,-7.664706395865579,forest,0.8215884411652279,-0.7091982960700989,9991.219089903321,30.0,False
TAP,TAP_P00777,-57.408514744509766,-6.094457775882694,forest,0.8597181148076879,-0.7315497398376465,1358.8105955343228,134.1640786499874,False
TAP,TAP_P00779,-56.7265619336647,-7.614924838275004,forest,0.8399071966238502,-0.7233306765556335,9991.219089903321,256.3201123595259,False
TAP,TAP_P00780,-56.82911607412082,-7.112021740674893,forest,0.8107098207172597,-0.6908621191978455,488.2524627143045,150.0,False
TAP,TAP_P00781,-56.38037132198268,-6.846815034809973,forest,0.7796257912189568,-0.7034764885902405,1375.8358951947446,30.0,False
TAP,TAP_P00784,-57.043306843553175,-7.1427803864217,forest,0.8410256387907118,-0.7309393882751465,656.5650394138568,134.1640786499874,False
TAP,TAP_P00787,-56.466899400980544,-7.033577348046296,forest,0.8393574206600027,-0.7380668520927429,78.77791044271103,241.86773244895647,False
TAP,TAP_P00788,-57.17277861742383,-5.488612539362421,forest,0.7477744681281261,-0.6733118891716003,1380.3456256924787,30.0,False
TAP,TAP_P00789,-55.29742787387274,-6.044524762854032,forest,0.8375252857858614,-0.7241191267967224,628.4854439844795,180.0,False
TAP,TAP_P00790,-56.36837401050199,-6.367672935681311,forest,0.6446181633935433,-0.5365086793899536,202.9600556317939,67.0820393249937,False
TAP,TAP_P00791,-57.2676502595672,-5.806018135123595,forest,0.5772430314991557,-0.5822327136993408,84.66461693598245,30.0,False
TAP,TAP_P00792,-56.9859837471348,-7.156532982698313,forest,0.8507467141650147,-0.7481718063354492,664.3916423685731,366.1966684720111,False
TAP,TAP_P00794,-56.11780677379532,-5.490508361636538,forest,0.8199573779686623,-0.7371149063110352,596.0602670451929,123.69316876852982,False
TAP,TAP_P00795,-56.72270449713277,-7.729788736966518,forest,0.8381625468116282,-0.7205683588981628,513.7780987804362,174.92855684535903,False
TAP,TAP_P00796,-57.64060359791411,-5.696844897735471,forest,0.7319928963675095,-0.6364686489105225,199.723031662094,60.0,False
TAP,TAP_P00797,-57.17407348157864,-7.353538046172973,forest,0.8466981089077644,-0.73384028673172,2430.777471602475,108.16653826391968,False
TAP,TAP_P00798,-56.385533429900114,-7.722124646875757,bare/non-forest,0.23923294480464158,-0.2376450151205063,92.5026849731417,60.0,True
TAP,TAP_P00799,-57.08404815346619,-5.441952750251738,forest,0.8331929324737471,-0.7126023769378662,90.05650798860535,174.92855684535903,False
TAP,TAP_P00801,-57.07065305180713,-5.669004233981843,water,-0.0457763118366557,0.0025687862653285,2348.048398524063,30.0,True
TAP,TAP_P00802,-56.495428409599896,-5.798641847740503,forest,0.8180545928485605,-0.6958540081977844,290.294886050015,210.0,False
TAP,TAP_P00803,-56.39679969737958,-7.256128395569886,forest,0.8526452806347637,-0.7289514541625977,195.00447192057578,212.13203435596427,False
TAP,TAP_P00804,-57.61574171490052,-5.149302940928978,forest,0.8227345875405827,-0.7158263921737671,165.62883755700884,94.86832980505139,False
TAP,TAP_P00805,-56.56324814545916,-6.902891922966703,bare/non-forest,0.21341868728505797,-0.2663819491863251,33.33421338931479,42.42640687119285,True
TAP,TAP_P00808,-55.898208956129736,-6.2957502938325485,forest,0.8058361314385711,-0.6840019822120667,110.5677734834899,67.0820393249937,False
TAP,TAP_P00809,-57.42220553505785,-6.009980948455008,forest,0.8027867067788197,-0.7074846625328064,2568.233036550785,60.0,False
TAP,TAP_P00810,-56.63860293546789,-6.931198763030354,bare/non-forest,0.49922320654857805,-0.4597810804843902,417.0850294164283,94.86832980505139,True
TAP,TAP_P00811,-57.49876740865973,-4.887462744729194,forest,0.6690128853342638,-0.6053986549377441,462.9757845096954,42.42640687119285,False
TAP,TAP_P00812,-56.99430191200831,-6.898336915869822,forest,0.8354398586147123,-0.7316890954971313,254.83929210721502,335.4101966249685,False
TAP,TAP_P00815,-56.6896704405539,-6.618856386752782,forest,0.628438003582349,-0.5269526839256287,667.9026897321195,42.42640687119285,False
TAP,TAP_P00817,-57.44176518124277,-6.15234650208042,forest,0.7977228729828704,-0.6998172998428345,1929.2377405479056,30.0,False
TAP,TAP_P00818,-57.46244699661324,-4.843004112103882,forest,0.8383543513780479,-0.7103849649429321,304.5920224318205,42.42640687119285,False
TAP,TAP_P00820,-57.56998769098078,-6.493031119682292,forest,0.7861253977235668,-0.6991495490074158,197.31615937914972,94.86832980505139,False
TAP,TAP_P00821,-56.28870773224447,-7.330758056405636,forest,0.8501930477051182,-0.732010543346405,145.08259338757625,174.92855684535903,False
TAP,TAP_P00823,-57.3196190476388,-7.197732762339028,forest,0.8519072580495737,-0.7477578520774841,6532.483013953644,296.98484809834997,False
TAP,TAP_P00825,-57.55492413803362,-5.216525996876589,forest,0.6203558437815611,-0.5102874040603638,329.8607238651681,67.0820393249937,False
TAP,TAP_P00826,-57.36550362487714,-6.199829430137594,forest,0.8058252350371645,-0.717587947845459,112.43192095194827,108.16653826391968,False
TAP,TAP_P00827,-57.43389041189786,-5.213817499822471,forest,0.7901865833404441,-0.6909501552581787,71.9485893927255,150.0,False
TAP,TAP_P00828,-56.063487797190206,-6.338071150294549,bare/non-forest,0.07412354734256624,-0.0959441289305687,349.45344360715586,30.0,True
TAP,TAP_P00829,-56.91454015227988,-6.884632815877208,forest,0.8403025442826519,-0.7049926519393921,1012.8044767743654,161.55494421403512,False
TAP,TAP_P00830,-57.41898689065528,-5.901878061844105,forest,0.7514180057783615,-0.6622784733772278,2568.233036550785,30.0,False
TAP,TAP_P00831,-57.50797152490273,-6.94981377995086,forest,0.8420731680966077,-0.7212710976600647,337.03016278649665,108.16653826391968,False
TAP,TAP_P00832,-57.571419731690746,-6.87508978442428,forest,0.8104172512969665,-0.6841692328453064,940.4013963372355,254.5584412271571,False
TAP,TAP_P00835,-56.95202305694559,-7.138607000617822,forest,0.8287534696681149,-0.720991313457489,367.1632265760449,120.0,False
TAP,TAP_P00837,-57.373891022889126,-5.872600233629048,forest,0.8257123918751621,-0.7127468585968018,41.87817661208411,120.0,False
TAP,TAP_P00838,-56.17317285479998,-5.867338270167095,forest,0.8289904772823578,-0.72480309009552,103.49572380836382,94.86832980505139,False
TAP,TAP_P00840,-56.70107855706771,-7.280005570748784,forest,0.8459549713767399,-0.7253206968307495,273.5239136290943,201.24611797498108,False
TAP,TAP_P00841,-56.31551473668952,-6.234186778957835,forest,0.8111293012849446,-0.6894939541816711,38.6324660694901,67.0820393249937,False
TAP,TAP_P00843,-56.69804501797327,-7.776663674040797,forest,0.7493094615792562,-0.6372456550598145,1080.1496008580875,67.0820393249937,False
TAP,TAP_P00844,-56.60148050441008,-6.847370927807028,bare/non-forest,0.34841084767696884,-0.4081754088401794,1126.0796245100512,42.42640687119285,True
TAP,TAP_P00845,-56.60389907237276,-6.8032555743566805,water,-0.10828025952698134,0.2349137812852859,160.07623784075986,30.0,True
TAP,TAP_P00848,-56.74516648919564,-5.5908443831507,forest,0.8411636847858996,-0.7112274765968323,437.15861629011465,108.16653826391968,False
TAP,TAP_P00849,-57.98309699019137,-5.948993306340132,forest,0.8048188483351756,-0.7038127779960632,53.062095426752045,403.6087214122113,False
TAP,TAP_P00851,-57.430284936863366,-5.982822437216499,forest,0.8210213198158552,-0.7222210764884949,32.1164398297974,94.86832980505139,False
TAP,TAP_P00853,-56.62330034206792,-6.916863680262031,bare/non-forest,0.4579962741533612,-0.4130794703960418,417.0850294164283,108.16653826391968,True
TAP,TAP_P00854,-56.75518329989086,-7.090496489026044,forest,0.800608561852969,-0.7020944952964783,475.5724296900206,241.86773244895647,False
TAP,TAP_P00855,-57.41478333347679,-6.249971411499034,forest,0.8276044437609821,-0.717720627784729,599.5998986372902,30.0,False
TAP,TAP_P00856,-56.38278108972848,-7.718918510726477,water,-0.3253070148622667,0.2416853904724121,92.5026849731417,42.42640687119285,True
TAP,TAP_P00857,-56.84539345206573,-5.799685071525996,forest,0.8336923773698323,-0.6994314193725586,218.51795237601624,84.8528137423857,False
TAP,TAP_P00858,-57.41115137896689,-5.0999272874591846,forest,0.8291770517023918,-0.7082805633544922,213.82134508079272,150.0,False
TAP,TAP_P00859,-56.55911469257692,-7.894121342722976,forest,0.8287390007732602,-0.7343531847000122,121.0334950867526,169.7056274847714,False
TAP,TAP_P00861,-57.02456979374104,-7.130526218562132,water,-0.3553597368161714,0.440083235502243,656.5650394138568,42.42640687119285,True
TAP,TAP_P00863,-57.06860817173931,-7.232010819734365,bare/non-forest,0.37440898994475474,-0.3552739322185516,2175.487275045593,30.0,True
TAP,TAP_P00864,-56.10984538194145,-6.68881505269154,forest,0.781795315666036,-0.6786882877349854,219.3394527267297,108.16653826391968,False
TAP,TAP_P00867,-56.01497125219162,-6.174258491866854,forest,0.8380442936746902,-0.7305208444595337,393.60409921027764,127.27922061357854,False
TAP,TAP_P00868,-56.74732061523505,-6.602510897737628,forest,0.7304064801979672,-0.6088384389877319,763.3836055500649,60.0,False
TAP,TAP_P00869,-56.5052083912852,-5.793280746254517,forest,0.8076646647001422,-0.7174556851387024,91.73112052646086,90.0,False
TAP,TAP_P00870,-55.96609284576791,-6.195667644609579,forest,0.8423973298226296,-0.7269662618637085,1362.2993807535643,94.86832980505139,False
TAP,TAP_P00872,-57.36749819381998,-7.004223292286371,forest,0.8254582188434567,-0.7333589792251587,231.20221980693074,150.0,False
TAP,TAP_P00873,-56.92372351528289,-6.050265336044016,forest,0.7935612483475677,-0.6882073283195496,521.811872608449,228.47319317591726,False
TAP,TAP_P00874,-57.31881198836037,-7.093921972693865,forest,0.8215707597912106,-0.732998788356781,6532.483013953644,84.8528137423857,False
TAP,TAP_P00875,-56.65462759945063,-7.593594203024192,forest,0.8293421474814408,-0.7519589066505432,292.6716534958322,30.0,False
TAP,TAP_P00876,-56.850133172490416,-6.538255341452125,forest,0.7460450799862536,-0.6608310341835022,17.402522358616057,30.0,False
TAP,TAP_P00877,-56.43746488567786,-6.178538410421636,forest,0.8306474486776255,-0.6836108565330505,243.93491379693657,30.0,False
TAP,TAP_P00878,-56.868154606390775,-5.660314433601934,forest,0.8326654829211498,-0.7302138805389404,1287.902270433891,240.0,False
TAP,TAP_P00879,-56.83152793846114,-5.199837304746781,forest,0.8199192501479139,-0.6930909156799316,95.597765930966,30.0,False
TAP,TAP_P00881,-57.27230024646687,-7.144996432471528,forest,0.8595793052441796,-0.7386195063591003,6532.483013953644,30.0,False
TAP,TAP_P00882,-56.96337165158162,-6.89633227977553,forest,0.7941144695146427,-0.6830641627311707,1012.8044767743654,108.16653826391968,False
TAP,TAP_P00884,-57.58643640586431,-5.570667057399645,forest,0.6789716538934274,-0.5277777910232544,642.4492099869384,30.0,False
TAP,TAP_P00885,-56.57708422032259,-7.341057229495353,forest,0.8228941525420159,-0.71820068359375,127.57992201604583,218.40329667841553,False
TAP,TAP_P00887,-57.483127411862185,-5.695445112210446,forest,0.8055222017968539,-0.7150455713272095,279.80066301851934,384.1874542459709,False
TAP,TAP_P00888,-56.894989878031886,-7.061298846671085,bare/non-forest,0.3683945047060155,-0.4307769536972046,2030.3979470351633,108.16653826391968,True
TAP,TAP_P00889,-56.85163066334246,-5.71985225161917,forest,0.8276103790189149,-0.7194029688835144,1287.902270433891,351.14099732158877,False
TAP,TAP_P00891,-57.60461632119373,-6.8933848635445,forest,0.8153034350586233,-0.717110276222229,44.9897735501175,488.3646178829912,False
TAP,TAP_P00894,-56.907138105540575,-6.0615558208002485,forest,0.8177394336828656,-0.7005537152290344,521.811872608449,150.0,False
TAP,TAP_P00895,-57.14968305428439,-7.393801800228751,forest,0.8203720645984215,-0.7261209487915039,2430.777471602475,67.0820393249937,False
TAP,TAP_P00896,-56.49220214623713,-6.581491613321149,forest,0.8136094662698687,-0.7264583110809326,1052.397171449675,108.16653826391968,False
TAP,TAP_P00899,-56.76137583440017,-7.6196192923829855,forest,0.8125874222062361,-0.7088800668716431,9991.219089903321,42.42640687119285,False
TAP,TAP_P00900,-57.38465970090467,-6.975367337539997,forest,0.8375701532827278,-0.72367262840271,77.64754938697335,67.0820393249937,False
TAP,TAP_P00902,-56.72877647017208,-6.896818682826443,forest,0.5512883855345319,-0.5207672715187073,479.449942694211,60.0,False
TAP,TAP_P00903,-56.58789930893317,-7.695936256900062,forest,0.7979030527194413,-0.7089638710021973,462.1114501786626,108.16653826391968,False
TAP,TAP_P00904,-57.08570780926126,-5.6581800808217935,bare/non-forest,-0.11180515423818908,-0.0085324086248874,2348.048398524063,30.0,True
TAP,TAP_P00905,-57.15868511344716,-7.268630399738846,forest,0.8761378945363036,-0.7612467408180237,1719.8896589965225,120.0,False
TAP,TAP_P00906,-55.97627694448137,-6.232955223760336,bare/non-forest,0.3597918297137586,-0.3438141047954559,144.07918810918784,84.8528137423857,True
TAP,TAP_P00907,-56.26717937512528,-6.691070983148947,forest,0.8385569919778212,-0.7206940650939941,1138.2805734249494,174.92855684535903,False
TAP,TAP_P00908,-56.38271395850257,-7.714880877544509,water,-0.2709094969410291,0.2348619401454925,92.5026849731417,60.0,True
TAP,TAP_P00909,-57.56666905053123,-6.93381506340707,forest,0.8335028395337505,-0.7299684882164001,220.1502302259007,228.47319317591726,False
TAP,TAP_P00910,-56.86873603666276,-5.455318430612085,forest,0.6934253564397861,-0.5301363468170166,1838.6847913386882,30.0,False
TAP,TAP_P00911,-56.67295793392878,-7.663572691572472,forest,0.8554514049715349,-0.7399116158485413,9991.219089903321,189.73665961010278,False
TAP,TAP_P00912,-57.42641819848006,-6.2771863420694585,forest,0.8479685459329381,-0.7330426573753357,599.5998986372902,67.0820393249937,False
TAP,TAP_P00914,-56.41162864450472,-5.712003109974462,bare/non-forest,0.04669884805624069,-0.0912196859717369,195.3922704249928,241.86773244895647,True
TAP,TAP_P00915,-57.42295124352378,-6.033733003342978,forest,0.8204334367365488,-0.710136353969574,2568.233036550785,67.0820393249937,False
TAP,TAP_P00916,-57.0426492120802,-7.200173354302791,forest,0.5656858546756348,-0.4590170383453369,148.8588339856818,30.0,False
TAP,TAP_P00917,-57.311738620112685,-7.189188691167081,forest,0.8401565922156509,-0.7328200936317444,6532.483013953644,108.16653826391968,False
TAP,TAP_P00918,-57.07846128910021,-5.675420775408797,forest,0.8072449357222142,-0.701252818107605,2348.048398524063,42.42640687119285,False
TAP,TAP_P00920,-56.73775815780438,-7.7045021068721296,bare/non-forest,0.2041965746610428,-0.2494108080863952,513.7780987804362,30.0,True
TAP,TAP_P00921,-57.32493734500479,-7.117409882258962,forest,0.8725376553263732,-0.7628671526908875,6532.483013953644,150.0,False
TAP,TAP_P00922,-57.17096598547997,-5.142818765698194,forest,0.8348064579979539,-0.7327281832695007,69.42011479458029,150.0,False
TAP,TAP_P00923,-56.71423847109701,-7.633350672432282,forest,0.8608695570015654,-0.7656756043434143,9991.219089903321,123.69316876852982,False
TAP,TAP_P00924,-56.804996409197535,-5.153684663177557,forest,0.8407135947520001,-0.7147007584571838,69.80024081582394,169.7056274847714,False
TAP,TAP_P00925,-56.27894203827586,-6.783459810504083,forest,0.832101676842098,-0.712884783744812,1896.608348381681,90.0,False
TAP,TAP_P00926,-57.11729435309976,-5.610809203445488,bare/non-forest,0.095455035811054,-0.1434280276298523,439.3920696679941,30.0,True
TAP,TAP_P00927,-57.3602041300005,-7.135220004452111,forest,0.8392682240075275,-0.7415107488632202,6532.483013953644,189.73665961010278,False
TAP,TAP_P00928,-57.171786702671305,-7.034210649642328,forest,0.8534428269847636,-0.7549513578414917,232.23649866492613,134.1640786499874,False
TAP,TAP_P00929,-56.47426221250706,-5.791805854532576,forest,0.8314415415945005,-0.7134019732475281,132.50852886499555,30.0,False
TAP,TAP_P00930,-57.39229483368379,-6.979438519171454,forest,0.8541909191817981,-0.7423425316810608,42.67442825912059,94.86832980505139,False
TAP,TAP_P00931,-57.55770592563236,-6.87607845793462,forest,0.8279169538078108,-0.7216827869415283,940.4013963372355,67.0820393249937,False
TAP,TAP_P00932,-56.596561517089896,-5.853764202708204,forest,0.7335045400102789,-0.6382208466529846,78.3442198924609,84.8528137423857,False
TAP,TAP_P00934,-56.66311630753797,-6.9561381285023,forest,0.8093941398596973,-0.7027744650840759,1008.8881937929187,120.0,False
TAP,TAP_P00936,-56.71909621788738,-7.72835983827293,forest,0.7709505862461982,-0.6885947585105896,513.7780987804362,42.42640687119285,False
TAP,TAP_P00937,-56.882951469474285,-7.227463016037949,forest,0.8584615321836532,-0.7309091091156006,205.22709128104563,169.7056274847714,False
TAP,TAP_P00938,-56.9826412994314,-5.826637675313017,forest,0.7173240627293916,-0.6541534066200256,706.1187034970374,60.0,False
TAP,TAP_P00940,-57.13310829557246,-7.454979016701766,forest,0.8113374770285458,-0.7337239384651184,280.96834450664835,42.42640687119285,False
TAP,TAP_P00941,-56.34167364836915,-7.271251192628345,forest,0.8483493429465606,-0.732580840587616,93.94813858024095,169.7056274847714,False
TAP,TAP_P00942,-56.86656514034308,-7.009021470569763,forest,0.8635707981547964,-0.7522550821304321,936.0845757344995,134.1640786499874,False
TAP,TAP_P00944,-57.11896252498599,-7.446462005167142,water,-0.08894535467651811,0.2162146568298339,280.96834450664835,42.42640687119285,True
TAP,TAP_P00945,-57.3172545394858,-7.079542114566188,forest,0.8106597106624083,-0.7239284515380859,6532.483013953644,67.0820393249937,False
TAP,TAP_P00946,-57.416293240919615,-5.942991265235257,forest,0.87517466311151,-0.7543217539787292,2568.233036550785,108.16653826391968,False
TAP,TAP_P00947,-56.65320034840659,-7.627552882447412,forest,0.8242351537268271,-0.7208752632141113,9991.219089903321,84.8528137423857,False
TAP,TAP_P00949,-57.1713789582928,-7.2488626236622995,forest,0.8632274637874439,-0.7392678260803223,1719.8896589965225,216.33307652783935,False
TAP,TAP_P00951,-56.180660691135415,-6.836793790137622,forest,0.8437896603171924,-0.7397394180297852,306.68345628742895,60.0,False
TAP,TAP_P00952,-56.29160087363001,-7.32092411149412,forest,0.8532929802276424,-0.7464777231216431,145.08259338757625,42.42640687119285,False
TAP,TAP_P00953,-57.34088549138197,-6.194315065495797,forest,0.8483831597737829,-0.7426634430885315,1393.6647522987732,150.0,False
TAP,TAP_P00954,-56.62158869775082,-5.672274926244121,bare/non-forest,0.28066646929727307,-0.2802399396896362,19.699926343482833,30.0,True
TAP,TAP_P00955,-57.369861022031365,-7.014444692955877,forest,0.7847108099378163,-0.7140755653381348,231.20221980693074,84.8528137423857,False
TAP,TAP_P00957,-56.37275730257562,-5.763998250105436,forest,0.8379590752480275,-0.7154281735420227,272.783459296162,90.0,False
TAP,TAP_P00958,-56.898905727433466,-5.686077818353334,forest,0.8507756728828304,-0.7109770178794861,1287.902270433891,67.0820393249937,False
TAP,TAP_P00959,-57.30479888453867,-7.188917614443193,forest,0.8691558522434595,-0.7560101747512817,6532.483013953644,189.73665961010278,False
TAP,TAP_P00960,-56.48523272837621,-6.951197015908737,forest,0.78545573062936,-0.7062215805053711,3842.1278497334474,84.8528137423857,False
TAP,TAP_P00961,-56.980923260738514,-7.076826090684097,forest,0.838515551387061,-0.7367711067199707,1846.9119318392366,241.86773244895647,False
TAP,TAP_P00962,-57.36107664595716,-6.996444784323188,forest,0.8000358498267927,-0.7188639044761658,55.25501398908678,161.55494421403512,False
TAP,TAP_P00963,-56.762439853213486,-7.481209595523904,forest,0.83732957366052,-0.7328639626502991,9991.219089903321,60.0,False
TAP,TAP_P00965,-56.20898492915135,-6.720946637225815,forest,0.5674432134308446,-0.5255570411682129,1896.608348381681,30.0,False
TAP,TAP_P00966,-57.45895883479907,-6.245531008099181,forest,0.7964936386697744,-0.7085545659065247,309.46111377541985,189.73665961010278,False
TAP,TAP_P00967,-56.84293303155104,-5.465235504563528,forest,0.8230985947417686,-0.6791773438453674,1838.6847913386882,67.0820393249937,False
TAP,TAP_P00969,-56.99489800913494,-7.03133579159511,forest,0.811475506505243,-0.7110552191734314,1512.8545122012727,60.0,False
TAP,TAP_P00970,-56.59380036490155,-5.366999088497393,forest,0.8278228407939099,-0.7285068035125732,85.84461103899011,134.1640786499874,False
TAP,TAP_P00971,-57.38498239350512,-5.185163045749125,forest,0.6531659847026362,-0.5828313231468201,261.1304123466046,67.0820393249937,False
TAP,TAP_P00973,-57.50416097378525,-5.177731001287324,forest,0.7775513184924935,-0.6761531233787537,1623.9711795345822,150.0,False
TAP,TAP_P00974,-57.00730064153919,-7.492762666726789,forest,0.8360205807528212,-0.7290836572647095,576.2646626360867,84.8528137423857,False
TAP,TAP_P00975,-56.69007239824531,-7.592056903106748,forest,0.6950797069591231,-0.604280412197113,9991.219089903321,150.0,False
TAP,TAP_P00976,-55.855836079105664,-7.067899361164452,forest,0.8212496723306206,-0.7066219449043274,190.72232447824902,161.55494421403512,False
TAP,TAP_P00977,-55.9218651706225,-6.192235352619415,forest,0.8044563416660457,-0.6953355073928833,1142.5444204523114,67.0820393249937,False
TAP,TAP_P00979,-57.0029492873162,-6.797718216253,forest,0.8251366119523335,-0.7160991430282593,77.25603936527612,174.92855684535903,False
TAP,TAP_P00980,-56.8742557621097,-5.693212628020875,forest,0.8418017046891667,-0.7409965395927429,1287.902270433891,60.0,False
TAP,TAP_P00982,-56.5710418837777,-7.287408480757379,forest,0.8170420261539102,-0.7202438712120056,132.2794984759279,150.0,False
TAP,TAP_P00983,-56.25964826775738,-6.721658256771816,forest,0.829466357628199,-0.7324910759925842,1138.2805734249494,42.42640687119285,False
TAP,TAP_P00984,-57.52201384989484,-6.513380446692312,forest,0.8199081185979743,-0.7262225151062012,130.20075837655494,180.0,False
TAP,TAP_P00985,-56.422535914047664,-6.137509447618229,forest,0.7714285573929409,-0.6735268831253052,644.558099770636,30.0,False
TAP,TAP_P00986,-56.38770803908811,-6.476421979348354,forest,0.636748139534387,-0.6139035224914551,287.89069744971806,30.0,False
TAP,TAP_P00987,-57.0529239197525,-4.95387321716572,forest,0.7988338212473978,-0.6988054513931274,148.6743574491658,108.16653826391968,False
TAP,TAP_P00988,-55.86484344340066,-7.03515325222195,forest,0.635371191826095,-0.5164698362350464,81.39584490740303,174.92855684535903,False
TAP,TAP_P00989,-57.3525790914272,-5.859415713761809,forest,0.8365081835355428,-0.7094818353652954,755.4504924332542,84.8528137423857,False
TAP,TAP_P00990,-57.372478756081456,-6.012958007304964,forest,0.8410544176929039,-0.7348813414573669,2568.233036550785,90.0,False
TAP,TAP_P00991,-56.73057858323351,-7.523342599564864,forest,0.8442830005489573,-0.7408216595649719,9991.219089903321,241.86773244895647,False
TAP,TAP_P00993,-57.35278953126931,-6.548326696672586,forest,0.7782426810416657,-0.7007191777229309,457.11069535713904,123.69316876852982,False
TAP,TAP_P00994,-56.19285394974669,-6.785392995252564,forest,0.8264642157804397,-0.7248803973197937,173.53322144798514,84.8528137423857,False
TAP,TAP_P00995,-56.79989734200288,-7.033662327665337,forest,0.8483516436131238,-0.7511961460113525,70.17529313393223,308.86890422961005,False
TAP,TAP_P00997,-56.4711509445442,-6.497157861137202,forest,0.7861788690956437,-0.5930073857307434,70.92855655413376,30.0,False
TAP,TAP_P00998,-56.65888988778858,-6.971947047159167,forest,0.758635966974988,-0.6494179964065552,1008.8881937929187,127.27922061357854,False
TAP,TAP_P01000,-57.47758116917351,-6.935103676108283,forest,0.8378705365335494,-0.7293835282325745,62.46794411254085,256.3201123595259,False
TAP,TAP_P01001,-56.41179724290004,-7.691503107388177,forest,0.8265980875684891,-0.7514893412590027,292.3858439155138,120.0,False
TAP,TAP_P01002,-56.69244036335186,-7.226665067775388,forest,0.7952135762807999,-0.6686893105506897,163.88532026467217,228.47319317591726,False
TAP,TAP_P01003,-55.282443525322414,-6.084132056961746,forest,0.7839303555410256,-0.6918098330497742,628.4854439844795,67.0820393249937,False
TAP,TAP_P01005,-56.69083426695561,-7.587580111254314,forest,0.8485885425088825,-0.7231365442276001,9991.219089903321,218.40329667841553,False
TAP,TAP_P01007,-56.4102095459256,-6.3036164864335325,forest,0.8570289671553354,-0.7137404680252075,55.347050908782904,152.97058540778355,False
TAP,TAP_P01008,-57.31023238875717,-5.4370639937190735,forest,0.8111846139731789,-0.6804183721542358,20.964709371878307,180.0,False
TAP,TAP_P01009,-57.34334388660708,-6.537568358480352,forest,0.7933470614538557,-0.6887905597686768,457.11069535713904,67.0820393249937,False
TAP,TAP_P01010,-56.7122624705776,-7.799556012558218,forest,0.8201414743231558,-0.7357414364814758,64.73384617827128,42.42640687119285,False
TAP,TAP_P01011,-56.76604565247557,-7.060137471069322,forest,0.8307940394659625,-0.7361525893211365,465.020978499373,30.0,False
TAP,TAP_P01015,-56.68425146031886,-5.788091037780188,forest,0.8636633023322888,-0.720785915851593,1909.7384285300964,180.0,False
TAP,TAP_P01016,-56.83727487388907,-5.766913446779951,forest,0.7873303159793436,-0.6726643443107605,1231.4065370376056,90.0,False
TAP,TAP_P01017,-56.69195268797222,-5.70001506329148,forest,0.7753398583216967,-0.6588003635406494,1909.7384285300964,30.0,False
TAP,TAP_P01018,-56.76317430957634,-7.550678889953039,water,-0.2037679769731622,0.0958904176950454,9991.219089903321,30.0,True
TAP,TAP_P01019,-56.991866177731296,-7.411973444263801,forest,0.8322356383483395,-0.7273726463317871,658.7873756486051,120.0,False
TAP,TAP_P01021,-56.72407843498321,-5.600806449289274,forest,0.7998794411583814,-0.6584281921386719,217.82598760386765,120.0,False
TAP,TAP_P01022,-57.5813920822111,-5.703565742581684,forest,0.8343475311001504,-0.7055965065956116,93.05099264650245,30.0,False
TAP,TAP_P01023,-57.186658835825135,-7.36484078585346,forest,0.8372093105566113,-0.7373629212379456,2430.777471602475,174.92855684535903,False
TAP,TAP_P01024,-56.45204445837229,-6.922738386257724,forest,0.5733573133393549,-0.5315268635749817,3842.1278497334474,134.1640786499874,False
TAP,TAP_P01025,-57.41827359698183,-5.748652087601705,forest,0.7836702585577296,-0.6788915991783142,408.90304961034366,169.7056274847714,False
TAP,TAP_P01026,-56.60257191208377,-5.374157397274226,forest,0.7760563322639826,-0.6859229803085327,85.84461103899011,254.5584412271571,False
TAP,TAP_P01027,-56.98883977183443,-7.155852596381295,forest,0.8604423025598309,-0.7458339333534241,664.3916423685731,84.8528137423857,False
TAP,TAP_P01028,-56.39467972099329,-6.86436254515189,forest,0.8495132767257744,-0.7310977578163147,1375.8358951947446,90.0,False
TAP,TAP_P01030,-57.18243558632895,-7.27511756721331,forest,0.8568297916246896,-0.7523907423019409,191.11012352923873,30.0,False
TAP,TAP_P01031,-56.73593318756496,-7.662497957938318,forest,0.7867848974327808,-0.6631001234054565,9991.219089903321,60.0,False
TAP,TAP_P01032,-55.85401856557392,-6.200916756516855,forest,0.798992300552833,-0.6718146800994873,334.5605592312222,67.0820393249937,False
TAP,TAP_P01033,-56.50139031293796,-6.548837806728107,forest,0.8469662826910963,-0.7262392044067383,1052.397171449675,84.8528137423857,False
TAP,TAP_P01034,-56.78050060466562,-5.15367199047987,forest,0.8155912267450314,-0.7053606510162354,32.059354281308565,30.0,False
TAP,TAP_P01035,-56.61169289829943,-6.880550973876832,forest,0.768131868401784,-0.6374561786651611,38.76439308515624,182.48287590894657,False
TAP,TAP_P01037,-57.35631854812335,-6.081664475871199,forest,0.7988844262109811,-0.6946831941604614,1622.7644649724284,90.0,False
TAP,TAP_P01038,-56.91664893478302,-5.431623544284896,forest,0.84295760443326,-0.7045571208000183,1838.6847913386882,30.0,False
TAP,TAP_P01039,-56.67117529301674,-6.733177184860273,forest,0.7867017757899377,-0.6604612469673157,48.878746130411294,90.0,False
TAP,TAP_P01040,-56.67898027899257,-5.7230025022437445,forest,0.8414331338188676,-0.7325096130371094,1909.7384285300964,318.9043743820395,False
TAP,TAP_P01042,-56.771335153620136,-7.642454387775269,bare/non-forest,0.03065696336419073,-0.0794602483510971,9991.219089903321,67.0820393249937,True
TAP,TAP_P01044,-56.45616185525768,-5.828347687627218,forest,0.8584958290110501,-0.7522508502006531,238.39205570244943,150.0,False
TAP,TAP_P01047,-57.92975946769121,-6.021313747634901,forest,0.7620542072550139,-0.6401869058609009,22.947713789847718,1741.034175425629,False
TAP,TAP_P01048,-56.06055096831562,-5.510448715000591,forest,0.8152632170172784,-0.7133716344833374,596.0602670451929,108.16653826391968,False
TAP,TAP_P01049,-56.71753465929689,-7.624997098356228,forest,0.7932554407408304,-0.7113804221153259,9991.219089903321,60.0,False
TAP,TAP_P01051,-56.27377144663775,-7.262264295386405,forest,0.5194655637984567,-0.51884526014328,1063.6012068494724,60.0,False
TAP,TAP_P01052,-57.02075569501174,-7.268573757386146,forest,0.793125826091954,-0.6286177635192871,2175.487275045593,30.0,False
TAP,TAP_P01054,-57.14222703622703,-7.396237346451286,forest,0.7123559635814911,-0.6346153616905212,2430.777471602475,30.0,False
TAP,TAP_P01056,-57.48263096703203,-6.20087967196867,forest,0.7729941347700144,-0.6785570979118347,557.4016130141331,30.0,False
TAP,TAP_P01057,-56.31049291452707,-7.267989540511631,forest,0.8319958507654799,-0.721326470375061,1063.6012068494724,108.16653826391968,False
TAP,TAP_P01058,-57.27413332276249,-7.189072575845499,forest,0.8467403791733381,-0.7309448719024658,6532.483013953644,60.0,False
TAP,TAP_P01060,-57.034765825677965,-7.259292142253862,forest,0.8321513004185811,-0.7288760542869568,2175.487275045593,349.85711369071805,False
TAP,TAP_P01061,-56.64858587892855,-7.625410233320064,forest,0.8063926952600962,-0.7062755823135376,9991.219089903321,30.0,False
TAP,TAP_P01062,-57.1218622418507,-7.20858399971292,forest,0.799882108233636,-0.691473662853241,28.89271884994281,30.0,False
TAP,TAP_P01064,-57.17581281183441,-5.497560576815648,forest,0.7870514715420359,-0.7047039270401001,1380.3456256924787,150.0,False
TAP,TAP_P01066,-56.63423800387055,-7.61386949333031,forest,0.8656942396411993,-0.7304844260215759,38.51551027973871,150.0,False
TAP,TAP_P01067,-56.1272523189388,-5.483876528235392,bare/non-forest,0.28777886518177204,-0.2362866401672363,62.172743393241205,30.0,True
TAP,TAP_P01068,-56.79282309004637,-5.252939251466622,forest,0.6791556616609122,-0.6038306355476379,300.5850777383372,67.0820393249937,False
TAP,TAP_P01069,-57.002607196225206,-6.821028834928894,forest,0.8101173023281037,-0.7130651473999023,50.129561759192356,108.16653826391968,False
TAP,TAP_P01070,-56.83628170965072,-5.478317878656376,forest,0.8219386222273996,-0.7009584903717041,43.364261854849474,90.0,False
TAP,TAP_P01071,-56.77507420566113,-7.556282123449173,forest,0.8227146936913696,-0.7406541705131531,9991.219089903321,84.8528137423857,False
TAP,TAP_P01072,-57.05591842256971,-7.261358801063971,forest,0.8492404729559712,-0.7308248281478882,2175.487275045593,30.0,False
TAP,TAP_P01073,-56.603267048525645,-5.79776546056495,bare/non-forest,0.4172544930678475,-0.3388804793357849,410.9512644248099,30.0,True
TAP,TAP_P01074,-56.74285565980989,-6.603322552204994,forest,0.8166827107892292,-0.710037112236023,763.3836055500649,161.55494421403512,False
TAP,TAP_P01076,-56.855924323664105,-5.472280116216454,forest,0.7829409829607542,-0.6623376607894897,1838.6847913386882,30.0,False
TAP,TAP_P01078,-56.7640146711902,-7.564127361011295,forest,0.8602208462069725,-0.74772047996521,9991.219089903321,127.27922061357854,False
TAP,TAP_P01079,-57.39522178767544,-6.077404733595737,forest,0.8085106305684716,-0.6914672255516052,1358.8105955343228,150.0,False
TAP,TAP_P01080,-56.29500191159919,-7.317348025683941,forest,0.815126040587504,-0.7287092208862305,145.08259338757625,94.86832980505139,False
TAP,TAP_P01081,-56.57092303229879,-7.338909755281677,forest,0.8059483406590712,-0.6736840605735779,127.57992201604583,94.86832980505139,False
TAP,TAP_P01082,-56.30901749977703,-6.530727380930331,bare/non-forest,0.42717148747439604,-0.4381395280361175,750.1200483870076,42.42640687119285,True
TAP,TAP_P01083,-56.73753788687307,-7.6497174793816,bare/non-forest,0.3078216842291603,-0.354367047548294,9991.219089903321,42.42640687119285,True
TAP,TAP_P01088,-57.313213829400425,-7.073748933236196,forest,0.6975055234164793,-0.6303549408912659,6532.483013953644,42.42640687119285,False
TAP,TAP_P01089,-57.341399965389165,-7.055519388307463,forest,0.8447769566499376,-0.7320491671562195,129.50868018410128,67.0820393249937,False
TAP,TAP_P01090,-56.72665903706096,-7.584122336523264,forest,0.8188472166248513,-0.7319298386573792,363.4057189825536,108.16653826391968,False
TAP,TAP_P01092,-55.8678937229809,-6.2520894468587365,forest,0.8220558471333906,-0.6902629733085632,382.0299023027246,161.55494421403512,False
TAP,TAP_P01093,-56.65913398740443,-6.951204144728621,forest,0.8088099878653997,-0.712147057056427,1008.8881937929187,94.86832980505139,False
TAP,TAP_P01094,-56.66374024009527,-7.620736290972254,forest,0.8523115085185591,-0.7521772384643555,9991.219089903321,120.0,False
TAP,TAP_P01095,-57.44266581679879,-6.252438037444708,forest,0.8433799747161467,-0.7453117370605469,103.80123038061815,108.16653826391968,False
TAP,TAP_P01098,-56.42361524967741,-6.166810295464628,forest,0.8321342901665293,-0.7459816336631775,243.93491379693657,152.97058540778355,False
TAP,TAP_P01102,-57.12166004274951,-7.140230051156115,forest,0.7961064146164157,-0.7076034545898438,63.55143917676648,30.0,False
TAP,TAP_P01104,-56.11471715002161,-5.4870613774440224,forest,0.8425646198581098,-0.7347456812858582,596.0602670451929,123.69316876852982,False
TAP,TAP_P01105,-57.3347705571667,-6.1596447193704185,forest,0.837579212038042,-0.7314053773880005,1393.6647522987732,30.0,False
TAP,TAP_P01106,-57.06864950844747,-5.667370153459644,forest,0.8677191759288767,-0.7593023777008057,2348.048398524063,94.86832980505139,False
TAP,TAP_P01107,-57.25917546647344,-5.756895167105571,forest,0.8349788439694897,-0.7478005886077881,75.90614745009792,84.8528137423857,False
TAP,TAP_P01109,-56.48721061523216,-6.169310154810466,forest,0.7947060794190596,-0.6956174373626709,29.047540542153993,90.0,False
TAP,TAP_P01110,-56.74647984284218,-6.606577294944839,forest,0.7937310330516635,-0.6854860782623291,763.3836055500649,60.0,False
TAP,TAP_P01111,-57.36201544285944,-7.032946059886324,forest,0.8315789521655311,-0.7195020914077759,134.5265572308545,94.86832980505139,False
TAP,TAP_P01112,-56.97526475734799,-7.222726259326594,forest,0.8723671765977291,-0.7639409899711609,53.63125388624743,218.40329667841553,False
TAP,TAP_P01113,-56.9894343080996,-7.158984985319642,forest,0.8170299516828674,-0.7028277516365051,664.3916423685731,296.98484809834997,False
TAP,TAP_P01114,-56.43384940114096,-5.702355601014404,forest,0.8185173766173189,-0.7047052383422852,95.77313449760288,120.0,False
TAP,TAP_P01115,-56.65020122518857,-6.799007285365216,forest,0.7814897233706977,-0.6512017846107483,24.62618294374828,161.55494421403512,False
TAP,TAP_P01116,-56.3837186788549,-6.893425531913597,forest,0.8386891444103289,-0.7446836829185486,181.5866289492518,84.8528137423857,False
TAP,TAP_P01117,-57.19051453310834,-7.386725253386697,forest,0.8523115085185591,-0.7498628497123718,2430.777471602475,152.97058540778355,False
TAP,TAP_P01119,-57.38880042221719,-6.205056566958236,forest,0.8185460774057752,-0.7345111966133118,1929.2377405479056,123.69316876852982,False
TAP,TAP_P01120,-56.04519242083608,-5.471719001860228,forest,0.8030588196166193,-0.7147224545478821,73.0497813313289,67.0820393249937,False
TAP,TAP_P01122,-57.56284062793772,-6.871115724814165,bare/non-forest,0.275900918916095,-0.3097797632217407,940.4013963372355,30.0,True
TAP,TAP_P01123,-57.059955545098944,-5.688604940769366,forest,0.8589420668830984,-0.7379786968231201,2348.048398524063,90.0,False
TAP,TAP_P01124,-57.15236559987238,-7.2066266546028706,forest,0.8279702973792004,-0.7270122170448303,86.06904970186682,150.0,False
TAP,TAP_P01125,-56.629922749702445,-7.604326128807065,forest,0.8469217985520355,-0.734088659286499,112.63623718657183,210.0,False
TAP,TAP_P01126,-56.31890564526884,-6.522543852903588,forest,0.7123217007820203,-0.6083630919456482,750.1200483870076,30.0,False
TAP,TAP_P01127,-57.01548629803703,-7.479272153629979,forest,0.8221225668397267,-0.7336108088493347,576.2646626360867,150.0,False
TAP,TAP_P01128,-57.18070451359163,-7.198065035837892,forest,0.8690476237992647,-0.7516099214553833,40.156553546380685,174.92855684535903,False
TAP,TAP_P01129,-57.70664635876043,-5.445381359973187,forest,0.7703869544839944,-0.6397885084152222,255.92852986018966,42.42640687119285,False
TAP,TAP_P01130,-56.02572390207934,-6.441333265080451,forest,0.7820729282467793,-0.702346920967102,52.09307256387771,120.0,False
TAP,TAP_P01131,-56.61750065015472,-7.667331263002616,forest,0.8398786975440721,-0.7183732390403748,37.33598251057167,108.16653826391968,False
TAP,TAP_P01132,-56.20946495865744,-6.876238163772827,forest,0.8183229863853296,-0.7081462144851685,168.33808260223276,276.5863337187866,False
TAP,TAP_P01134,-56.76824127493024,-7.568337414285034,bare/non-forest,0.30644935301283155,-0.3664437532424927,9991.219089903321,30.0,True
TAP,TAP_P01136,-57.4341549831322,-4.991346699749681,forest,0.8454588728656726,-0.6882574558258057,29.147815592583427,150.0,False
TAP,TAP_P01137,-56.973802809733485,-7.0714015235617,bare/non-forest,0.2164948537451911,-0.1039577722549438,1846.9119318392366,30.0,True
TAP,TAP_P01138,-56.09096039026409,-5.499589545307607,forest,0.840456350061839,-0.7326442003250122,596.0602670451929,90.0,False
TAP,TAP_P01139,-56.18227151737247,-6.707981937296549,forest,0.8239307598141781,-0.7314519286155701,1896.608348381681,150.0,False
TAP,TAP_P01140,-57.12292487752828,-7.141654857242659,forest,0.8974233103259704,-0.8027955889701843,63.55143917676648,90.0,False
TAP,TAP_P01141,-56.596670402094766,-6.853193743604348,forest,0.7687146370637833,-0.6529715061187744,1126.0796245100512,94.86832980505139,False
TAP,TAP_P01143,-56.54904936092366,-5.698958183043165,forest,0.8554587323747559,-0.7296251654624939,143.26422310850495,30.0,False
TAP,TAP_P01147,-56.886291978697066,-6.938813080299323,forest,0.7846944544458646,-0.6880055665969849,139.82011306009358,30.0,False
TAP,TAP_P01148,-56.422416901333605,-6.284738323062643,forest,0.8444254704678446,-0.7373021245002747,93.5626858716561,42.42640687119285,False
TAP,TAP_P01149,-56.46443795683195,-5.806431268176679,forest,0.8297582565042958,-0.7125861048698425,238.39205570244943,108.16653826391968,False
TAP,TAP_P01150,-56.69093390855737,-5.694787872512155,forest,0.8209718721596069,-0.7282255291938782,1909.7384285300964,150.0,False
TAP,TAP_P01151,-57.22270568398509,-5.514443094989721,forest,0.8485111305028199,-0.7337124943733215,1380.3456256924787,94.86832980505139,False
TAP,TAP_P01152,-56.13245641337571,-5.850315804279088,forest,0.7908480427564388,-0.6920788884162903,239.37423929891716,30.0,False
TAP,TAP_P01153,-56.56657685650672,-5.396553741214254,forest,0.8451201015631911,-0.7311086654663086,39.20199245029004,247.38633753705963,False
TAP,TAP_P01155,-57.02280569722132,-7.278648595191748,forest,0.8316855528640039,-0.7390817999839783,2175.487275045593,94.86832980505139,False
TAP,TAP_P01156,-57.3828943750705,-5.182915229353644,forest,0.8070439836063943,-0.7083559632301331,261.1304123466046,42.42640687119285,False
TAP,TAP_P01157,-57.1670000233464,-7.278909160162064,forest,0.8266777094111706,-0.7017596364021301,1719.8896589965225,169.7056274847714,False
TAP,TAP_P01159,-57.34791433596834,-7.016040850279745,forest,0.8079392848602047,-0.6766245365142822,172.65004880088762,42.42640687119285,False
TAP,TAP_P01161,-57.488879402353255,-4.882421683290355,forest,0.8084546388853171,-0.7106119394302368,38.964690883223255,67.0820393249937,False
TAP,TAP_P01165,-57.2143119177448,-5.51731023170239,forest,0.8333821329995389,-0.7394277453422546,1380.3456256924787,90.0,False
TAP,TAP_P01166,-57.27966663284825,-6.104785723161413,forest,0.8331438399925816,-0.7308275103569031,128.6884565108055,240.0,False
TAP,TAP_P01168,-56.56289060970198,-7.059521807527176,forest,0.858946215752644,-0.7261658310890198,84.96752995671454,218.40329667841553,False
TAP,TAP_P01169,-55.29750226578466,-5.991122957256644,forest,0.8192243863670683,-0.7151331305503845,626.1641849371455,42.42640687119285,False
TAP,TAP_P01170,-56.240475849407225,-6.717038561796361,forest,0.8157720317277979,-0.6969919204711914,1138.2805734249494,30.0,False
TAP,TAP_P01171,-56.45772800695102,-6.328478621932648,forest,0.8353188603676784,-0.7083719372749329,259.87457756193277,381.8376618407357,False
TAP,TAP_P01173,-54.58058553247411,-5.704426530500345,water,-0.045070399330665145,0.0589147359132766,25.435879882977165,1390228.5000315595,True
TAP,TAP_P01174,-56.83561287487567,-5.492959836007752,forest,0.8168423775318281,-0.7119266390800476,75.84939625986745,120.0,False
TAP,TAP_P01175,-56.72501219245,-7.53165280447972,forest,0.8611026481384294,-0.7471016645431519,9991.219089903321,210.0,False
TAP,TAP_P01176,-57.06079667038235,-7.244545780873726,forest,0.7782754719997848,-0.6969153881072998,2175.487275045593,192.09372712298546,False
TAP,TAP_P01177,-56.69986201950568,-7.894321136721237,forest,0.7933387479461577,-0.6703622937202454,154.16636213748362,30.0,False
TAP,TAP_P01178,-56.60488511148794,-5.813756154127715,forest,0.7893514554262858,-0.6969645023345947,410.9512644248099,30.0,False
TAP,TAP_P01179,-56.89951351769017,-5.795665253235852,forest,0.8564814782020963,-0.737412691116333,1231.4065370376056,241.86773244895647,False
TAP,TAP_P01181,-56.333963834689264,-7.297788688461376,forest,0.7851692320112372,-0.7043024301528931,1063.6012068494724,90.0,False
TAP,TAP_P01182,-56.50993460315045,-7.002675282355467,forest,0.7301465030951171,-0.632976233959198,3842.1278497334474,152.97058540778355,False
TAP,TAP_P01185,-57.55409429197846,-5.33014691927886,forest,0.8632124385935129,-0.7158176898956299,93.95113582153608,120.0,False
TAP,TAP_P01188,-56.73472551596323,-7.637850784015136,bare/non-forest,0.30256806074379616,-0.3258178830146789,9991.219089903321,84.8528137423857,True
TAP,TAP_P01189,-56.432997448160336,-6.229454701877222,forest,0.5288135411095476,-0.4797980487346649,252.2390844989058,30.0,False
TAP,TAP_P01192,-56.35571002773531,-7.646614542541328,water,-0.3596059209727073,0.2845528423786163,40.14312755045038,67.0820393249937,True
TAP,TAP_P01193,-57.39956832174321,-5.973858465183067,forest,0.8073337536266447,-0.698439359664917,2568.233036550785,60.0,False
TAP,TAP_P01194,-56.9697348561391,-7.063770863466009,forest,0.7667818420635603,-0.6881530284881592,1846.9119318392366,30.0,False
TAP,TAP_P01196,-56.99888568649676,-5.837927748067004,forest,0.844936691496221,-0.7260331511497498,50.62451505876233,67.0820393249937,False
TAP,TAP_P01197,-56.05969754627644,-6.346231908417517,forest,0.8381796159496904,-0.708987295627594,349.45344360715586,108.16653826391968,False
TAP,TAP_P01199,-57.18729031104983,-7.285256469299374,forest,0.8483263606886163,-0.738895058631897,54.361084845853156,152.97058540778355,False
TAP,TAP_P01201,-56.38926997885467,-6.992694305505131,forest,0.802926533263699,-0.7117214798927307,39.45989188394207,379.47331922020555,False
TAP,TAP_P01202,-57.4858677695328,-4.920558984819205,forest,0.8185328244829129,-0.6872547268867493,179.9353346099783,30.0,False
TAP,TAP_P01203,-56.94679251345588,-7.049820099793823,water,-0.16850053293754647,0.103162445127964,1512.8545122012727,30.0,True
TAP,TAP_P01204,-57.16342629889887,-5.492592283727799,forest,0.7966145442098208,-0.7014627456665039,1380.3456256924787,150.0,False
TAP,TAP_P01206,-56.901266818990834,-5.776518751304301,forest,0.8414903627195431,-0.7307578325271606,1231.4065370376056,284.60498941515414,False
TAP,TAP_P01207,-57.33600768985968,-6.061242134168862,forest,0.8643915530722851,-0.7413339018821716,1622.7644649724284,152.97058540778355,False
TAP,TAP_P01208,-56.53790814235488,-7.045821632838739,forest,0.8365137316600539,-0.7064683437347412,3842.1278497334474,150.0,False
TAP,TAP_P01209,-56.64518698519929,-6.975938665117396,forest,0.7225191589487231,-0.6296914219856262,1008.8881937929187,120.0,False
TAP,TAP_P01210,-57.46218268261431,-4.8561768846283,bare/non-forest,0.4914120136229784,-0.4963157773017883,304.5920224318205,30.0,True
TAP,TAP_P01212,-56.24222696827584,-6.784972896404844,forest,0.7858873704172507,-0.6955177783966064,75.13642452347395,42.42640687119285,False
TAP,TAP_P01214,-57.291224020482254,-5.822135707900251,forest,0.6195035487881858,-0.5759714841842651,36.54843819941288,30.0,False
TAP,TAP_P01215,-57.49301892378605,-5.287200522537962,forest,0.8235469487471969,-0.712335467338562,176.86781416895252,228.47319317591726,False
TAP,TAP_P01216,-56.84295856370117,-7.0898146060875336,forest,0.7209302335655192,-0.6351487040519714,397.75589165722465,30.0,False
TAP,TAP_P01218,-57.61145282106504,-6.880268276135177,forest,0.8248389079343533,-0.7142062783241272,325.31826304198074,134.1640786499874,False
TAP,TAP_P01219,-57.1948335131275,-7.400567764048826,forest,0.824521066103323,-0.7284716963768005,2430.777471602475,152.97058540778355,False
TAP,TAP_P01220,-56.86631702652468,-5.553482618370351,forest,0.8387233449004268,-0.701166033744812,459.7917665954982,270.0,False
TAP,TAP_P01221,-57.45770834774317,-5.0109991629728485,forest,0.7630672978633624,-0.6488586664199829,735.601238367819,30.0,False
TAP,TAP_P01222,-57.024685073429936,-6.84872553835759,forest,0.8019093075576051,-0.722087025642395,284.34523282491125,150.0,False
TAP,TAP_P01223,-55.48752766585251,-5.415796315787345,forest,0.7728142952253408,-0.6776677966117859,371.69104591283815,60.0,False
TAP,TAP_P01224,-57.01178671861971,-7.119723432946011,forest,0.8642140384888528,-0.7630755305290222,656.5650394138568,152.97058540778355,False
TAP,TAP_P01226,-56.49989204405991,-6.598066204270707,forest,0.8140135653252148,-0.6861289143562317,1052.397171449675,210.0,False
TAP,TAP_P01227,-56.20280326111847,-6.7226622892319,forest,0.8394091665888327,-0.7159175872802734,1896.608348381681,180.0,False
TAP,TAP_P01229,-56.471532956422,-5.781542629338738,forest,0.8398772962494014,-0.7201241850852966,132.50852886499555,60.0,False
TAP,TAP_P01230,-57.03600990242129,-7.161878322211012,forest,0.8439450634312949,-0.7383002042770386,309.769241219543,161.55494421403512,False
TAP,TAP_P01232,-56.80678475653911,-5.416737771059789,forest,0.8140417420195097,-0.7076244354248047,1838.6847913386882,30.0,False
TAP,TAP_P01234,-57.30049311670502,-7.126644349427941,bare/non-forest,0.46857597529702755,-0.3269813656806946,155.62776985340005,30.0,True
TAP,TAP_P01235,-56.85775283576419,-7.048142713575569,forest,0.7974254811972039,-0.7103597521781921,160.0016959420981,84.8528137423857,False
TAP,TAP_P01237,-56.40436510002895,-6.489442302192235,forest,0.8296191732846091,-0.7306170463562012,84.1220329393119,67.0820393249937,False
TAP,TAP_P01238,-57.589320895687926,-5.16507635057903,forest,0.7965624125622207,-0.6712959408760071,28.506865105415002,30.0,False
TAP,TAP_P01239,-56.41154018974071,-6.815142404613621,forest,0.8005780377355086,-0.7023351192474365,375.51327781678646,123.69316876852982,False
TAP,TAP_P01240,-56.95177230038031,-7.087822097411235,forest,0.8238095276812355,-0.7131180763244629,1846.9119318392366,161.55494421403512,False
TAP,TAP_P01241,-57.04622483814199,-5.763924705980199,forest,0.876112030585431,-0.7633533477783203,2348.048398524063,152.97058540778355,False
TAP,TAP_P01242,-57.180888011059736,-7.269869130773097,forest,0.8409031316360707,-0.7345559000968933,191.11012352923873,134.1640786499874,False
TAP,TAP_P01243,-56.53283673104757,-7.012092138878944,forest,0.7887130102217493,-0.6821221709251404,3842.1278497334474,67.0820393249937,False
TAP,TAP_P01244,-56.719285729758965,-7.066082539756286,forest,0.8330434751435506,-0.7271317839622498,698.8827912718284,216.33307652783935,False
TAP,TAP_P01245,-57.61455493858244,-6.859237864963277,forest,0.8088962099968835,-0.7075292468070984,325.31826304198074,84.8528137423857,False
TAP,TAP_P01246,-57.04704959523245,-6.950437494975905,forest,0.7220360706530445,-0.6631999611854553,383.16344756746946,84.8528137423857,False
TAP,TAP_P01248,-56.59073638464372,-5.417950217791084,forest,0.8429118810403944,-0.7346186637878418,50.99418002291,180.0,False
TAP,TAP_P01249,-56.93428590252356,-6.885578280673835,forest,0.8106956766804978,-0.6699826121330261,1012.8044767743654,90.0,False
TAP,TAP_P01250,-57.42144687738692,-6.285715157304256,forest,0.799158485631095,-0.6817035675048828,599.5998986372902,150.0,False
TAP,TAP_P01252,-56.78237914546006,-7.55357096156703,forest,0.8255319068662826,-0.745955228805542,9991.219089903321,67.0820393249937,False
TAP,TAP_P01253,-56.8270419876215,-5.209937581805171,forest,0.8668500718770925,-0.7292354702949524,19.317133018783277,90.0,False
TAP,TAP_P01254,-56.565203244210906,-7.333236422031968,forest,0.5550601714922323,-0.508963942527771,1400.357443306783,216.33307652783935,False
TAP,TAP_P01255,-57.48753126485574,-5.160220375218702,forest,0.845922358838189,-0.7207642793655396,1623.9711795345822,90.0,False
TAP,TAP_P01256,-56.8821170553486,-5.735681000453857,forest,0.842814863604244,-0.7271364331245422,213.57887280773227,201.24611797498108,False
TAP,TAP_P01257,-55.953993399054696,-6.207629235321357,forest,0.5962924806339579,-0.5090521574020386,1362.2993807535643,67.0820393249937,False
TAP,TAP_P01258,-56.1891855581623,-6.833441844339804,bare/non-forest,0.3637972695893212,-0.3175964951515198,306.68345628742895,30.0,True
TAP,TAP_P01259,-56.9679438358755,-6.9030063097083385,forest,0.8093077514614183,-0.7201520800590515,1012.8044767743654,216.33307652783935,False
TAP,TAP_P01260,-56.70469907294287,-5.31383459435169,forest,0.8444576897973612,-0.748369038105011,422.2038321084615,150.0,False
TAP,TAP_P01261,-56.98142972569302,-7.076394867688795,forest,0.8681598371665967,-0.7533019781112671,1846.9119318392366,283.0194339616981,False
TAP,TAP_P01262,-56.69536667649443,-7.645321381432735,forest,0.8268261056556621,-0.7279114723205566,9991.219089903321,30.0,False
TAP,TAP_P01263,-57.45048085064817,-5.171564825221297,forest,0.8090010985925872,-0.7039132714271545,1623.9711795345822,123.69316876852982,False
TAP,TAP_P01264,-56.321121670346486,-6.79573823234886,water,-0.19698401060468307,0.0962301567196846,1375.8358951947446,30.0,True
TAP,TAP_P01266,-57.35279752230348,-7.0252679733042775,forest,0.7862376054088328,-0.6931518316268921,172.65004880088762,67.0820393249937,False
TAP,TAP_P01267,-56.73586972763975,-6.042925252619163,forest,0.8184377099531125,-0.7211874127388,145.68765880020308,189.73665961010278,False
TAP,TAP_P01269,-57.08281264250175,-5.559680592132323,forest,0.8441117286113569,-0.7079012989997864,80.8696183143744,150.0,False
TAP,TAP_P01271,-56.74610838665178,-6.614455576107748,forest,0.6615630032075406,-0.5880634784698486,763.3836055500649,90.0,False
TAP,TAP_P01272,-56.91269509196648,-7.054218741016215,forest,0.7036958326334779,-0.5995231866836548,2030.3979470351633,30.0,False
TAP,TAP_P01273,-57.45269962271795,-6.918531654595363,forest,0.8437682955628643,-0.7450365424156189,324.06766038088307,180.0,False
TAP,TAP_P01274,-56.68380609482889,-5.772209287083647,forest,0.780876502400747,-0.6969913840293884,1909.7384285300964,60.0,False
TAP,TAP_P01275,-56.3520554263399,-6.12963109792917,forest,0.8277511833565989,-0.7153483629226685,644.558099770636,30.0,False
TAP,TAP_P01276,-56.87844599882041,-5.4718657999467855,forest,0.8293874493167696,-0.7065537571907043,30.84167002069555,161.55494421403512,False
TAP,TAP_P01278,-56.30349333941015,-7.280479953784668,bare/non-forest,0.47719808126946844,-0.5144135355949402,135.36210899162168,67.0820393249937,True
TAP,TAP_P01279,-56.33561351854459,-7.306576632375999,forest,0.8016411483663872,-0.7143950462341309,1063.6012068494724,42.42640687119285,False
TAP,TAP_P01280,-56.84255042623263,-7.02573481041351,forest,0.8298359488644298,-0.6930555701255798,48.6969148236886,84.8528137423857,False
TAP,TAP_P01282,-57.26586614257248,-7.15815558250118,forest,0.8539529341403554,-0.7419354915618896,6532.483013953644,94.86832980505139,False
TAP,TAP_P01283,-57.123784390895615,-7.139647402853102,forest,0.871500357195319,-0.7585808038711548,63.55143917676648,94.86832980505139,False
TAP,TAP_P01284,-56.19834311948834,-6.380627233500165,forest,0.78113138137481,-0.6585074067115784,81.87339405581022,30.0,False
TAP,TAP_P01285,-56.4583139048756,-5.708895003703813,forest,0.8069087737319668,-0.6891781687736511,931.0072091678815,60.0,False
TAP,TAP_P01286,-56.45317362534581,-6.985510830414201,forest,0.8637075723424982,-0.7572992444038391,368.27769986479944,84.8528137423857,False
TAP,TAP_P01287,-57.37137632784604,-7.09270120033457,forest,0.8542926198601909,-0.7433353662490845,97.85166088897026,342.05262752974136,False
TAP,TAP_P01289,-55.9436227204522,-6.207451002841337,bare/non-forest,0.4665042563142458,-0.3713776171207428,1142.5444204523114,30.0,True
TAP,TAP_P01290,-57.33304037922365,-6.067795125608743,forest,0.8027441962675418,-0.735424816608429,1622.7644649724284,30.0,False
TAP,TAP_P01292,-56.87705214290187,-5.732928724578799,forest,0.8434722006206904,-0.7311835289001465,213.57887280773227,426.38011210655685,False
TAP,TAP_P01293,-55.30257507922092,-5.987745880112981,forest,0.8485139074886224,-0.7480282783508301,626.1641849371455,134.1640786499874,False
TAP,TAP_P01294,-57.355554366570566,-6.084537595485271,forest,0.7506243383140896,-0.670005202293396,1622.7644649724284,60.0,False
TAP,TAP_P01295,-56.654766593429656,-7.228187254404658,forest,0.8490083142733971,-0.7484524250030518,152.95665919174735,182.48287590894657,False
TAP,TAP_P01296,-56.6902552743796,-7.221134016061717,forest,0.66508918408805,-0.5812345147132874,163.88532026467217,30.0,False
TAP,TAP_P01297,-56.03605035528012,-6.377160367917708,forest,0.8529127033896824,-0.7282220721244812,130.48970241353655,127.27922061357854,False
TAP,TAP_P01298,-57.32934889730864,-6.082782554274396,forest,0.8210961705162058,-0.7243947982788086,1622.7644649724284,201.24611797498108,False
TAP,TAP_P01300,-57.11442415208096,-5.579466353348139,forest,0.7865239214199253,-0.6867933869361877,439.3920696679941,67.0820393249937,False
TAP,TAP_P01302,-56.52539399201711,-7.037418798553283,bare/non-forest,0.46422805430226965,-0.4814289212226867,3842.1278497334474,120.0,True
TAP,TAP_P01303,-56.92093495492268,-7.483777894261876,forest,0.785393723919597,-0.6974418759346008,384.2965911511187,60.0,False
TAP,TAP_P01305,-57.332055277715554,-7.149502016088612,bare/non-forest,0.02578797466922199,-0.0971625074744224,6532.483013953644,30.0,True
TAP,TAP_P01307,-57.15018135294068,-7.299292356101199,forest,0.8730748107550486,-0.7609027028083801,1719.8896589965225,174.92855684535903,False
TAP,TAP_P01308,-56.77295479676292,-7.609517789118638,forest,0.85017633312843,-0.756557822227478,9991.219089903321,90.0,False
TAP,TAP_P01309,-56.84142435177828,-7.103706632130433,forest,0.8577212359120905,-0.7462915778160095,488.2524627143045,67.0820393249937,False
TAP,TAP_P01310,-56.730556084612566,-5.286085512262823,forest,0.8706758944888562,-0.7876781821250916,104.10698937683317,60.0,False
TAP,TAP_P01311,-56.79554673088208,-7.637346465559332,forest,0.8374331646083668,-0.737663984298706,97.43617062777736,180.0,False
TAP,TAP_P01313,-56.7365011489081,-7.333371414739661,forest,0.7898168304475922,-0.6879708170890808,124.939489148949,60.0,False
TAP,TAP_P01314,-56.68476477235897,-7.6072655759532894,forest,0.8458333244866928,-0.7394675612449646,9991.219089903321,234.30749027719963,False
TAP,TAP_P01315,-56.81458070005184,-5.423138895258866,forest,0.817286315095941,-0.6885299682617188,1838.6847913386882,90.0,False
TAP,TAP_P01316,-56.801742908014766,-5.415531124998866,forest,0.8374516255706939,-0.7164852619171143,1838.6847913386882,192.09372712298546,False
TAP,TAP_P01317,-55.30003893766544,-5.982474129511906,forest,0.8416326514724298,-0.7195581793785095,626.1641849371455,120.0,False
TAP,TAP_P01318,-56.53889804037538,-7.053290645384648,forest,0.8225475768532451,-0.7048102617263794,3842.1278497334474,308.86890422961005,False
TAP,TAP_P01321,-55.98865558848872,-6.183447763026416,bare/non-forest,0.26258161280200826,-0.3546311855316162,1362.2993807535643,84.8528137423857,True
TAP,TAP_P01322,-56.917733539493774,-6.888495387940552,forest,0.8336810365271378,-0.7346017956733704,1012.8044767743654,201.24611797498108,False
TAP,TAP_P01323,-56.75437239968245,-7.308523860084692,forest,0.8204674983900984,-0.6996564865112305,77.14101955760955,108.16653826391968,False
TAP,TAP_P01326,-57.39714562437801,-6.180614143202789,forest,0.7620301681624758,-0.680770218372345,1929.2377405479056,67.0820393249937,False
TAP,TAP_P01327,-56.47929890659211,-6.999992200840149,forest,0.8343423242303905,-0.7209128141403198,3842.1278497334474,94.86832980505139,False
TAP,TAP_P01328,-57.483327260158816,-4.833173114779596,forest,0.8328225210348763,-0.7265092134475708,55.01805600761983,123.69316876852982,False
TAP,TAP_P01331,-57.4498569126332,-6.198988115380264,forest,0.8210302722365133,-0.7177020907402039,557.4016130141331,60.0,False
TAP,TAP_P01332,-57.33880861599855,-6.067547353215725,forest,0.7795918336315782,-0.6848763823509216,1622.7644649724284,60.0,False
TAP,TAP_P01333,-56.60410172801964,-6.858030957689563,forest,0.6869705549699553,-0.6067723631858826,1126.0796245100512,67.0820393249937,False
TAP,TAP_P01334,-56.07015528384102,-6.347527609225796,forest,0.8121197182294015,-0.687629222869873,349.45344360715586,60.0,False
TAP,TAP_P01336,-57.41218033278689,-5.09931148344679,forest,0.7838424359585076,-0.6859797835350037,213.82134508079272,212.13203435596427,False
TAP,TAP_P01337,-56.986490282056245,-5.816767121121358,forest,0.7935520321828008,-0.6931934952735901,706.1187034970374,30.0,False
TAP,TAP_P01342,-57.59077859746116,-5.174857267639988,forest,0.7957842829568489,-0.6861732602119446,31.451447465137274,134.1640786499874,False
TAP,TAP_P01343,-57.02621549068862,-7.360943186629462,forest,0.789024379038668,-0.6851598620414734,13.684906884073454,60.0,False
TAP,TAP_P01344,-57.46302167190036,-5.69424644951299,forest,0.8013018173342219,-0.7064098715782166,279.80066301851934,108.16653826391968,False
TAP,TAP_P01347,-56.18405966953464,-6.07744716944412,forest,0.8500418926096945,-0.7269510626792908,59.848102973931724,284.60498941515414,False
TAP,TAP_P01348,-57.4219226832767,-5.735092176310252,forest,0.7901345203982807,-0.6805847883224487,408.90304961034366,84.8528137423857,False
TAP,TAP_P01350,-57.24811282230005,-5.9164111789432114,forest,0.8501645164461269,-0.7519903182983398,708.4508174728377,256.3201123595259,False
TAP,TAP_P01351,-57.33659841565616,-7.140161332358412,forest,0.8516746491555452,-0.7292069792747498,6532.483013953644,212.13203435596427,False
TAP,TAP_P01352,-56.394027375504784,-6.255557100820563,forest,0.8157732603295789,-0.7229850888252258,23.401771368138945,67.0820393249937,False
TAP,TAP_P01353,-56.59159617283748,-7.71602045556845,forest,0.8357221645872974,-0.7115225195884705,462.1114501786626,212.13203435596427,False
TAP,TAP_P01355,-57.50699250585109,-5.35161179271201,forest,0.7766593287786518,-0.6589924693107605,434.0032981639618,60.0,False
TAP,TAP_P01356,-57.61013252606087,-5.736231554484292,forest,0.8085808574615546,-0.6501457691192627,74.96036198439182,30.0,False
TAP,TAP_P01358,-55.31629393567412,-5.998020777400325,forest,0.81860736806431,-0.7117539644241333,626.1641849371455,201.24611797498108,False
TAP,TAP_P01362,-56.651926168853606,-7.585463964594235,forest,0.8335847045907473,-0.7303618788719177,292.6716534958322,30.0,False
TAP,TAP_P01363,-56.74097438917168,-7.600808270643971,forest,0.7739701137742749,-0.6764231324195862,204.0408299776844,60.0,False
TAP,TAP_P01364,-57.36856757086106,-5.166913479395759,forest,0.7516658701056146,-0.6824997663497925,19.257058922051346,150.0,False
TAP,TAP_P01365,-57.02805389690296,-7.266456514671697,forest,0.8340985610082985,-0.727350652217865,2175.487275045593,84.8528137423857,False
TAP,TAP_P01366,-56.91517232231286,-7.087842892782268,forest,0.7738829996628392,-0.6784698963165283,2030.3979470351633,127.27922061357854,False
TAP,TAP_P01367,-56.28065485609711,-7.265291667091978,forest,0.7184932769109531,-0.6829484701156616,1063.6012068494724,180.0,False
TAP,TAP_P01368,-56.75646214053311,-7.524969940826354,water,-0.11209517342592926,0.1995994299650192,9991.219089903321,30.0,True
TAP,TAP_P01369,-57.465244282733615,-6.448265007655587,forest,0.8647416401399743,-0.7509823441505432,87.48206412370241,283.0194339616981,False
TAP,TAP_P01370,-56.749142482453216,-7.568118147875885,forest,0.5915267781962786,-0.5309207439422607,59.2384846819289,60.0,False
TAP,TAP_P01371,-56.83344082528576,-5.734831654417861,forest,0.8443328447363667,-0.7327777743339539,38.16848123565017,150.0,False
TAP,TAP_P01373,-56.484500885909966,-5.7704157752060405,forest,0.8530494597944102,-0.7302059531211853,412.2193479293087,134.1640786499874,False
TAP,TAP_P01374,-55.956830065599775,-6.213379652702293,forest,0.743848570358159,-0.624550461769104,1362.2993807535643,67.0820393249937,False
TAP,TAP_P01376,-56.33407821468137,-6.240585506540263,forest,0.8377032754576346,-0.7232716083526611,127.29825198213514,182.48287590894657,False
TAP,TAP_P01377,-56.72748732443216,-7.614490955681967,forest,0.8740515885881256,-0.7657948136329651,9991.219089903321,296.98484809834997,False
TAP,TAP_P01379,-56.91200023349889,-7.130238155339574,forest,0.8281923021513166,-0.6961939930915833,106.1449646749897,212.13203435596427,False
TAP,TAP_P01381,-57.55011997714415,-6.870870399273173,forest,0.7251512313343637,-0.6189993023872375,940.4013963372355,42.42640687119285,False
TAP,TAP_P01382,-57.44794562643717,-6.93339488813382,forest,0.7601902003705149,-0.6661236882209778,324.06766038088307,42.42640687119285,False
TAP,TAP_P01383,-56.72245659579361,-6.615673551604254,forest,0.6808132999538024,-0.6145066618919373,667.9026897321195,30.0,False
TAP,TAP_P01386,-56.47820369666382,-5.771439361066683,forest,0.864452421827228,-0.7432211637496948,412.2193479293087,94.86832980505139,False
TAP,TAP_P01387,-56.38862616348857,-6.294723028339851,forest,0.8246686912348247,-0.6964333057403564,29.497644002908835,42.42640687119285,False
TAP,TAP_P01389,-57.59767833296871,-5.704480552986988,forest,0.844670311091995,-0.7398995161056519,93.05099264650245,108.16653826391968,False
TAP,TAP_P01390,-56.89117958801288,-5.465995085756477,forest,0.854834441072632,-0.7353825569152832,32.54155165150397,134.1640786499874,False
TAP,TAP_P01391,-56.71252614828857,-7.552274855623028,forest,0.8379068237223289,-0.7215189933776855,9991.219089903321,174.92855684535903,False
TAP,TAP_P01392,-56.732465656719626,-7.573119755243248,forest,0.7932263865909569,-0.680721640586853,363.4057189825536,30.0,False
TAP,TAP_P01393,-56.99392096823559,-7.0324885035510185,forest,0.8416137433753774,-0.7110349535942078,1512.8545122012727,180.0,False
TAP,TAP_P01395,-55.91913817751188,-6.224567890229871,forest,0.7502246282234405,-0.6388562321662903,1142.5444204523114,189.73665961010278,False
TAP,TAP_P01396,-56.21036505340644,-6.878859054017457,forest,0.8385964878341466,-0.7351091504096985,168.33808260223276,276.5863337187866,False
TAP,TAP_P01397,-56.96360824845846,-7.2119432231424465,forest,0.8126839145938484,-0.7205313444137573,226.83432981116292,180.0,False
TAP,TAP_P01398,-56.998430000516905,-7.402722307809167,forest,0.8225911456201704,-0.7111648321151733,658.7873756486051,152.97058540778355,False
TAP,TAP_P01399,-56.97268787520986,-5.843758489356335,forest,0.8739273945327568,-0.7686212658882141,230.57359807315046,150.0,False
TAP,TAP_P01400,-57.34161094119113,-5.860694142750954,forest,0.8715244500754389,-0.7499440908432007,755.4504924332542,108.16653826391968,False
TAP,TAP_P01401,-56.87672676325109,-7.218463790868046,forest,0.8214174251328897,-0.7287324666976929,205.22709128104563,210.0,False
TAP,TAP_P01403,-56.96060084552057,-7.211568406458767,forest,0.8576866801712714,-0.7364764213562012,226.83432981116292,362.49137920783716,False
TAP,TAP_P01404,-56.89470077900555,-7.475275363636001,forest,0.8374267166022022,-0.7171931862831116,384.2965911511187,30.0,False
TAP,TAP_P01405,-56.65267050937148,-7.635322119484232,forest,0.8138030109438442,-0.6907361745834351,9991.219089903321,42.42640687119285,False
TAP,TAP_P01406,-57.449570474931335,-4.834560944425226,forest,0.6139367213563257,-0.5219694972038269,9.208841196148692,42.42640687119285,False
TAP,TAP_P01407,-57.28986065728484,-5.421213405638821,forest,0.8153119883083808,-0.7124123573303223,83.47531865858299,108.16653826391968,False
TAP,TAP_P01408,-56.20411099674488,-6.059832998803239,forest,0.8367410697896359,-0.7188035845756531,70.24511250890339,283.0194339616981,False
TAP,TAP_P01409,-56.96047401357993,-7.030988280984592,forest,0.8419092213115904,-0.7114759087562561,1512.8545122012727,42.42640687119285,False
TAP,TAP_P01410,-56.33455703702813,-6.983128023267627,forest,0.7412843997064503,-0.6543201804161072,44.93360846627343,84.8528137423857,False
TAP,TAP_P01411,-57.17168787005204,-5.52496096673396,forest,0.8310606063332044,-0.70270836353302,1380.3456256924787,30.0,False
TAP,TAP_P01412,-56.70084997501442,-5.940354243323963,forest,0.829598225218433,-0.724226713180542,176.41562138176496,182.48287590894657,False
TAP,TAP_P01413,-56.39882956099495,-7.256071439380042,forest,0.8456205898936812,-0.7433295249938965,195.00447192057578,108.16653826391968,False
TAP,TAP_P01414,-56.375112140603896,-6.180994688555243,forest,0.7670710713447827,-0.6985138058662415,78.51359887527603,120.0,False
TAP,TAP_P01415,-56.99631916655616,-6.677027406533731,forest,0.8459737709323564,-0.7289218902587891,514.869362048014,94.86832980505139,False
TAP,TAP_P01416,-56.51423891912204,-7.400880511838043,forest,0.8330643987524341,-0.7090911865234375,277.2494465030758,192.09372712298546,False
TAP,TAP_P01420,-57.15002912243333,-7.386614294853676,forest,0.7486819003105124,-0.6467357873916626,2430.777471602475,108.16653826391968,False
TAP,TAP_P01421,-57.262764628339774,-7.168926724905446,forest,0.8438419792879283,-0.7355393171310425,6532.483013953644,210.0,False
TAP,TAP_P01422,-57.04186855040192,-6.81030040246672,forest,0.80965613961228,-0.7018890380859375,247.36793958945336,30.0,False
TAP,TAP_P01424,-57.27190456375399,-7.150577372984904,forest,0.8179024129498366,-0.7342799305915833,6532.483013953644,84.8528137423857,False
TAP,TAP_P01425,-57.52890753410252,-6.921862087939841,forest,0.7163160928104727,-0.6410121917724609,646.9979046698837,67.0820393249937,False
TAP,TAP_P01426,-56.32430740227134,-7.295686191981926,forest,0.8060667144539119,-0.7056490182876587,1063.6012068494724,90.0,False
TAP,TAP_P01429,-56.8837759137494,-5.445279453328015,bare/non-forest,0.07232024291983431,-0.0688072070479393,1838.6847913386882,30.0,True
TAP,TAP_P01430,-57.44242095868738,-5.69980432505663,forest,0.8253066039051264,-0.7048564553260803,408.90304961034366,120.0,False
TAP,TAP_P01432,-57.37932098658743,-5.810102974180859,forest,0.7880519331030342,-0.7057320475578308,412.7668648555116,60.0,False
TAP,TAP_P01434,-57.28784354023086,-7.114020644624565,forest,0.8039426495444317,-0.6855069994926453,6532.483013953644,30.0,False
TAP,TAP_P01435,-57.16408600752968,-7.361060095845654,forest,0.8428847353992511,-0.7521834373474121,2430.777471602475,94.86832980505139,False
TAP,TAP_P01436,-56.57626958033599,-5.420031238688517,forest,0.8238074736687055,-0.7171717286109924,152.192870552955,67.0820393249937,False
TAP,TAP_P01437,-57.563681104014194,-5.1400707354156365,forest,0.8124490449612557,-0.6869890093803406,1039.9103040419293,67.0820393249937,False
TAP,TAP_P01438,-57.3263574606776,-7.147368596948953,forest,0.8038606072164205,-0.6832337379455566,6532.483013953644,30.0,False
TAP,TAP_P01439,-56.34395249640069,-5.7592142265184165,forest,0.7676115681018802,-0.6591179966926575,272.783459296162,94.86832980505139,False
TAP,TAP_P01440,-57.48878502018364,-6.525178244420784,forest,0.8127477857031437,-0.7100828886032104,743.2630366878914,30.0,False
TAP,TAP_P01443,-56.30196408270663,-6.865069428713421,forest,0.8760859564344579,-0.7701796293258667,72.85379444502439,150.0,False
TAP,TAP_P01444,-56.56049813045284,-7.959728461579742,forest,0.7955458177850527,-0.6926785111427307,75.99987600460804,30.0,False
TAP,TAP_P01445,-57.38091024469359,-6.084955690541415,forest,0.6094763353223349,-0.5840314626693726,1358.8105955343228,30.0,False
TAP,TAP_P01447,-56.271266852017696,-6.782578157020149,forest,0.8141663372757074,-0.7057724595069885,1896.608348381681,94.86832980505139,False
TAP,TAP_P01448,-57.00300864221674,-6.678277011442185,forest,0.836515098901544,-0.7457196712493896,514.869362048014,123.69316876852982,False
TAP,TAP_P01449,-56.74338963644075,-7.513505374993163,forest,0.5645136760756576,-0.5628257393836975,9991.219089903321,30.0,False
TAP,TAP_P01450,-57.34076362482494,-6.084889714901061,forest,0.7306101139592139,-0.6462624073028564,1622.7644649724284,120.0,False
TAP,TAP_P01451,-56.871276215594136,-5.693578115517545,forest,0.806839551392197,-0.7174761891365051,1287.902270433891,247.38633753705963,False
TAP,TAP_P01452,-57.39935462332792,-6.920488659157691,forest,0.6582077660340369,-0.6134228110313416,145.2337211597452,30.0,False
TAP,TAP_P01453,-56.75461700134936,-7.659458984460502,forest,0.8601242728799707,-0.7599851489067078,9991.219089903321,90.0,False
TAP,TAP_P01454,-56.997758699486376,-7.097350830758535,forest,0.8562399024132819,-0.7206186056137085,1846.9119318392366,30.0,False
TAP,TAP_P01455,-55.97974203567124,-6.18448735946202,forest,0.7735848992580424,-0.6464048624038696,1362.2993807535643,30.0,False
TAP,TAP_P01456,-57.21525038774072,-7.204159939772482,forest,0.8682978378225892,-0.7481069564819336,518.9236600281241,360.0,False
TAP,TAP_P01458,-57.216034673620975,-5.727369727741709,forest,0.6837968823195956,-0.6008648872375488,42.53217755932153,30.0,False
TAP,TAP_P01459,-57.49152752552878,-6.517753192851482,forest,0.8005342855923053,-0.7040660381317139,743.2630366878914,108.16653826391968,False
TAP,TAP_P01460,-56.57028071974671,-7.329471159363203,forest,0.8181148736846819,-0.709876537322998,1400.357443306783,134.1640786499874,False
TAP,TAP_P01461,-56.20970357814308,-6.873581437960616,forest,0.8083832301935442,-0.7067087888717651,168.33808260223276,174.92855684535903,False
TAP,TAP_P01464,-57.33020888209772,-7.101004844551269,forest,0.86547085272299,-0.7563627362251282,6532.483013953644,84.8528137423857,False
TAP,TAP_P01465,-56.567267611199455,-7.329395609115463,forest,0.7430363876174264,-0.6732381582260132,1400.357443306783,169.7056274847714,False
TAP,TAP_P01466,-56.77418211286205,-7.5855836817835485,forest,0.8404025828908445,-0.7212100625038147,9991.219089903321,67.0820393249937,False
TAP,TAP_P01467,-57.046507276680856,-7.198036837627582,forest,0.6081957787543194,-0.5467156767845154,148.8588339856818,67.0820393249937,False
TAP,TAP_P01468,-56.87100490713895,-5.659031779521402,forest,0.7588401416527163,-0.6707013249397278,1287.902270433891,30.0,False
TAP,TAP_P01469,-56.98774952632338,-6.894333698917366,forest,0.8128461726403771,-0.6827430129051208,254.83929210721502,42.42640687119285,False
TAP,TAP_P01470,-57.1877702538358,-7.227134391192313,forest,0.8400131535542227,-0.7339617013931274,28.48889537973869,108.16653826391968,False
TAP,TAP_P01471,-56.88933487796447,-5.69824420339383,forest,0.8461107994947328,-0.7246673703193665,1287.902270433891,90.0,False
TAP,TAP_P01472,-56.625202386881504,-7.842280612498788,forest,0.6959553860206917,-0.6287553906440735,891.9454453893104,30.0,False
TAP,TAP_P01473,-56.32641052100468,-6.1431822107609735,forest,0.728742820427598,-0.6510637402534485,78.45927583175373,90.0,False
TAP,TAP_P01474,-56.26312878068352,-6.693640576672133,forest,0.8480066536240944,-0.7369849681854248,1138.2805734249494,120.0,False
TAP,TAP_P01475,-56.66333620021611,-5.80264427857531,forest,0.8277559042757688,-0.7258250713348389,1909.7384285300964,42.42640687119285,False
TAP,TAP_P01478,-55.977348976580906,-6.2318671900199645,forest,0.7420333807125455,-0.6094674468040466,144.07918810918784,123.69316876852982,False
TAP,TAP_P01479,-56.88537221802075,-7.203611248527377,forest,0.756097562902667,-0.6977515816688538,8.43106825578223,42.42640687119285,False
TAP,TAP_P01483,-56.29287092468523,-6.340893731792993,forest,0.8233564838928875,-0.7341985106468201,153.85032971165717,42.42640687119285,False
TAP,TAP_P01485,-56.905664667849294,-5.430889918823931,forest,0.7752403774901125,-0.6818658709526062,1838.6847913386882,42.42640687119285,False
TAP,TAP_P01486,-57.40391566919419,-6.103904937131041,forest,0.707904794497859,-0.5979804396629333,1358.8105955343228,30.0,False
TAP,TAP_P01487,-56.88487456195013,-5.764717450456591,forest,0.850642400694364,-0.7323991060256958,1231.4065370376056,30.0,False
TAP,TAP_P01488,-57.39224818593406,-6.215311910475269,forest,0.8018592157455374,-0.6884897351264954,61.33174896643427,30.0,False
TAP,TAP_P01489,-56.65406030124071,-6.965850625324683,forest,0.5826277125374284,-0.525073766708374,1008.8881937929187,30.0,False
TAP,TAP_P01490,-57.70454505595487,-5.448066398716674,forest,0.7923627774615954,-0.678859531879425,255.92852986018966,67.0820393249937,False
TAP,TAP_P01491,-56.414603006006026,-6.268050025999448,forest,0.8201509681533712,-0.7106464505195618,90.47788851104241,90.0,False
TAP,TAP_P01493,-57.26718039152336,-7.164731250996631,forest,0.867608118410174,-0.7490887641906738,6532.483013953644,90.0,False
TAP,TAP_P01495,-56.50048413137719,-6.998972337256514,forest,0.6290120825186433,-0.448919415473938,3842.1278497334474,30.0,False
TAP,TAP_P01496,-57.52692354788253,-6.953924845488088,forest,0.8302672196364466,-0.7103228569030762,337.03016278649665,161.55494421403512,False
TAP,TAP_P01497,-56.34681517805132,-5.742601234809259,forest,0.8562367879679261,-0.7605410218238831,124.3702465528223,349.85711369071805,False
TAP,TAP_P01498,-56.69188623742752,-7.22365367927347,bare/non-forest,0.08933847178924713,-0.0958725810050964,163.88532026467217,30.0,True
TAP,TAP_P01500,-56.617019257803065,-7.66847446216413,forest,0.8434225849684368,-0.7324841022491455,37.33598251057167,161.55494421403512,False
TAP,TAP_P01502,-57.00148451392648,-5.755539562408627,forest,0.676878664445611,-0.6221062541007996,212.69783850215384,30.0,False
TAP,TAP_P01504,-56.73950680144206,-7.649459891605044,bare/non-forest,0.23969628944519816,-0.2450946271419525,9991.219089903321,60.0,True
TAP,TAP_P01505,-56.8987353543769,-5.514492530616685,bare/non-forest,0.30350134468413914,-0.2395567446947097,127.74687511303479,30.0,True
TAP,TAP_P01506,-56.86214273319605,-6.745966505724612,forest,0.7137383829618319,-0.632538378238678,173.5874714507326,42.42640687119285,False
TAP,TAP_P01508,-57.153940415997816,-7.256278832898998,forest,0.8373154376860188,-0.7205581068992615,1719.8896589965225,94.86832980505139,False
TAP,TAP_P01509,-56.70447056868476,-7.616562172091445,forest,0.8301795269056736,-0.7192342877388,9991.219089903321,218.40329667841553,False
TAP,TAP_P01510,-55.90013982334197,-7.016220260463778,forest,0.6816509124202609,-0.6238417029380798,46.214727465361086,94.86832980505139,False
TAP,TAP_P01512,-55.29745267944473,-5.9970039071427,forest,0.7108978066317507,-0.6580958962440491,626.1641849371455,30.0,False
TAP,TAP_P01513,-56.700666648003406,-5.672345590809878,forest,0.867131653888554,-0.7453209757804871,1909.7384285300964,192.09372712298546,False
TAP,TAP_P01514,-56.86002683310041,-6.084421701745162,forest,0.7809137928180652,-0.6847307682037354,165.5105002193704,30.0,False
TAP,TAP_P01515,-56.66109536208829,-7.222928165798707,forest,0.7751175690242831,-0.6758949756622314,152.95665919174735,60.0,False
TAP,TAP_P01516,-56.89645649681256,-6.992864324571521,bare/non-forest,0.11211776326768724,-0.1514883488416671,936.0845757344995,30.0,True
TAP,TAP_P01517,-57.19094423063039,-7.377136540189395,forest,0.8087986388961808,-0.7203311920166016,2430.777471602475,161.55494421403512,False
TAP,TAP_P01518,-57.420207846762224,-5.652969603832335,forest,0.6478155789747286,-0.5554453134536743,778.7216038360784,42.42640687119285,False
TAP,TAP_P01520,-56.73829121731467,-7.3056537225023215,forest,0.792534099561113,-0.7076540589332581,135.83167164248704,90.0,False
TAP,TAP_P01521,-56.72634547787937,-6.611517763732856,forest,0.7194928639951527,-0.6388747096061707,667.9026897321195,123.69316876852982,False
TAP,TAP_P01522,-57.0263173586514,-6.897472978771066,forest,0.8541210886406437,-0.7485311627388,336.9340490625738,123.69316876852982,False
TAP,TAP_P01525,-57.29752636449014,-7.098525034648536,forest,0.8439946055584459,-0.7467767000198364,6532.483013953644,270.0,False
TAP,TAP_P01526,-56.26272292549369,-6.797363761780171,forest,0.6920630389122157,-0.6435921788215637,185.54594701514915,30.0,False
TAP,TAP_P01528,-56.900817319831205,-5.664329375609936,forest,0.811139394902497,-0.7068557739257812,45.85536505479113,42.42640687119285,False
TAP,TAP_P01529,-57.58868927931233,-5.261703043764782,forest,0.8407518673546516,-0.731700599193573,142.24975651680498,60.0,False
TAP,TAP_P01531,-56.59981270473887,-7.861607197665143,water,0.19820556468444153,0.0032239535357803,550.3676354472127,30.0,True
TAP,TAP_P01532,-56.76473302016356,-5.290402438545115,forest,0.871947906090222,-0.7668038606643677,46.567404671673664,161.55494421403512,False
TAP,TAP_P01534,-57.28031541987305,-7.160882146684038,forest,0.8617687069396034,-0.737500011920929,6532.483013953644,90.0,False
TAP,TAP_P01535,-55.9561444507608,-6.184479716506333,forest,0.8150431536515476,-0.6894984245300293,184.12165390907015,174.92855684535903,False
TAP,TAP_P01536,-56.8741892862952,-5.570077474187746,forest,0.8192600950970524,-0.7062005996704102,459.7917665954982,90.0,False
TAP,TAP_P01537,-56.76097148978885,-6.604038763599841,forest,0.7661883099996547,-0.6631578803062439,763.3836055500649,30.0,False
TAP,TAP_P01538,-56.408630667044136,-7.213120480508612,forest,0.8549884051696592,-0.7430056929588318,174.02566861181884,150.0,False
TAP,TAP_P01540,-57.0336472537021,-7.137404271396075,water,-0.14042552523347868,0.0669387876987457,656.5650394138568,30.0,True
TAP,TAP_P01542,-56.80626716011656,-7.073388926389844,forest,0.8172588675949166,-0.6956530809402466,49.70817242410982,67.0820393249937,False
TAP,TAP_P01543,-57.474306558746136,-6.497604198346412,forest,0.7719275143200174,-0.6635525226593018,743.2630366878914,67.0820393249937,False
TAP,TAP_P01544,-57.48287063337251,-5.104000286645589,water,-0.3561236640449071,0.320451557636261,13.594714634869304,42.42640687119285,True
TAP,TAP_P01545,-57.162457477925386,-7.363945354287358,bare/non-forest,0.08114036365696056,-0.0834942013025283,2430.777471602475,30.0,True
TAP,TAP_P01547,-57.57913419618288,-5.568935187746336,forest,0.8182495389566187,-0.6817246675491333,642.4492099869384,60.0,False
TAP,TAP_P01548,-56.18976898462879,-6.832307384814424,forest,0.8470657923253568,-0.7359331250190735,306.68345628742895,150.0,False
TAP,TAP_P01549,-57.128745568627714,-7.412693523729842,forest,0.8075166769718425,-0.6855955719947815,2430.777471602475,90.0,False
TAP,TAP_P01550,-57.15643154350929,-7.201062627618825,forest,0.8161702133595758,-0.7374814748764038,86.06904970186682,60.0,False
TAP,TAP_P01551,-57.56110281981837,-6.5629344238059,forest,0.8082997728870743,-0.721441924571991,781.3254531708121,182.48287590894657,False
TAP,TAP_P01552,-56.9819050953273,-7.101799155651191,forest,0.8431511730933205,-0.7251455783843994,1846.9119318392366,161.55494421403512,False
TAP,TAP_P01553,-57.00327251154464,-5.558464274331846,forest,0.7597627349199016,-0.69886714220047,805.565689156786,30.0,False
TAP,TAP_P01554,-56.44338784324826,-7.0522939215004845,forest,0.8489675552984043,-0.75333172082901,147.29536792420564,94.86832980505139,False
TAP,TAP_P01555,-56.69403171812159,-7.228575003922775,forest,0.8149549032881316,-0.7215147018432617,163.88532026467217,234.30749027719963,False
TAP,TAP_P01558,-56.29636876264787,-6.381017263891917,forest,0.8514515493417545,-0.7283068299293518,375.57068314725194,67.0820393249937,False
TAP,TAP_P01560,-57.076950816500656,-7.199761825659502,forest,0.819282318395199,-0.7268518805503845,2175.487275045593,67.0820393249937,False
TAP,TAP_P01562,-56.55879051951732,-5.516479366751966,forest,0.5438125077492048,-0.5085343718528748,163.0565352850285,30.0,False
TAP,TAP_P01563,-56.882346084103794,-7.233991608713653,forest,0.816326536959527,-0.7235831618309021,205.22709128104563,169.7056274847714,False
TAP,TAP_P01564,-56.89017680722132,-6.898062494955534,forest,0.8200943009199906,-0.7243452072143555,1012.8044767743654,254.5584412271571,False
TAP,TAP_P01565,-57.40282919036785,-6.062931125858052,forest,0.8126655441041328,-0.7003514766693115,1358.8105955343228,60.0,False
TAP,TAP_P01566,-56.26564065354376,-6.720559667263132,forest,0.8320561853259708,-0.7238444685935974,1138.2805734249494,342.05262752974136,False
TAP,TAP_P01567,-56.02478144583255,-6.184611983162884,forest,0.5064726756007624,-0.5075884461402893,393.60409921027764,42.42640687119285,False
TAP,TAP_P01568,-56.48230646822168,-6.9876071822287535,forest,0.6209716312970462,-0.5693143606185913,3842.1278497334474,42.42640687119285,False
TAP,TAP_P01570,-57.30652722843906,-7.164379892318414,forest,0.8274296159405744,-0.752096951007843,6532.483013953644,256.3201123595259,False
TAP,TAP_P01572,-57.38164619352391,-6.134171362794175,bare/non-forest,0.2214224211980415,-0.2748483419418335,1393.6647522987732,30.0,True
TAP,TAP_P01573,-56.77322908701309,-5.559889970854605,forest,0.8423560036339302,-0.7223302125930786,437.15861629011465,67.0820393249937,False
TAP,TAP_P01574,-56.37122055411186,-6.256408105575726,forest,0.8483540175318132,-0.7274762392044067,62.4236875075844,108.16653826391968,False
TAP,TAP_P01575,-56.11554576710556,-6.695517399286807,water,-0.3558411667097816,0.3462362587451935,219.3394527267297,90.0,True
TAP,TAP_P01576,-57.24316985968389,-5.777431900936561,forest,0.8187660593294155,-0.6906450390815735,381.8071227324021,120.0,False
TAP,TAP_P01577,-57.46216973746032,-5.268115659562161,forest,0.7834068695113933,-0.6604165434837341,341.60869704367684,84.8528137423857,False
TAP,TAP_P01578,-56.92020257874964,-5.748159767587301,forest,0.6924039403027501,-0.6168456077575684,478.45889108468157,60.0,False
TAP,TAP_P01579,-57.35963303729949,-6.989877662177421,forest,0.833610649313825,-0.7257656455039978,55.25501398908678,189.73665961010278,False
TAP,TAP_P01580,-57.43725843147608,-6.206500294281422,forest,0.8097655389512949,-0.6982774138450623,32.49270179033429,90.0,False
TAP,TAP_P01581,-57.01524295946416,-6.967170301131088,forest,0.8650664907237279,-0.753981351852417,383.16344756746946,127.27922061357854,False
TAP,TAP_P01582,-57.16950379498516,-7.0460999466024985,forest,0.8124422534134419,-0.724370539188385,232.23649866492613,150.0,False
TAP,TAP_P01583,-56.95273625333401,-7.03853989090236,forest,0.7272356223371301,-0.6273695826530457,1512.8545122012727,30.0,False
TAP,TAP_P01584,-56.99072814538592,-7.157778349926451,forest,0.8468517603340484,-0.7346702218055725,664.3916423685731,108.16653826391968,False
TAP,TAP_P01585,-56.28660808280043,-6.156350261429537,forest,0.8311469817165558,-0.6729720830917358,319.00897592000683,84.8528137423857,False
TAP,TAP_P01586,-56.41932948999905,-6.202044185424345,forest,0.7971301330135054,-0.7048417329788208,83.59651372798356,30.0,False
TAP,TAP_P01588,-56.35813035231193,-6.840747051876573,forest,0.8279496722257433,-0.6931273341178894,1375.8358951947446,234.30749027719963,False
TAP,TAP_P01589,-57.4862749415062,-6.568300366429767,forest,0.7959351754089844,-0.6939396262168884,80.37691002798203,150.0,False
TAP,TAP_P01590,-56.68781700260684,-4.855467459796243,forest,0.8376211210189908,-0.7300998568534851,467.49816027068374,150.0,False
TAP,TAP_P01594,-57.431624665202,-6.358107979180999,forest,0.8341429857821467,-0.7013963460922241,25.058406142086596,4536.253961144592,False
TAP,TAP_P01595,-56.76902360454602,-7.349023635977304,forest,0.8366431856447891,-0.736952006816864,253.05738514706044,150.0,False
TAP,TAP_P01596,-56.68025149552302,-4.86033246585632,forest,0.8417350415871854,-0.7178828716278076,467.49816027068374,256.3201123595259,False
TAP,TAP_P01597,-56.03452564653934,-6.17376287133218,forest,0.8535525878347555,-0.7089750170707703,23.2425059911668,150.0,False
TAP,TAP_P01598,-56.509808338021166,-6.990510417711963,forest,0.7939560442372071,-0.6709621548652649,3842.1278497334474,90.0,False
TAP,TAP_P01599,-56.75541115200885,-5.627649515900927,forest,0.8565201647409189,-0.7464810013771057,266.15701132556705,161.55494421403512,False
TAP,TAP_P01600,-56.4213229351824,-5.771072121621588,forest,0.8052539420503884,-0.7251684665679932,81.01233454475317,192.09372712298546,False
TAP,TAP_P01601,-56.27053617770907,-6.7124852824491485,forest,0.8419319405183986,-0.7352352142333984,1138.2805734249494,308.86890422961005,False
TAP,TAP_P01602,-56.66414446669777,-7.895425356165884,water,-0.03105966590360967,0.0859091356396675,98.79846450068203,30.0,True
TAP,TAP_P01603,-57.71316037799578,-5.440005970302866,forest,0.776799269693768,-0.5938519835472107,255.92852986018966,90.0,False
TAP,TAP_P01604,-57.04123976893737,-7.204787278410874,forest,0.8341338631396427,-0.7284126281738281,148.8588339856818,30.0,False
TAP,TAP_P01605,-57.290946901438566,-7.139479001128804,forest,0.8266537929799398,-0.7274447679519653,6532.483013953644,30.0,False
TAP,TAP_P01606,-56.627987569618185,-6.988163788862146,forest,0.7960393343286043,-0.6866701245307922,1008.8881937929187,394.58839313897715,False
TAP,TAP_P01607,-56.60990813872995,-7.633652213666297,forest,0.6358231225516271,-0.4616605043411255,59.78866043711352,30.0,False
TAP,TAP_P01608,-56.45549056710606,-5.704991066703865,forest,0.8390443239939076,-0.7111172676086426,931.0072091678815,30.0,False
TAP,TAP_P01609,-56.62315356903847,-5.515971031432341,forest,0.8177024503037162,-0.6976633071899414,306.76637265204636,212.13203435596427,False
TAP,TAP_P01610,-57.00155275842375,-7.147978986567228,forest,0.7934628020620405,-0.7006213068962097,664.3916423685731,127.27922061357854,False
TAP,TAP_P01611,-57.70472434297949,-5.446776903940029,forest,0.8033090856304134,-0.7056989669799805,255.92852986018966,127.27922061357854,False
TAP,TAP_P01612,-55.33012111493267,-5.9962540842680045,forest,0.8151658819023392,-0.7082067131996155,626.1641849371455,210.0,False
TAP,TAP_P01614,-56.90514788842527,-5.714402040565456,forest,0.8384929952441786,-0.7293328046798706,81.48129810046898,152.97058540778355,False
TAP,TAP_P01615,-56.74601899167541,-6.563404832991594,forest,0.7895888423120506,-0.665738582611084,763.3836055500649,67.0820393249937,False
TAP,TAP_P01617,-56.72655795268738,-7.064656127600755,forest,0.8391167230983513,-0.7181136608123779,465.020978499373,127.27922061357854,False
TAP,TAP_P01618,-56.72720789823624,-7.103915474118669,forest,0.832600462278291,-0.6929677128791809,402.8868986953326,192.09372712298546,False
TAP,TAP_P01619,-57.40800904791456,-6.230908433564253,forest,0.6903317846111331,-0.6197866201400757,235.25645526288665,60.0,False
TAP,TAP_P01620,-56.68849616214078,-7.648928668677813,forest,0.8714708201253856,-0.7678712606430054,9991.219089903321,150.0,False
TAP,TAP_P01621,-57.24438776908859,-5.909828473417729,forest,0.8237560787090099,-0.7278701663017273,708.4508174728377,67.0820393249937,False
TAP,TAP_P01622,-56.725824137189946,-7.8707435697320625,forest,0.8464079253344743,-0.7472633719444275,248.82299237582347,84.8528137423857,False
TAP,TAP_P01623,-56.52109229677411,-5.766802878269783,forest,0.8616898255004419,-0.7368209958076477,134.8735677709131,67.0820393249937,False
TAP,TAP_P01625,-56.57496093444252,-7.323967655122437,forest,0.8169110049068162,-0.7073718309402466,1400.357443306783,108.16653826391968,False
TAP,TAP_P01627,-57.45069223377082,-5.0272267905084,forest,0.8489689234192646,-0.7200064063072205,735.601238367819,42.42640687119285,False
TAP,TAP_P01628,-56.87538190399642,-5.692366745072578,forest,0.8125500545478996,-0.7240537405014038,1287.902270433891,189.73665961010278,False
TAP,TAP_P01630,-57.37927105787607,-6.06700347579927,forest,0.8375105291924635,-0.7362658977508545,1358.8105955343228,123.69316876852982,False
TAP,TAP_P01632,-56.46068861098565,-5.71846378717217,forest,0.8401090702891139,-0.7287694811820984,931.0072091678815,150.0,False
TAP,TAP_P01633,-57.15143575774888,-7.091785854072604,forest,0.8476218451023854,-0.7369893193244934,429.980921556009,30.0,False
TAP,TAP_P01634,-56.39828344146156,-6.481297638487609,forest,0.750463475434031,-0.6680274605751038,84.1220329393119,216.33307652783935,False
TAP,TAP_P01635,-56.4925934106596,-5.807565743823918,forest,0.8728966875472866,-0.7526941299438477,290.294886050015,90.0,False
TAP,TAP_P01636,-56.750503095411865,-7.088154882528565,forest,0.7831827654138036,-0.7097464203834534,475.5724296900206,134.1640786499874,False
TAP,TAP_P01637,-56.99779837207356,-7.147873180761029,forest,0.8258410584639678,-0.7173604369163513,664.3916423685731,150.0,False
TAP,TAP_P01638,-56.75472534881488,-5.744725511028303,forest,0.8259723203818315,-0.7021276950836182,141.52454103467622,84.8528137423857,False
TAP,TAP_P01639,-56.32377576178772,-7.283866243908344,forest,0.8431493248901217,-0.7147155404090881,1063.6012068494724,174.92855684535903,False
TAP,TAP_P01641,-55.30757778556302,-5.989288889285908,forest,0.8276962254374588,-0.706747829914093,626.1641849371455,42.42640687119285,False
TAP,TAP_P01645,-56.49583753896814,-5.8033845816186185,forest,0.8250276789139955,-0.7124417424201965,290.294886050015,108.16653826391968,False
TAP,TAP_P01646,-56.92468698294519,-5.3916561154087415,forest,0.8240633821933101,-0.7056751251220703,19.804106331081428,108.16653826391968,False
TAP,TAP_P01647,-56.48769753281068,-6.140644428655799,forest,0.8376662692273062,-0.7084106206893921,290.94820385065697,180.0,False
TAP,TAP_P01648,-56.00073068403464,-6.45846948934415,forest,0.7850009846816968,-0.6848785281181335,57.416403241373004,161.55494421403512,False
TAP,TAP_P01649,-56.48242781566262,-5.720471411965983,forest,0.6488677773134967,-0.6557760834693909,931.0072091678815,30.0,False
TAP,TAP_P01651,-56.18666601402881,-6.357040718745548,forest,0.8341542046791809,-0.7247354984283447,125.8313783589948,84.8528137423857,False
TAP,TAP_P01652,-56.86271052888129,-5.558448597363135,forest,0.7969628785087711,-0.6778523325920105,459.7917665954982,182.48287590894657,False
TAP,TAP_P01653,-56.748193796173865,-6.632055309563056,forest,0.5378905228800344,-0.4376277923583984,265.4508758404778,30.0,False
TAP,TAP_P01654,-57.04407921045182,-7.262374780298837,forest,0.7610834481076937,-0.681311845779419,2175.487275045593,349.85711369071805,False
TAP,TAP_P01655,-56.45359867890775,-5.722555787531015,forest,0.8473618043453702,-0.7218808531761169,931.0072091678815,90.0,False
TAP,TAP_P01656,-56.644557123217815,-7.829899196677721,forest,0.7439952328734328,-0.6488578915596008,1080.1496008580875,30.0,False
TAP,TAP_P01657,-56.36554108665206,-6.363575690988016,forest,0.7994089055363054,-0.6978068351745605,202.9600556317939,134.1640786499874,False
TAP,TAP_P01658,-57.17109246032829,-5.529709408593848,forest,0.853356062588987,-0.7361044883728027,1380.3456256924787,30.0,False
TAP,TAP_P01660,-56.68477166466488,-7.222728401744654,forest,0.8074824616647899,-0.6939371824264526,163.88532026467217,60.0,False
TAP,TAP_P01661,-55.966487531753366,-6.193462609548717,forest,0.8228551618522825,-0.7293283939361572,1362.2993807535643,254.5584412271571,False
TAP,TAP_P01663,-56.98526060878415,-7.033033427285056,forest,0.8614227948899722,-0.7466755509376526,1512.8545122012727,234.30749027719963,False
TAP,TAP_P01665,-57.27156740632645,-7.193695010770742,forest,0.8493778707506441,-0.7366428375244141,6532.483013953644,241.86773244895647,False
TAP,TAP_P01666,-56.93401724156397,-7.073498888184666,forest,0.6003037952495849,-0.5917704105377197,1512.8545122012727,30.0,False
TAP,TAP_P01667,-57.497160893704354,-6.192321285381337,bare/non-forest,0.22351693594253083,-0.2438395470380783,557.4016130141331,30.0,True
TAP,TAP_P01668,-57.1370008627184,-7.267013159741334,forest,0.8782252603231575,-0.7644991278648376,1719.8896589965225,150.0,False
TAP,TAP_P01669,-57.12305371703406,-7.412720761136372,bare/non-forest,0.4153845936806029,-0.4051972925662994,2430.777471602475,108.16653826391968,True
TAP,TAP_P01672,-56.776661033977,-7.627714242039777,forest,0.7660980435750319,-0.6686640381813049,9991.219089903321,60.0,False
TAP,TAP_P01673,-56.51771883981768,-5.763458983221223,forest,0.8443275327453416,-0.7377969026565552,134.8735677709131,67.0820393249937,False
TAP,TAP_P01674,-56.40425036449701,-6.829075446257886,forest,0.8132039630657018,-0.6975693702697754,375.51327781678646,192.09372712298546,False
TAP,TAP_P01676,-57.36340789932015,-6.131189009642886,forest,0.5578786346774984,-0.5242130756378174,1393.6647522987732,201.24611797498108,False
TAP,TAP_P01677,-57.15620617963982,-7.26248218487606,forest,0.8291986081898116,-0.7381370663642883,1719.8896589965225,150.0,False
TAP,TAP_P01678,-57.34252844126078,-6.197078371978412,forest,0.8510392575797642,-0.7526360750198364,1393.6647522987732,362.49137920783716,False
TAP,TAP_P01681,-57.294716458112575,-7.141278923721916,forest,0.8397135693891815,-0.751467227935791,6532.483013953644,201.24611797498108,False
TAP,TAP_P01683,-57.35828994705201,-6.126200758779545,forest,0.6720997329149009,-0.604148805141449,1393.6647522987732,254.5584412271571,False
TAP,TAP_P01684,-57.02240417340715,-6.745930037441245,forest,0.847756411672376,-0.7501055598258972,86.35233127951982,120.0,False
TAP,TAP_P01685,-56.896542258062894,-5.787875507818338,forest,0.8637744033585303,-0.7353381514549255,1231.4065370376056,150.0,False
TAP,TAP_P01686,-57.41920061163812,-5.096752853931554,forest,0.7492295326268354,-0.6436814665794373,213.82134508079272,67.0820393249937,False
TAP,TAP_P01687,-55.34423998782209,-5.964938023082379,forest,0.8330532208909921,-0.7443609237670898,133.00225892230014,84.8528137423857,False
TAP,TAP_P01688,-56.74522101778288,-6.597045366466619,forest,0.8377358435307789,-0.7137879729270935,763.3836055500649,228.47319317591726,False
TAP,TAP_P01690,-57.41821816334541,-5.102555022399021,forest,0.7869864313914235,-0.6809431910514832,213.82134508079272,94.86832980505139,False
TAP,TAP_P01692,-57.18396601926711,-5.494072955566126,forest,0.8797629184481179,-0.7813664674758911,1380.3456256924787,161.55494421403512,False
TAP,TAP_P01694,-57.46341924666766,-5.263279649653029,forest,0.7795074474817226,-0.6654402613639832,341.60869704367684,60.0,False
TAP,TAP_P01695,-56.5431747027306,-6.901089254538016,forest,0.8182981508915783,-0.7064757347106934,351.03660190948574,180.0,False
TAP,TAP_P01696,-57.057847831721055,-7.27100212579645,forest,0.8363529976814696,-0.7363046407699585,2175.487275045593,94.86832980505139,False
TAP,TAP_P01697,-56.74539130037737,-6.619132494411283,forest,0.8205812497900246,-0.6983530521392822,763.3836055500649,60.0,False
TAP,TAP_P01698,-57.03255871151326,-6.64633937775824,forest,0.8308196600212008,-0.7214265465736389,514.869362048014,150.0,False
TAP,TAP_P01700,-57.351129686289575,-6.086958447517901,forest,0.8453348234216769,-0.7451162934303284,1622.7644649724284,150.0,False
TAP,TAP_P01701,-56.76140046736643,-7.52192450549392,forest,0.8660360191110458,-0.7471324801445007,9991.219089903321,201.24611797498108,False
TAP,TAP_P01702,-56.34127400447455,-6.3435453109349496,forest,0.5348678323154972,-0.476401150226593,77.33145740192455,127.27922061357854,False
TAP,TAP_P01703,-56.58827861927861,-7.242676150026338,forest,0.8431749498931528,-0.7435391545295715,269.23037233090275,150.0,False
TAP,TAP_P01707,-57.53319666104529,-5.36123772578309,forest,0.7697667524837654,-0.6732597351074219,102.098988729277,30.0,False
TAP,TAP_P01708,-57.41148811177818,-5.099616474332802,forest,0.8143972311325361,-0.6952998638153076,213.82134508079272,134.1640786499874,False
TAP,TAP_P01709,-56.89116881739237,-6.891970127500542,forest,0.8119852267326322,-0.7201107144355774,1012.8044767743654,150.0,False
TAP,TAP_P01710,-57.7084613616541,-5.440389844602682,forest,0.8140501571373541,-0.6159589290618896,255.92852986018966,228.47319317591726,False
TAP,TAP_P01711,-56.20322682371721,-6.378267117494198,bare/non-forest,0.21999009175743137,-0.2710041105747223,81.87339405581022,42.42640687119285,True
TAP,TAP_P01712,-57.42906705724474,-6.034482899404488,forest,0.8148348658236505,-0.6965199708938599,2568.233036550785,42.42640687119285,False
TAP,TAP_P01713,-57.18278074736638,-7.270417874162986,forest,0.8195780786942889,-0.7282119393348694,191.11012352923873,301.4962686336267,False
TAP,TAP_P01714,-56.721712957826426,-7.728006669337843,forest,0.8572830492509227,-0.7587453126907349,513.7780987804362,283.0194339616981,False
TAP,TAP_P01716,-57.17981743352274,-7.2184264352062275,forest,0.8360222143175433,-0.7055498361587524,110.34593220863884,30.0,False
TAP,TAP_P01717,-56.42524238012032,-6.209034414793456,forest,0.813068940114158,-0.6845502257347107,252.2390844989058,30.0,False
TAP,TAP_P01718,-57.98055118480072,-5.946257130588836,forest,0.7389694511485365,-0.6526845693588257,53.062095426752045,806.1017305526642,False
TAP,TAP_P01719,-56.61377842709153,-7.009356645950698,forest,0.8229488044642358,-0.7365591526031494,1008.8881937929187,192.09372712298546,False
TAP,TAP_P01721,-56.75959360427363,-7.067915628513514,forest,0.7820273477788809,-0.6937263011932373,465.020978499373,42.42640687119285,False
TAP,TAP_P01722,-55.92665973554019,-6.997281032351295,bare/non-forest,0.3817354291962101,-0.4372526407241821,91.42756678095114,366.1966684720111,True
TAP,TAP_P01724,-57.16547604155343,-5.152280794138467,forest,0.8124567490908393,-0.6875550746917725,12.52869322074121,67.0820393249937,False
TAP,TAP_P01726,-57.14403308884247,-7.259099123777068,forest,0.8532307586289021,-0.7458399534225464,1719.8896589965225,169.7056274847714,False
TAP,TAP_P01729,-56.94518126918023,-5.323307317867202,forest,0.8059450305729231,-0.6819286942481995,218.28663350562212,30.0,False
TAP,TAP_P01730,-56.67151969749964,-6.944093400524995,forest,0.780263685958179,-0.6598192453384399,101.79515282461291,241.86773244895647,False
TAP,TAP_P01733,-57.30031051136084,-5.888796345543556,forest,0.8397132644911098,-0.6937487125396729,708.4508174728377,276.5863337187866,False
TAP,TAP_P01734,-57.15472333834402,-7.37346133454031,forest,0.8576088957902119,-0.743602454662323,2430.777471602475,295.4657340538831,False
TAP,TAP_P01735,-56.88684879188925,-7.086937346774548,forest,0.7790151132842271,-0.6774329543113708,2030.3979470351633,174.92855684535903,False
TAP,TAP_P01736,-56.67724796318844,-7.613776666330978,forest,0.8648253414697711,-0.7329639792442322,9991.219089903321,134.1640786499874,False
TAP,TAP_P01737,-56.47141506205704,-5.795244113174373,forest,0.762055615531144,-0.6692541241645813,132.50852886499555,42.42640687119285,False
TAP,TAP_P01740,-56.99899579489245,-5.752225142132768,forest,0.8768469139806389,-0.7276621460914612,212.69783850215384,150.0,False
TAP,TAP_P01741,-56.86787462632881,-5.65970548235931,forest,0.8409090911622781,-0.7033096551895142,1287.902270433891,180.0,False
TAP,TAP_P01742,-56.85429266842719,-6.085610394819359,forest,0.7900552622641199,-0.6838564872741699,165.5105002193704,150.0,False
TAP,TAP_P01743,-56.68591585154642,-7.59019631684103,forest,0.8613983272437707,-0.745147705078125,9991.219089903321,305.9411708155671,False
TAP,TAP_P01744,-57.4132262252565,-5.9476101840594735,bare/non-forest,0.1875000116415325,-0.2383093684911728,2568.233036550785,30.0,True
TAP,TAP_P01745,-56.24051653278794,-6.7573328499692815,forest,0.81179075264822,-0.6960873603820801,1896.608348381681,169.7056274847714,False
TAP,TAP_P01746,-55.95977272569596,-5.431827749951933,forest,0.6868085078590864,-0.582124650478363,110.91234515002456,30.0,False
TAP,TAP_P01747,-56.72597478503936,-6.88881096035967,forest,0.8037142411022781,-0.685772180557251,479.449942694211,342.05262752974136,False
TAP,TAP_P01748,-57.15398808175669,-5.198397393650874,forest,0.7847090063939887,-0.7064515948295593,291.03607280138067,67.0820393249937,False
TAP,TAP_P01749,-57.0394318030091,-7.168908217846334,forest,0.8387715966356104,-0.7536554932594299,309.769241219543,67.0820393249937,False
TAP,TAP_P01750,-56.90306027945776,-7.00932690136084,forest,0.85054272284815,-0.7380846738815308,936.0845757344995,120.0,False
TAP,TAP_P01752,-57.487986260967055,-5.174683823634597,forest,0.7123312460262456,-0.5984158515930176,1623.9711795345822,42.42640687119285,False
TAP,TAP_P01753,-56.99788560113256,-7.101908497306061,forest,0.7912885668061866,-0.6972354054450989,1846.9119318392366,30.0,False
TAP,TAP_P01755,-56.89673238970694,-5.771358699662236,forest,0.8353457764334385,-0.7087214589118958,1231.4065370376056,241.86773244895647,False
TAP,TAP_P01756,-56.82057697410917,-7.143263957059825,forest,0.8300606904445789,-0.7132781744003296,130.0508316576414,169.7056274847714,False
TAP,TAP_P01758,-56.433096355874746,-6.230801189068556,forest,0.8270580716050475,-0.6752577424049377,252.2390844989058,161.55494421403512,False
TAP,TAP_P01759,-56.76456694673888,-5.648980688124024,forest,0.8144481128604222,-0.7179067730903625,33.971810726583875,60.0,False
TAP,TAP_P01760,-56.51255150443537,-7.3148986593908285,forest,0.8437774782399476,-0.7376960515975952,1400.357443306783,241.86773244895647,False
TAP,TAP_P01761,-56.48353003889032,-6.999693817763419,forest,0.6875772715670706,-0.6070945858955383,3842.1278497334474,30.0,False
TAP,TAP_P01762,-56.987155857881135,-7.335975839212533,forest,0.8240963695356951,-0.7036145329475403,323.6206393411216,42.42640687119285,False
TAP,TAP_P01763,-57.65922826513749,-5.13582147968403,forest,0.7942386887153766,-0.715298593044281,23.939435108366162,182.48287590894657,False
TAP,TAP_P01764,-56.96679720846085,-7.212788495665856,forest,0.8219451715255823,-0.7186774611473083,226.83432981116292,84.8528137423857,False
TAP,TAP_P01766,-57.3402644495556,-7.12723665088394,forest,0.8536212017397377,-0.7419704794883728,6532.483013953644,42.42640687119285,False
TAP,TAP_P01767,-57.063282965558095,-7.254115222999903,forest,0.8648025452764261,-0.7584222555160522,2175.487275045593,308.86890422961005,False
TAP,TAP_P01768,-56.34059036161067,-5.752653737385616,forest,0.7855833649510817,-0.7181694507598877,272.783459296162,108.16653826391968,False
TAP,TAP_P01769,-56.899529043679706,-7.004179481673206,bare/non-forest,0.4596739959817771,-0.4679937958717346,936.0845757344995,30.0,True
TAP,TAP_P01771,-57.008690145297535,-5.581139032590363,forest,0.8653941515758666,-0.7251424193382263,805.565689156786,120.0,False
TAP,TAP_P01773,-57.40400330660277,-6.923436426204682,forest,0.7902840292151775,-0.6765742897987366,145.2337211597452,174.92855684535903,False
TAP,TAP_P01774,-57.39456172018593,-5.998136825982137,forest,0.802150532810354,-0.6796830892562866,2568.233036550785,42.42640687119285,False
TAP,TAP_P01776,-56.56024982038876,-5.515200573258726,forest,0.8305350750319538,-0.7193936705589294,163.0565352850285,152.97058540778355,False
TAP,TAP_P01777,-57.56239594762145,-6.876241835038863,forest,0.8312723311071119,-0.7071362137794495,940.4013963372355,123.69316876852982,False
TAP,TAP_P01778,-57.29123124615409,-7.114216250584902,forest,0.8351368397213721,-0.7448146939277649,6532.483013953644,240.0,False
TAP,TAP_P01782,-56.86848686091691,-5.460131711619081,bare/non-forest,0.20076401971722127,-0.0645100772380828,1838.6847913386882,30.0,True
TAP,TAP_P01784,-56.70104939487801,-5.9396612584489406,forest,0.8806125121592223,-0.7659643292427063,176.41562138176496,134.1640786499874,False
TAP,TAP_P01785,-56.72563748411538,-7.543909865783049,forest,0.8381967517943524,-0.7371481657028198,9991.219089903321,161.55494421403512,False
TAP,TAP_P01786,-57.05939617649823,-4.946054121583131,forest,0.8768336975983442,-0.7679657340049744,148.6743574491658,169.7056274847714,False
TAP,TAP_P01787,-56.27443553520328,-6.12827942372258,forest,0.8148642575450301,-0.686022937297821,13.196684275466396,67.0820393249937,False
TAP,TAP_P01788,-57.00653653863297,-6.045737160614001,bare/non-forest,0.10555456403738592,-0.1851720064878463,68.0901229231614,30.0,True
TAP,TAP_P01789,-56.77670016602783,-7.597504097961186,forest,0.7526623347339199,-0.668612003326416,9991.219089903321,30.0,False
TAP,TAP_P01790,-56.6279349488115,-7.468022692240629,forest,0.7752041630502498,-0.6683664917945862,49.50679413779075,30.0,False
TAP,TAP_P01791,-56.56485951406099,-6.997932078911128,forest,0.7887013967310512,-0.6807065010070801,198.251037853022,84.8528137423857,False
TAP,TAP_P01792,-56.772586368023376,-7.611295124413416,forest,0.7617246505155609,-0.6882928609848022,9991.219089903321,161.55494421403512,False
TAP,TAP_P01793,-56.01509282889377,-6.190944600950573,forest,0.8211224298568104,-0.7162926197052002,393.60409921027764,60.0,False
TAP,TAP_P01794,-56.197200340652806,-6.380864269474841,bare/non-forest,0.011135157198832226,-0.0270474702119827,81.87339405581022,30.0,True
TAP,TAP_P01795,-56.56544627585623,-5.507263947483786,forest,0.7548737489679557,-0.662434458732605,163.0565352850285,90.0,False
TAP,TAP_P01796,-57.00012898991871,-7.109052277400965,forest,0.5847332738240524,-0.5412363409996033,1846.9119318392366,30.0,False
TAP,TAP_P01797,-57.01201003631624,-6.875935601324215,forest,0.6007215996965293,-0.5148599147796631,336.9340490625738,201.24611797498108,False
TAP,TAP_P01798,-56.48953791158236,-6.980945572468959,forest,0.751081332167549,-0.6209391951560974,3842.1278497334474,120.0,False
TAP,TAP_P01801,-56.64518621388309,-7.630634958700295,forest,0.8230088414303437,-0.715353786945343,9991.219089903321,60.0,False
TAP,TAP_P01802,-56.07380897251362,-5.508331318099199,forest,0.8082653878032023,-0.6951586604118347,596.0602670451929,30.0,False
TAP,TAP_P01803,-56.584751784888944,-7.348343521586067,forest,0.8430676253204669,-0.73108971118927,127.57992201604583,108.16653826391968,False
TAP,TAP_P01804,-57.16635327464231,-5.144301604951854,forest,0.7911493201037025,-0.6783173680305481,69.42011479458029,84.8528137423857,False
TAP,TAP_P01806,-57.43664465686506,-6.15117976994978,forest,0.7374100795171415,-0.6239309310913086,1929.2377405479056,30.0,False
TAP,TAP_P01807,-57.42122030650204,-6.009403953417978,forest,0.7327664647204021,-0.6509568691253662,2568.233036550785,30.0,False
TAP,TAP_P01808,-57.16091985938024,-7.367455129147252,forest,0.8284734087976625,-0.7046390175819397,2430.777471602475,60.0,False
TAP,TAP_P01809,-56.964155479294426,-5.739166363272938,forest,0.8072135136957925,-0.7126868963241577,131.5234436360303,84.8528137423857,False
TAP,TAP_P01812,-57.51058897985055,-6.951774850814043,forest,0.8248391871828341,-0.7259548306465149,337.03016278649665,210.0,False
TAP,TAP_P01813,-56.35578725651049,-7.298182910121747,forest,0.8662074408717995,-0.7242503762245178,94.13875516793101,240.0,False
TAP,TAP_P01815,-56.70351502124987,-7.629951542784745,forest,0.791546584429004,-0.7111688256263733,9991.219089903321,123.69316876852982,False
TAP,TAP_P01817,-56.754374708391005,-7.662217142144626,forest,0.8317069816170451,-0.749963641166687,9991.219089903321,90.0,False
TAP,TAP_P01819,-55.34259901540815,-6.028443280973014,forest,0.8164188672258688,-0.7148125767707825,563.1483995664034,349.85711369071805,False
TAP,TAP_P01820,-56.99340425468148,-5.533344140909786,forest,0.8126159617562667,-0.7239897847175598,30.687484871354506,30.0,False
TAP,TAP_P01821,-56.28732637537234,-6.563814260111826,forest,0.8086330924647229,-0.703214168548584,124.97333929354812,1167.304587500623,False
TAP,TAP_P01822,-57.00859633404296,-5.545360176697888,forest,0.8313600929956424,-0.6744064688682556,805.565689156786,94.86832980505139,False
TAP,TAP_P01824,-56.5730182713297,-5.422714492005107,forest,0.8303741302240166,-0.7174186110496521,152.192870552955,30.0,False
TAP,TAP_P01826,-56.756063596273854,-7.660694836044723,forest,0.8254156689398555,-0.730827808380127,9991.219089903321,30.0,False
TAP,TAP_P01827,-56.71200834584795,-7.130585320503138,forest,0.8055632012979402,-0.7095548510551453,402.8868986953326,90.0,False
TAP,TAP_P01828,-56.65606939946221,-6.896191581516871,forest,0.8192204294513531,-0.7140401005744934,58.096858843949114,60.0,False
TAP,TAP_P01829,-56.889875076803214,-5.695421085814028,forest,0.8527569031919756,-0.7476580739021301,1287.902270433891,296.98484809834997,False
TAP,TAP_P01831,-57.57024652276393,-6.869131557976382,forest,0.5427251513096887,-0.513655960559845,940.4013963372355,60.0,False
TAP,TAP_P01832,-56.76071270159302,-5.6326644240226775,forest,0.532608699276803,-0.4763678014278412,266.15701132556705,84.8528137423857,False
TAP,TAP_P01833,-56.84218263260752,-5.468882990659121,forest,0.8309399406658758,-0.7057772278785706,1838.6847913386882,152.97058540778355,False
TAP,TAP_P01836,-56.51454193757689,-5.765134181631626,forest,0.8650238042761085,-0.7313041090965271,134.8735677709131,152.97058540778355,False
TAP,TAP_P01837,-56.884224601830326,-5.700033660191276,forest,0.869375908419644,-0.761387288570404,1287.902270433891,67.0820393249937,False
TAP,TAP_P01838,-56.29388411393598,-6.151762027162326,forest,0.8128388938304942,-0.695022463798523,319.00897592000683,84.8528137423857,False
TAP,TAP_P01839,-57.46456698431669,-5.696452312224948,forest,0.8075030780037956,-0.6933369040489197,279.80066301851934,313.20919526731655,False
TAP,TAP_P01841,-56.61943339383421,-6.929609454186478,bare/non-forest,0.47898354030197243,-0.4774509072303772,417.0850294164283,174.92855684535903,True
TAP,TAP_P01843,-57.02752982274918,-7.199183550958908,forest,0.8444388113624379,-0.7507584691047668,224.91400901055042,276.5863337187866,False
TAP,TAP_P01844,-57.10963048793872,-5.646043177869647,forest,0.8146341397564342,-0.7224880456924438,2348.048398524063,30.0,False
TAP,TAP_P01845,-57.001416094976335,-7.1126178628160845,bare/non-forest,0.4678111639828767,-0.4767204225063324,1846.9119318392366,30.0,True
TAP,TAP_P01848,-57.15041388057624,-5.444470937847773,forest,0.8374435563995352,-0.7106466293334961,64.53988512322427,169.7056274847714,False
TAP,TAP_P01849,-56.72253618805308,-7.11494091289029,forest,0.8118503032761917,-0.7052081227302551,402.8868986953326,60.0,False
TAP,TAP_P01851,-57.52141028698571,-6.548661862808476,forest,0.782903682772886,-0.6768395304679871,781.3254531708121,134.1640786499874,False
TAP,TAP_P01852,-56.48262296576257,-6.17647689679248,forest,0.7917517292405947,-0.7103000283241272,61.654342989311324,120.0,False
TAP,TAP_P01855,-57.337698610240444,-6.195161871167378,forest,0.8420021059544474,-0.7452394366264343,1393.6647522987732,342.05262752974136,False
TAP,TAP_P01856,-57.00651104927215,-7.326697417551983,forest,0.8498158184973177,-0.7320442199707031,323.6206393411216,94.86832980505139,False
TAP,TAP_P01857,-57.494110224396685,-5.171987177979614,forest,0.528506470812214,-0.4708549082279205,1623.9711795345822,30.0,False
TAP,TAP_P01858,-57.00556260146298,-5.826837208522905,forest,0.8372020981882683,-0.7220226526260376,706.1187034970374,127.27922061357854,False
TAP,TAP_P01862,-57.30948882509962,-7.087877804925713,forest,0.7709283348593914,-0.7088935971260071,6532.483013953644,42.42640687119285,False
TAP,TAP_P01863,-56.97256085885451,-7.030833183366736,forest,0.8773231837417987,-0.7446362972259521,1512.8545122012727,120.0,False
TAP,TAP_P01864,-56.83447056876091,-7.130814172980308,forest,0.762053563655176,-0.6061001420021057,488.2524627143045,161.55494421403512,False
TAP,TAP_P01865,-56.95940824272096,-7.074717772701996,forest,0.8452216893349124,-0.7215161919593811,1846.9119318392366,60.0,False
TAP,TAP_P01866,-57.33540426425532,-7.139942277284179,forest,0.8641916443065514,-0.7599402666091919,6532.483013953644,60.0,False
TAP,TAP_P01867,-57.36015635132233,-7.084895471850327,forest,0.8199879651370252,-0.7402135133743286,70.78763482271647,276.5863337187866,False
TAP,TAP_P01868,-56.65404184906205,-5.816485243454071,forest,0.7957017820655793,-0.6548223495483398,1909.7384285300964,30.0,False
TAP,TAP_P01870,-56.71046823384196,-7.277977786873907,forest,0.8465171118707566,-0.7522982954978943,273.5239136290943,94.86832980505139,False
TAP,TAP_P01871,-57.1671147051412,-7.046351529949192,forest,0.8415600163240818,-0.7104166746139526,232.23649866492613,30.0,False
TAP,TAP_P01872,-56.25102902954296,-6.717395009549925,forest,0.8189415075745967,-0.6973329186439514,1138.2805734249494,218.40329667841553,False
TAP,TAP_P01876,-56.91345012648413,-5.743272457699103,forest,0.8298153707640968,-0.7035885453224182,478.45889108468157,192.09372712298546,False
TAP,TAP_P01877,-56.53272317820967,-6.293648421420982,forest,0.6974736109875934,-0.6161825656890869,123.50893027159299,67.0820393249937,False
TAP,TAP_P01878,-57.018369133925646,-6.8787148159699605,bare/non-forest,0.4111110919480954,-0.3801980316638946,336.9340490625738,30.0,True
TAP,TAP_P01879,-56.91355196219073,-7.007486628651801,forest,0.8361904641668269,-0.7320658564567566,936.0845757344995,270.0,False
TAP,TAP_P01881,-56.9046122340044,-5.542575164439581,forest,0.773356412516258,-0.683695912361145,127.15661609610181,174.92855684535903,False
TAP,TAP_P01882,-56.735841576772856,-6.917686542390509,forest,0.7541916595209397,-0.641274631023407,479.449942694211,42.42640687119285,False
TAP,TAP_P01883,-57.371680298903776,-6.056384750146385,forest,0.816099263161769,-0.7204281687736511,1358.8105955343228,60.0,False
TAP,TAP_P01884,-56.94716410987866,-6.889102178677076,forest,0.8217230904911098,-0.7142235040664673,1012.8044767743654,254.5584412271571,False
TAP,TAP_P01885,-57.11445276889823,-5.584167232703033,forest,0.8206182509109521,-0.7291727662086487,439.3920696679941,134.1640786499874,False
TAP,TAP_P01886,-57.14234076931425,-7.400942805724704,forest,0.8471502581172582,-0.7321038842201233,2430.777471602475,90.0,False
TAP,TAP_P01887,-56.9917190519897,-7.146665993486225,forest,0.5735425074970728,-0.509462296962738,664.3916423685731,30.0,False
TAP,TAP_P01888,-57.10241973452021,-5.65658944140617,forest,0.8811453253281385,-0.756488025188446,2348.048398524063,218.40329667841553,False
TAP,TAP_P01889,-57.593244501891206,-5.177295627945993,forest,0.8056566868876942,-0.7001296281814575,31.451447465137274,192.09372712298546,False
TAP,TAP_P01893,-57.348467416879885,-5.793755430565196,forest,0.8447113966635861,-0.7275913953781128,96.3159944838031,212.13203435596427,False
TAP,TAP_P01896,-57.01704713624409,-4.989028500478361,forest,0.8442784187218114,-0.7331317663192749,26.61669531062001,67.0820393249937,False
TAP,TAP_P01897,-56.73446591104701,-7.082123961201965,forest,0.6075427096189783,-0.5315315127372742,475.5724296900206,30.0,False
TAP,TAP_P01898,-57.58174414471042,-5.561354593256012,forest,0.8125882029255133,-0.7134416699409485,642.4492099869384,60.0,False
TAP,TAP_P01899,-57.062905891928,-5.70456827855107,forest,0.8662453969603489,-0.7431145310401917,2348.048398524063,108.16653826391968,False
TAP,TAP_P01900,-56.13592705516592,-5.843999018747232,forest,0.8368999449544751,-0.7046189904212952,239.37423929891716,60.0,False
TAP,TAP_P01901,-56.665898188104286,-5.202864871635612,forest,0.8599827197407793,-0.7625426650047302,68.26076727972102,90.0,False
TAP,TAP_P01903,-57.30736960848772,-5.880357334503407,forest,0.8285233927097021,-0.7308241724967957,708.4508174728377,30.0,False
TAP,TAP_P01904,-57.56394290570065,-6.878424840104357,forest,0.8215686228677707,-0.710959255695343,940.4013963372355,284.60498941515414,False
TAP,TAP_P01906,-57.187357785892914,-7.283759311521356,forest,0.8729595292924894,-0.7604275345802307,54.361084845853156,331.36083051561786,False
TAP,TAP_P01908,-57.14943620042365,-7.272644934367335,forest,0.8463641432282638,-0.7315336465835571,1719.8896589965225,120.0,False
TAP,TAP_P01909,-57.31877394460444,-7.15494357748195,forest,0.8597560978783882,-0.7420718669891357,81.19681869461182,180.0,False
TAP,TAP_P01911,-56.64882637659038,-6.974749930856998,forest,0.8387199949836732,-0.726554811000824,1008.8881937929187,169.7056274847714,False
TAP,TAP_P01912,-56.99598688976666,-7.031827618131341,forest,0.7805604239315128,-0.6894629001617432,1512.8545122012727,108.16653826391968,False
TAP,TAP_P01915,-57.5975102254644,-5.571772833377031,forest,0.8030139923544133,-0.6889337301254272,642.4492099869384,42.42640687119285,False
TAP,TAP_P01916,-55.99169927489488,-6.182673615251865,forest,0.8532167445446638,-0.7484975457191467,1362.2993807535643,296.98484809834997,False
TAP,TAP_P01917,-56.77147161427692,-7.5905849071967,forest,0.7586206800687331,-0.6551030874252319,9991.219089903321,30.0,False
TAP,TAP_P01919,-56.99126896825301,-7.1417023432915805,forest,0.7031564925988983,-0.508013904094696,664.3916423685731,30.0,False
TAP,TAP_P01921,-57.51112190510406,-4.895596619831904,forest,0.7836752350831154,-0.6648241877555847,462.9757845096954,60.0,False
TAP,TAP_P01922,-57.48816195059566,-5.173748905200287,forest,0.8074523085644666,-0.6671948432922363,1623.9711795345822,60.0,False
TAP,TAP_P01924,-56.72189941157686,-5.608930604605616,forest,0.8481317826214126,-0.7324287295341492,217.82598760386765,42.42640687119285,False
TAP,TAP_P01925,-56.50985157301012,-6.865243787285039,forest,0.6140245774927104,-0.531724750995636,271.2276757498687,90.0,False
TAP,TAP_P01926,-56.956472594567366,-6.963399796991308,forest,0.8179827270040329,-0.7138748168945312,177.6856920812147,42.42640687119285,False
TAP,TAP_P01927,-56.6859109438434,-5.816818639634803,forest,0.8487492635291486,-0.745215654373169,187.63533382057392,182.48287590894657,False
TAP,TAP_P01928,-57.281123366157416,-7.17111176924092,forest,0.8764029072695534,-0.7589473128318787,6532.483013953644,323.10988842807024,False
TAP,TAP_P01930,-56.68356840408151,-7.620362470590747,forest,0.8398370171224643,-0.751549243927002,9991.219089903321,417.85164831552356,False
TAP,TAP_P01932,-56.72702627288478,-5.287570228105541,bare/non-forest,0.44820064556530165,-0.4226391613483429,104.10698937683317,30.0,True
TAP,TAP_P01933,-56.71954052532531,-6.629578508722311,forest,0.6702839325765769,-0.5956600308418274,667.9026897321195,30.0,False
TAP,TAP_P01934,-57.06087842600652,-5.5559752315284605,forest,0.8412322254485758,-0.7441364526748657,63.920407271615694,84.8528137423857,False
TAP,TAP_P01937,-56.38054223481199,-6.483486832825049,forest,0.5153147176982218,-0.5112468600273132,287.89069744971806,30.0,False
TAP,TAP_P01938,-57.19598300177275,-7.376606631362412,forest,0.8256786497768037,-0.7332407236099243,2430.777471602475,150.0,False
TAP,TAP_P01939,-55.33566194898214,-5.995720893629372,forest,0.8439716349532624,-0.7157567739486694,626.1641849371455,169.7056274847714,False
TAP,TAP_P01940,-56.922401224957966,-5.439327657686527,forest,0.738575444219474,-0.6290359497070312,1838.6847913386882,30.0,False
TAP,TAP_P01943,-56.43530958948156,-6.398266886592752,forest,0.7896403368648797,-0.6929894089698792,33.50043946222701,30.0,False
TAP,TAP_P01944,-56.712057764651405,-7.780917580601327,forest,0.8149032215343547,-0.7073047757148743,1080.1496008580875,247.38633753705963,False
TAP,TAP_P01946,-56.48194968549532,-6.95544074886531,forest,0.6323851291158405,-0.5906376838684082,3842.1278497334474,134.1640786499874,False
TAP,TAP_P01947,-56.2828662346449,-6.561690298928532,forest,0.8200330341185842,-0.7110117673873901,124.97333929354812,1572.9272074701996,False
TAP,TAP_P01950,-56.39917224420492,-7.257374617087208,forest,0.80005805871891,-0.7260535359382629,195.00447192057578,30.0,False
TAP,TAP_P01951,-57.08893906482706,-5.6629350521219175,forest,0.839976733032434,-0.7254791855812073,2348.048398524063,174.92855684535903,False
TAP,TAP_P01953,-57.03542682386129,-5.772187152116855,forest,0.6025917722375148,-0.3907883465290069,2348.048398524063,30.0,False
TAP,TAP_P01954,-57.413540636044765,-5.107514016608275,forest,0.8007380083945731,-0.7121294140815735,213.82134508079272,123.69316876852982,False
TAP,TAP_P01955,-57.5157168812664,-5.347580276186694,forest,0.8463099189526848,-0.7407910823822021,434.0032981639618,30.0,False
TAP,TAP_P01957,-57.46378655803086,-6.198799214593492,forest,0.7870945401306456,-0.6893188953399658,557.4016130141331,84.8528137423857,False
TAP,TAP_P01959,-56.3289989984457,-7.300303451469416,forest,0.8632273224826671,-0.7448737025260925,1063.6012068494724,108.16653826391968,False
TAP,TAP_P01960,-57.45308061780092,-5.017890338694363,forest,0.7993147215730301,-0.6935175657272339,735.601238367819,30.0,False
TAP,TAP_P01961,-57.041551893676,-6.852899411463383,forest,0.8108223347195319,-0.7112799882888794,69.52807922209811,127.27922061357854,False
TAP,TAP_P01962,-56.43176090706085,-6.818445757899675,forest,0.7686424515823714,-0.6819080114364624,375.51327781678646,42.42640687119285,False
TAP,TAP_P01963,-56.28994090901765,-6.335060004650357,forest,0.8002928198272283,-0.6981280446052551,153.85032971165717,30.0,False
TAP,TAP_P01965,-56.33927582209458,-7.2577721231156,forest,0.8258416686805248,-0.7241185903549194,57.881266252667864,90.0,False
TAP,TAP_P01967,-57.23754367991427,-5.365315045293302,forest,0.7983686716028044,-0.6632762551307678,52.72217043844093,123.69316876852982,False
TAP,TAP_P01968,-56.8590808160384,-5.430313001707532,forest,0.8316878226103745,-0.6995126605033875,9.218159300495685,942.0191080864549,False
TAP,TAP_P01969,-57.45289945495593,-6.926558071416514,forest,0.6926658877431967,-0.6355901956558228,324.06766038088307,84.8528137423857,False
TAP,TAP_P01970,-56.73163589261181,-6.677366007819718,forest,0.8026070806131929,-0.6697210073471069,141.74391559424433,84.8528137423857,False
TAP,TAP_P01971,-57.13394587015288,-7.412496452262397,forest,0.8606271826341864,-0.7446058392524719,2430.777471602475,169.7056274847714,False
TAP,TAP_P01972,-56.63029561832322,-7.617872404523502,forest,0.8182408187097752,-0.7282878756523132,154.30441602001397,318.9043743820395,False
TAP,TAP_P01975,-57.44642965237852,-6.200781524000229,forest,0.8302854863167511,-0.6882379651069641,557.4016130141331,67.0820393249937,False
TAP,TAP_P01977,-55.857922928797215,-7.061636957975091,forest,0.8021316121767559,-0.6935247778892517,190.72232447824902,161.55494421403512,False
TAP,TAP_P01978,-57.33025878752216,-7.154586143326972,forest,0.8488302345497625,-0.7314788699150085,6532.483013953644,180.0,False
TAP,TAP_P01979,-57.48134701583033,-6.497373431435562,forest,0.5539358607443721,-0.4831393659114837,743.2630366878914,30.0,False
TAP,TAP_P01980,-57.41194882213607,-5.135666133687654,forest,0.7939564837094754,-0.6907098293304443,54.28451262122653,30.0,False
TAP,TAP_P01981,-56.91350626550565,-5.411271196445736,forest,0.798975671528024,-0.6801619529724121,1838.6847913386882,30.0,False
TAP,TAP_P01982,-57.55438550865992,-6.9264319653171,forest,0.7663977484455341,-0.6529360413551331,220.1502302259007,60.0,False
TAP,TAP_P01983,-57.530536122819655,-6.93557544640338,forest,0.7754231377672637,-0.6740015149116516,646.9979046698837,108.16653826391968,False
TAP,TAP_P01985,-57.29390547865989,-6.100407443505775,forest,0.843999357024982,-0.721621572971344,113.12437182965964,84.8528137423857,False
TAP,TAP_P01987,-56.931343549038665,-7.042188618395603,forest,0.6876370936788266,-0.6172729134559631,1512.8545122012727,84.8528137423857,False
TAP,TAP_P01990,-57.33539864212868,-6.057546040002221,forest,0.862310380762931,-0.7635136842727661,1622.7644649724284,108.16653826391968,False
TAP,TAP_P01991,-56.97917176229404,-7.039712776064715,forest,0.843247811158306,-0.7432505488395691,1512.8545122012727,84.8528137423857,False
TAP,TAP_P01992,-56.34178085979524,-7.404379129543342,forest,0.7800865762329042,-0.6716049313545227,26.08281484820341,30.0,False
TAP,TAP_P01994,-56.63364344953476,-5.643617733191458,forest,0.8484242852052547,-0.7428281903266907,434.1205711104804,30.0,False
TAP,TAP_P01995,-57.62262385043614,-5.610737233753298,forest,0.8150197485054984,-0.6998863220214844,95.56416779567388,30.0,False
TAP,TAP_P01996,-56.5585192895068,-5.5104131206677,forest,0.7527782077667686,-0.6767202615737915,163.0565352850285,210.0,False
TAP,TAP_P01997,-56.86908388366204,-5.486728101251251,bare/non-forest,0.0796924906004658,-0.0980988591909408,138.9796544460033,30.0,True
TAP,TAP_P01998,-57.20172508130968,-7.204851772056416,forest,0.8508014737359332,-0.7406377196311951,518.9236600281241,228.47319317591726,False
TAP,TAP_P01999,-57.03435539374731,-6.663690526663736,forest,0.8425103626230274,-0.720658540725708,514.869362048014,494.77267507411926,False
TAP,TAP_P02000,-57.47420786129266,-5.6988782250514864,forest,0.828033659709403,-0.7287428379058838,44.24985474370349,174.92855684535903,False
TAP,TAP_P02001,-56.15000777923508,-5.917914507768478,forest,0.7834008045772712,-0.6782039403915405,168.6790009720242,258.0697580112788,False
TAP,TAP_P02002,-56.86875162182392,-7.032440123051852,forest,0.6284597904780834,-0.5879955887794495,35.402012616651206,42.42640687119285,False
TAP,TAP_P02003,-56.94426031912273,-7.042205250087059,forest,0.7203267642230208,-0.601378858089447,1512.8545122012727,30.0,False
TAP,TAP_P02004,-56.7238658332527,-7.58885748382297,forest,0.8287620397265917,-0.7129058241844177,363.4057189825536,120.0,False
TAP,TAP_P02005,-57.27133873955796,-5.780735021427692,forest,0.7746316039314395,-0.7019867897033691,381.8071227324021,152.97058540778355,False
TAP,TAP_P02007,-57.17119752656598,-5.493877245225145,forest,0.8511816323842537,-0.7393419742584229,1380.3456256924787,94.86832980505139,False
TAP,TAP_P02008,-56.31945199578726,-7.286205483907436,forest,0.8088297320298503,-0.7125730514526367,1063.6012068494724,174.92855684535903,False
TAP,TAP_P02009,-57.00989258836816,-7.082765473856018,forest,0.8219278917030993,-0.7422360777854919,1846.9119318392366,84.8528137423857,False
TAP,TAP_P02013,-57.48381342740103,-5.31583225750404,forest,0.8263624790780709,-0.7130528688430786,17.99120974184995,67.0820393249937,False
TAP,TAP_P02014,-57.005407975251536,-7.327268049050271,forest,0.8665607593998033,-0.7429102659225464,323.6206393411216,201.24611797498108,False
TAP,TAP_P02016,-55.95645337331177,-6.2058453725819085,forest,0.5911823651034828,-0.5345029234886169,1362.2993807535643,30.0,False
TAP,TAP_P02017,-57.55771757882141,-6.526634961618229,forest,0.8220472385204495,-0.7095929384231567,781.3254531708121,134.1640786499874,False
TAP,TAP_P02018,-56.684930727886425,-5.747806775104634,forest,0.8284080021532584,-0.7332123517990112,1909.7384285300964,84.8528137423857,False
TAP,TAP_P02020,-57.05935106180222,-7.247098769104976,bare/non-forest,0.08954362461229329,-0.1964403539896011,2175.487275045593,30.0,True
TAP,TAP_P02022,-57.142232340857376,-5.454678628421826,forest,0.8308212871681219,-0.70712810754776,123.4664577646452,212.13203435596427,False
TAP,TAP_P02024,-57.5191049187069,-6.95628611012188,forest,0.838441891388876,-0.7155120968818665,337.03016278649665,284.60498941515414,False
TAP,TAP_P02025,-56.36655771197154,-6.366912491211356,forest,0.8350203086936208,-0.6835252642631531,202.9600556317939,228.47319317591726,False
TAP,TAP_P02026,-56.69654824055869,-7.6398301215305375,bare/non-forest,0.3399533926293745,-0.3737891912460327,9991.219089903321,30.0,True
TAP,TAP_P02027,-57.37175324451688,-6.135202858203631,forest,0.809976963752855,-0.7059383988380432,1393.6647522987732,30.0,False
TAP,TAP_P02028,-56.73595550656132,-7.391692036249346,bare/non-forest,0.3533476732462152,-0.3350448608398437,191.06124479616787,30.0,True
TAP,TAP_P02030,-56.67313150266474,-7.286612200568222,forest,0.620011544737452,-0.4517742693424225,273.5239136290943,42.42640687119285,False
TAP,TAP_P02033,-56.62446906364331,-5.565689278034949,forest,0.787878772451488,-0.6822210550308228,105.21643001540953,120.0,False
TAP,TAP_P02035,-56.71913051556211,-6.890822971499865,forest,0.8200022103360872,-0.7023454308509827,479.449942694211,67.0820393249937,False
TAP,TAP_P02037,-57.01346577609075,-7.482110039162958,forest,0.8505246092801811,-0.7262365818023682,576.2646626360867,210.0,False
TAP,TAP_P02038,-57.63335757664616,-5.693496566103944,forest,0.6863944291589212,-0.4915292859077453,199.723031662094,30.0,False
TAP,TAP_P02039,-56.829449916736166,-7.1133661353931394,forest,0.8053543287648312,-0.707988977432251,488.2524627143045,228.47319317591726,False
TAP,TAP_P02042,-56.71372323208923,-5.627088304635063,forest,0.8195179352930564,-0.7061741948127747,25.565449661020118,108.16653826391968,False
TAP,TAP_P02043,-56.8633961021072,-7.081890252224127,forest,0.8152011846589851,-0.691033124923706,2030.3979470351633,375.89892258425004,False
TAP,TAP_P02046,-56.534785302079,-6.860983609952731,forest,0.8001797558615683,-0.6838954091072083,271.2276757498687,90.0,False
TAP,TAP_P02047,-56.60573299947987,-7.622034258730901,forest,0.8787196731179246,-0.7743383049964905,46.959892077954244,30.0,False
TAP,TAP_P02049,-55.47022346831447,-5.438214115830309,bare/non-forest,0.19370590493463707,-0.3592953979969024,371.69104591283815,42.42640687119285,True
TAP,TAP_P02050,-57.00955419603544,-6.046832538772577,forest,0.8363578496618214,-0.740821123123169,68.0901229231614,212.13203435596427,False
TAP,TAP_P02053,-55.292514745724574,-6.061735531807751,forest,0.8390804617893043,-0.7258782982826233,628.4854439844795,180.0,False
TAP,TAP_P02054,-57.39657699580584,-6.187589938440589,forest,0.8202014199182631,-0.7321280241012573,1929.2377405479056,60.0,False
TAP,TAP_P02055,-57.01717347436314,-5.529511728694103,forest,0.7724211304804788,-0.6538020372390747,49.58223629383574,42.42640687119285,False
TAP,TAP_P02056,-57.41215169439035,-4.955933701888642,water,-0.09241954088484904,0.2242130786180496,310.5627720115929,67.0820393249937,True
TAP,TAP_P02057,-55.29374623916458,-6.0047673127255,forest,0.7977528043580634,-0.7036700248718262,626.1641849371455,241.86773244895647,False
TAP,TAP_P02058,-56.67535008720439,-6.947780363277469,forest,0.7899479952685331,-0.6636598110198975,101.79515282461291,30.0,False
TAP,TAP_P02060,-56.76276158699724,-6.661544569922523,forest,0.824532893935356,-0.7114797234535217,265.4508758404778,30.0,False
TAP,TAP_P02063,-56.43919568436225,-6.872227834972914,forest,0.8403314911583654,-0.7152722477912903,636.8885494985101,120.0,False
TAP,TAP_P02064,-55.32454201400551,-6.038812616733808,forest,0.7439308274910472,-0.6448331475257874,563.1483995664034,276.5863337187866,False
TAP,TAP_P02065,-57.52306693829792,-5.344216373781088,forest,0.7741496660701773,-0.654442310333252,434.0032981639618,30.0,False
TAP,TAP_P02066,-57.373185803432406,-6.102137160464615,forest,0.8186200777695571,-0.7252792119979858,1622.7644649724284,84.8528137423857,False
TAP,TAP_P02068,-57.17385153928164,-5.498571212030084,forest,0.6601027350838333,-0.5523114204406738,1380.3456256924787,30.0,False
TAP,TAP_P02069,-56.83743909402099,-5.497913018036593,forest,0.8460227250538611,-0.7159481644630432,75.84939625986745,330.0,False
TAP,TAP_P02072,-56.601251744816494,-7.859590817103476,bare/non-forest,0.13356101601118153,-0.2032248973846435,550.3676354472127,30.0,True
TAP,TAP_P02073,-56.76704539770997,-7.568517269627129,forest,0.8406477803761437,-0.7308670878410339,9991.219089903321,94.86832980505139,False
TAP,TAP_P02075,-56.65151869832098,-7.180611743647004,forest,0.8444990782196139,-0.7473553419113159,25.805126850177885,30.0,False
TAP,TAP_P02076,-56.48781076147564,-6.251161555590681,forest,0.7853913007332385,-0.6655054688453674,45.65254127426289,30.0,False
TAP,TAP_P02078,-56.99143181697296,-7.147444449849756,forest,0.7770669714202293,-0.7140382528305054,664.3916423685731,42.42640687119285,False
TAP,TAP_P02079,-56.68894817526319,-7.78536913230049,forest,0.8442466702687677,-0.7325581312179565,1080.1496008580875,108.16653826391968,False
TAP,TAP_P02081,-56.63685834692842,-6.924565020626107,forest,0.7971215697342583,-0.6914710998535156,417.0850294164283,218.40329667841553,False
TAP,TAP_P02082,-56.90579133407538,-7.0487428870107935,forest,0.8561151060836042,-0.7472923398017883,2030.3979470351633,108.16653826391968,False
TAP,TAP_P02083,-56.41775123338485,-7.695964893761961,forest,0.8388021659471697,-0.7252536416053772,292.3858439155138,42.42640687119285,False
TAP,TAP_P02084,-56.87070400516787,-5.461458771395235,forest,0.8558650598342755,-0.7202460765838623,1838.6847913386882,94.86832980505139,False
TAP,TAP_P02086,-56.64079649419968,-6.970279957148512,forest,0.8408091474252596,-0.7321105003356934,1008.8881937929187,94.86832980505139,False
TAP,TAP_P02087,-57.6969963386489,-5.512454981675279,forest,0.7930367626090206,-0.6939105987548828,23.649481180570373,189.73665961010278,False
TAP,TAP_P02088,-57.50847562410064,-5.676534145096793,bare/non-forest,0.10592664726235554,-0.1382636576890945,83.0266453188816,30.0,True
TAP,TAP_P02089,-56.3002317389108,-6.247285671590095,water,-0.24112151337491744,0.2094971984624862,58.201540788920326,30.0,True
TAP,TAP_P02090,-57.1963537603267,-7.376845635205909,forest,0.8657285211071174,-0.7447860836982727,2430.777471602475,174.92855684535903,False
TAP,TAP_P02092,-57.52346074995574,-6.916105126361193,forest,0.7891472866202294,-0.6934749484062195,646.9979046698837,134.1640786499874,False
TAP,TAP_P02093,-56.918404778603936,-5.434449755282716,forest,0.7861131242243842,-0.6886903643608093,1838.6847913386882,42.42640687119285,False
TAP,TAP_P02094,-57.28203993617558,-6.103293218066499,bare/non-forest,0.1346371877656566,-0.2368190139532089,128.6884565108055,30.0,True
TAP,TAP_P02095,-57.70589056291358,-5.446009646960327,forest,0.8167641316334986,-0.6941285729408264,255.92852986018966,84.8528137423857,False
TAP,TAP_P02096,-57.471711165980345,-6.206259044839799,forest,0.8471337545242368,-0.7238851189613342,557.4016130141331,120.0,False
TAP,TAP_P02097,-55.3482081583811,-5.969622974281688,forest,0.826284962482728,-0.738181471824646,133.00225892230014,268.3281572999748,False
TAP,TAP_P02098,-56.679741815729706,-5.736346778312368,forest,0.8266737697918207,-0.7064551115036011,1909.7384285300964,134.1640786499874,False
TAP,TAP_P02099,-56.260690233247175,-6.699484533269684,forest,0.6373470173468729,-0.5224887728691101,1138.2805734249494,30.0,False
TAP,TAP_P02100,-56.96816684889591,-7.0806378111414645,forest,0.8474393532161114,-0.7256646752357483,1846.9119318392366,218.40329667841553,False
TAP,TAP_P02102,-57.36073027572177,-5.980496383470212,forest,0.8400277085223097,-0.7120315432548523,376.1039406572246,120.0,False
TAP,TAP_P02103,-56.50473426615971,-6.996672759679026,forest,0.7673737898310944,-0.6585516929626465,3842.1278497334474,123.69316876852982,False
TAP,TAP_P02104,-56.34715335339039,-7.29362790996265,forest,0.816535859205079,-0.6989856362342834,94.13875516793101,67.0820393249937,False
TAP,TAP_P02105,-56.88241784408482,-5.447878361233348,bare/non-forest,0.23374491868925784,-0.1449275910854339,1838.6847913386882,42.42640687119285,True
TAP,TAP_P02106,-56.99253836337422,-5.559046033854316,forest,0.8444798261341356,-0.7318406701087952,805.565689156786,182.48287590894657,False
TAP,TAP_P02110,-56.710894469837946,-7.841363119740087,forest,0.84486102168963,-0.7347626090049744,891.9454453893104,108.16653826391968,False
TAP,TAP_P02111,-56.98944440784097,-7.335754513359852,forest,0.7998739295073638,-0.7214418649673462,323.6206393411216,67.0820393249937,False
TAP,TAP_P02112,-57.12212878608238,-7.147068228974047,forest,0.8512310130040931,-0.7530708909034729,63.55143917676648,90.0,False
TAP,TAP_P02113,-57.32753829220531,-5.883088385134072,forest,0.8280146793058475,-0.6479961276054382,755.4504924332542,331.36083051561786,False
TAP,TAP_P02114,-56.91634044513448,-7.022377902298877,forest,0.8025573424666977,-0.7010852694511414,2030.3979470351633,42.42640687119285,False
TAP,TAP_P02115,-57.5744856622729,-6.879352168377901,forest,0.805879088708863,-0.7050177454948425,940.4013963372355,42.42640687119285,False
TAP,TAP_P02116,-56.77280369345522,-7.614571607910361,forest,0.7455529708533789,-0.6412451267242432,9991.219089903321,60.0,False
TAP,TAP_P02117,-56.05395013542505,-6.345692265776176,forest,0.7702417701826939,-0.6696112751960754,349.45344360715586,30.0,False
TAP,TAP_P02118,-57.47955432628784,-4.740459333307031,water,-0.40453939806619704,0.3814433217048645,142.77319971795265,30.0,True
TAP,TAP_P02119,-57.141480937200896,-7.255923998169881,bare/non-forest,0.2765232334148157,-0.3671976029872894,1719.8896589965225,42.42640687119285,True
TAP,TAP_P02120,-57.03421204990354,-7.135455320060015,forest,0.8575778259847453,-0.7607496976852417,656.5650394138568,161.55494421403512,False
TAP,TAP_P02122,-57.289714937423206,-5.891344535180386,forest,0.8297176799020716,-0.7168800234794617,708.4508174728377,42.42640687119285,False
TAP,TAP_P02124,-56.740825316286816,-7.600044000761048,forest,0.7808572335565783,-0.7187297344207764,204.0408299776844,30.0,False
TAP,TAP_P02125,-56.868509450256816,-7.071330513624782,forest,0.80079383894096,-0.6597766280174255,2030.3979470351633,42.42640687119285,False
TAP,TAP_P02126,-57.4013294627674,-5.976668080582772,forest,0.8240680116678334,-0.6999266147613525,2568.233036550785,90.0,False
TAP,TAP_P02127,-56.0328027588676,-6.375185209514979,forest,0.5401658670653744,-0.485841691493988,130.48970241353655,123.69316876852982,False
TAP,TAP_P02128,-56.37268122337404,-6.84365324448535,bare/non-forest,-0.017470318729697887,-0.0534911938011646,1375.8358951947446,30.0,True
TAP,TAP_P02129,-57.03748535943081,-6.953894035255149,forest,0.8008196676509887,-0.7021501660346985,383.16344756746946,201.24611797498108,False
TAP,TAP_P02130,-57.26963073500709,-7.15578462594866,forest,0.8621392097375169,-0.7414039969444275,6532.483013953644,90.0,False
TAP,TAP_P02132,-56.89688713635398,-5.777582108781613,forest,0.8282499280865627,-0.7092511057853699,1231.4065370376056,60.0,False
TAP,TAP_P02133,-56.6741202879054,-4.867907514771,forest,0.7930677502056465,-0.6870476007461548,467.49816027068374,42.42640687119285,False
TAP,TAP_P02135,-57.03167661626419,-5.788809024480366,forest,0.8246881254265825,-0.7093915939331055,2348.048398524063,67.0820393249937,False
TAP,TAP_P02138,-56.41847877499408,-7.6937571636862945,forest,0.8336062985882758,-0.7274620532989502,292.3858439155138,127.27922061357854,False
TAP,TAP_P02139,-56.84636357397339,-5.705153879364985,forest,0.805291718199799,-0.7111411094665527,1287.902270433891,152.97058540778355,False
TAP,TAP_P02140,-56.900353366162136,-7.0909583003483885,forest,0.8268171122179611,-0.7233830690383911,2030.3979470351633,150.0,False
TAP,TAP_P02141,-55.351413418496136,-5.984875491979824,forest,0.6828377686829139,-0.6525896191596985,51.24413608742241,67.0820393249937,False
TAP,TAP_P02143,-57.41921030557455,-5.7474261021214055,forest,0.7753868764823408,-0.6517325639724731,408.90304961034366,30.0,False
TAP,TAP_P02144,-56.70799971086135,-6.031111507142493,forest,0.7950600848837717,-0.6965879201889038,29.229013129468136,30.0,False
TAP,TAP_P02145,-57.388280777889975,-6.962890573726356,forest,0.867506001935465,-0.7586656212806702,104.43994883926878,706.1161377563892,False
TAP,TAP_P02146,-57.54899895991481,-5.2155232504917866,forest,0.8015414244243474,-0.7114854454994202,329.8607238651681,120.0,False
TAP,TAP_P02147,-56.74258533650488,-7.652876954648816,forest,0.8144644525354724,-0.7208238244056702,9991.219089903321,30.0,False
TAP,TAP_P02148,-57.02412903701014,-6.828308348792692,forest,0.7926136259694115,-0.6941315531730652,284.34523282491125,30.0,False
TAP,TAP_P02154,-56.5124998269482,-7.005214497551751,forest,0.6992521440020502,-0.6118708252906799,3842.1278497334474,94.86832980505139,False
TAP,TAP_P02155,-57.37210702322552,-7.004969338171339,forest,0.8094410633154004,-0.7015418410301208,231.20221980693074,276.5863337187866,False
TAP,TAP_P02156,-56.68178428593327,-7.090678005796838,forest,0.7357245485493302,-0.6304219961166382,698.8827912718284,300.0,False
TAP,TAP_P02160,-56.759895431183374,-7.535777402891685,forest,0.8002985595613992,-0.6944710612297058,9991.219089903321,60.0,False
TAP,TAP_P02161,-56.7837286535749,-6.887582070424974,forest,0.8374639752621834,-0.7176724076271057,162.33513468532044,94.86832980505139,False
TAP,TAP_P02162,-56.72824662077004,-7.1071671107322265,forest,0.729890445214294,-0.6472650766372681,402.8868986953326,30.0,False
TAP,TAP_P02163,-56.9087034807848,-7.054685077902525,forest,0.8017482475536796,-0.6937154531478882,2030.3979470351633,305.9411708155671,False
TAP,TAP_P02164,-56.91870019348587,-7.063760498751345,forest,0.8436988984221577,-0.7254281044006348,2030.3979470351633,150.0,False
TAP,TAP_P02165,-57.06124079793352,-7.265168909301611,forest,0.8496761533835561,-0.7354408502578735,2175.487275045593,268.3281572999748,False
TAP,TAP_P02167,-57.29975703656988,-7.098266567041278,forest,0.8501305468680076,-0.7530176639556885,6532.483013953644,174.92855684535903,False
TAP,TAP_P02168,-57.32535200393411,-7.119518300792087,forest,0.8666319386934245,-0.7615550756454468,6532.483013953644,60.0,False
TAP,TAP_P02170,-56.76220465900258,-6.604386339611887,forest,0.7877280121222475,-0.6717506647109985,763.3836055500649,30.0,False
TAP,TAP_P02171,-57.56515859115824,-6.873621862607529,forest,0.8099698912046994,-0.6899224519729614,940.4013963372355,240.0,False
TAP,TAP_P02172,-55.48749737608324,-5.486126089158333,forest,0.704948804097972,-0.6323540210723877,229.02317675132082,108.16653826391968,False
TAP,TAP_P02173,-56.91045265901908,-6.890700148394561,forest,0.7925338607304288,-0.6565295457839966,1012.8044767743654,67.0820393249937,False
TAP,TAP_P02174,-56.3526316858604,-6.687195204763317,forest,0.8189768114047473,-0.6886972188949585,13.085637145210871,1376.4083696345353,False
TAP,TAP_P02175,-56.70022294175884,-7.194149309459876,forest,0.8159633813738187,-0.6973711252212524,282.3150801697901,30.0,False
TAP,TAP_P02178,-57.17464430956933,-7.26027194970495,forest,0.6248007353494227,-0.5951455235481262,1719.8896589965225,240.0,False
TAP,TAP_P02179,-57.374318552504185,-6.016008020749323,forest,0.8477157363285805,-0.7205518484115601,2568.233036550785,90.0,False
TAP,TAP_P02180,-56.76407044888253,-7.460785373998013,forest,0.8554182678355358,-0.7426283955574036,9991.219089903321,123.69316876852982,False
TAP,TAP_P02181,-56.74127778783139,-7.085338733805843,forest,0.8302052353232002,-0.7283376455307007,475.5724296900206,192.09372712298546,False
TAP,TAP_P02182,-56.47005021277969,-7.034454813297393,forest,0.8331627465645447,-0.7016152739524841,78.77791044271103,192.09372712298546,False
TAP,TAP_P02183,-57.4487855320227,-6.250137093148593,forest,0.8142011722408217,-0.6929678916931152,309.46111377541985,60.0,False
TAP,TAP_P02184,-56.43812773565465,-6.339245420559667,forest,0.7869170100564687,-0.6991357803344727,259.87457756193277,30.0,False
TAP,TAP_P02186,-57.56279196364248,-6.501032101015751,forest,0.5639929485320364,-0.526525616645813,197.31615937914972,67.0820393249937,False
TAP,TAP_P02187,-56.793178845777405,-5.250655100307744,forest,0.8201737744512467,-0.7050615549087524,300.5850777383372,150.0,False
TAP,TAP_P02189,-57.05943952273668,-5.555000597336614,forest,0.8028424494841842,-0.7028337717056274,63.920407271615694,30.0,False
TAP,TAP_P02191,-56.60243911132502,-7.317506923905692,forest,0.7970307761452782,-0.7054504156112671,1400.357443306783,120.0,False
TAP,TAP_P02192,-56.80525904231453,-5.240806469328304,forest,0.8015037624311259,-0.6842943429946899,300.5850777383372,90.0,False
TAP,TAP_P02193,-56.18453286971732,-6.784893715344518,forest,0.8256486789593322,-0.7023167014122009,173.53322144798514,150.0,False
TAP,TAP_P02194,-56.42047672873645,-6.4689742594013335,forest,0.847897623574672,-0.7168246507644653,50.4829469270658,161.55494421403512,False
TAP,TAP_P02195,-56.37600590988169,-6.495443767083872,forest,0.8544266197342059,-0.7167463898658752,287.89069744971806,150.0,False
TAP,TAP_P02196,-56.699220689163816,-7.586016869775455,forest,0.8143433739217656,-0.6962661743164062,9991.219089903321,30.0,False
TAP,TAP_P02198,-57.48807672758705,-6.540123940619258,forest,0.8091511160283248,-0.70309978723526,743.2630366878914,84.8528137423857,False
TAP,TAP_P02199,-56.45013636274936,-5.721364321494648,forest,0.8212129851477208,-0.6912932395935059,931.0072091678815,94.86832980505139,False
TAP,TAP_P02200,-57.41638658893181,-5.134937855192188,forest,0.7586090425395444,-0.650058388710022,54.28451262122653,60.0,False
TAP,TAP_P02201,-57.34171052749508,-6.512541429263163,forest,0.7183359173492081,-0.6271702647209167,457.11069535713904,42.42640687119285,False
TAP,TAP_P02202,-56.907129231006046,-7.008857557830644,forest,0.8153946523030035,-0.7125715613365173,936.0845757344995,94.86832980505139,False
TAP,TAP_P02203,-56.71038039700308,-5.299416071073274,forest,0.8805606269093815,-0.7568799257278442,422.2038321084615,90.0,False
TAP,TAP_P02204,-57.57596026521371,-6.879775724359801,forest,0.8124606616567137,-0.7157588005065918,940.4013963372355,67.0820393249937,False
TAP,TAP_P02205,-56.99037247096751,-7.342104392297467,forest,0.8302430998795052,-0.7242167592048645,323.6206393411216,152.97058540778355,False
TAP,TAP_P02210,-56.27221208705157,-6.364819033445965,water,-0.09409354819955273,0.0104601215571165,456.91694460736477,30.0,True
TAP,TAP_P02213,-57.144782776057305,-7.394849279165018,forest,0.8370839923584673,-0.7318403720855713,2430.777471602475,120.0,False
TAP,TAP_P02214,-56.50420434304658,-6.612857394732093,forest,0.8169064873624626,-0.7104198336601257,1052.397171449675,67.0820393249937,False
TAP,TAP_P02216,-56.70303653321441,-7.795022273831965,forest,0.7867360288696273,-0.6975036859512329,64.73384617827128,30.0,False
TAP,TAP_P02218,-57.55842453789749,-6.534288068790918,forest,0.8172128943606508,-0.7332112193107605,781.3254531708121,127.27922061357854,False
TAP,TAP_P02219,-55.33850166778422,-5.956850471353928,forest,0.6063391381975969,-0.55064457654953,98.72962681912247,67.0820393249937,False
TAP,TAP_P02220,-57.16060406405699,-7.09059096455912,forest,0.8763636239501071,-0.7361419200897217,429.980921556009,234.30749027719963,False
TAP,TAP_P02221,-56.33875222602733,-6.492735874875327,forest,0.821562554966409,-0.7038686275482178,296.5005912050831,180.0,False
TAP,TAP_P02223,-56.98708531780356,-7.153177551911294,forest,0.8618043312503787,-0.7385103106498718,664.3916423685731,120.0,False
TAP,TAP_P02224,-56.508999613750575,-7.6104096085237565,forest,0.8224027903309934,-0.714954674243927,41.845695550195835,212.13203435596427,False
TAP,TAP_P02225,-57.1521984451076,-5.446689228704906,forest,0.8420907878445208,-0.7374156713485718,64.53988512322427,84.8528137423857,False
TAP,TAP_P02226,-56.5262066411637,-6.574827461996042,forest,0.8395472770476013,-0.7203513979911804,23.332207656831887,94.86832980505139,False
TAP,TAP_P02228,-57.48118978921815,-5.285794123549604,bare/non-forest,0.18896853928689805,-0.2721267938613891,176.86781416895252,42.42640687119285,True
TAP,TAP_P02230,-57.35691029267504,-6.090261045028674,forest,0.80987297038265,-0.6940790414810181,1622.7644649724284,94.86832980505139,False
TAP,TAP_P02231,-56.8708202129939,-5.458312059101441,forest,0.5344827817178687,-0.4975314140319824,1838.6847913386882,90.0,False
TAP,TAP_P02232,-57.45180290138165,-6.157303219572461,forest,0.8422028094083749,-0.7220797538757324,1929.2377405479056,123.69316876852982,False
TAP,TAP_P02233,-55.34285553318821,-5.964143778307059,forest,0.8172778117445868,-0.7166310548782349,133.00225892230014,212.13203435596427,False
TAP,TAP_P02236,-57.38920428236049,-6.166993279494199,bare/non-forest,-0.05884134923054924,-0.0929226577281951,1929.2377405479056,30.0,True
TAP,TAP_P02238,-56.19348745272151,-6.833009594228617,forest,0.859661242465333,-0.7494937777519226,306.68345628742895,134.1640786499874,False
TAP,TAP_P02239,-56.62431309353378,-5.639320398451313,forest,0.8248407614974566,-0.7102373838424683,434.1205711104804,67.0820393249937,False
TAP,TAP_P02240,-57.51314564600965,-5.034601159520611,forest,0.846080521549868,-0.7286979556083679,487.96842086343224,60.0,False
TAP,TAP_P02241,-57.50743643378277,-5.107944925022378,forest,0.8251326543816914,-0.7029579877853394,1039.9103040419293,30.0,False
TAP,TAP_P02242,-56.621947295631664,-7.6504793380736755,forest,0.8477801220766352,-0.747155487537384,68.52304050458186,123.69316876852982,False
TAP,TAP_P02243,-56.761263290497546,-7.607780058201784,forest,0.8133333373069764,-0.6977716088294983,9991.219089903321,30.0,False
TAP,TAP_P02245,-56.56107951747087,-6.882445625768273,forest,0.7233131900040667,-0.6140111088752747,35.20771429841135,174.92855684535903,False
TAP,TAP_P02246,-56.86737700474118,-7.448175262956903,forest,0.8129770950985757,-0.7179962992668152,42.03637932206239,120.0,False
TAP,TAP_P02248,-57.37620794033995,-7.1498377730363964,forest,0.802038347027009,-0.7126172184944153,6532.483013953644,84.8528137423857,False
TAP,TAP_P02250,-57.17795922202642,-7.211605865559619,forest,0.8556567012770276,-0.7632625699043274,110.34593220863884,30.0,False
TAP,TAP_P02252,-57.6257029140773,-6.841632824382654,forest,0.6488120540479949,-0.625403106212616,325.31826304198074,1050.4284840006958,False
TAP,TAP_P02253,-57.327117302948274,-6.059509403071977,forest,0.8499999991044977,-0.7428075075149536,1622.7644649724284,30.0,False
TAP,TAP_P02254,-56.68262037451181,-7.611606301619879,forest,0.7981324948796316,-0.699999988079071,9991.219089903321,301.4962686336267,False
TAP,TAP_P02255,-56.67863334662411,-5.741052024092109,forest,0.8325250519298907,-0.7158076763153076,1909.7384285300964,234.30749027719963,False
TAP,TAP_P02258,-56.67543811631695,-7.619127385406442,water,-0.13473422056334508,0.0338461734354496,9991.219089903321,30.0,True
TAP,TAP_P02259,-56.843608945764224,-7.603981635487565,forest,0.774165213773472,-0.6802572011947632,26.238244540624756,60.0,False
TAP,TAP_P02260,-57.06257684908464,-7.235974857960447,bare/non-forest,0.4920120597628,-0.4863378703594208,2175.487275045593,30.0,True
TAP,TAP_P02261,-57.4234584776622,-6.152415363827356,water,-0.19305145799391413,0.1225225105881691,1929.2377405479056,30.0,True
TAP,TAP_P02262,-56.68094236625924,-7.789303453471176,forest,0.8422391777106785,-0.7431116104125977,1080.1496008580875,169.7056274847714,False
TAP,TAP_P02264,-56.52672104733601,-6.900697096146886,bare/non-forest,0.043777676726453114,-0.0548424907028675,351.03660190948574,30.0,True
TAP,TAP_P02265,-57.572113171755234,-6.550612009161024,forest,0.8332364878687283,-0.7389569878578186,197.70852222042836,189.73665961010278,False
TAP,TAP_P02266,-57.52692393698336,-6.920893125355248,forest,0.7623236373395247,-0.6900109648704529,646.9979046698837,90.0,False
TAP,TAP_P02267,-56.68592489064096,-5.76106199669857,forest,0.8288788198000335,-0.6957997679710388,1909.7384285300964,108.16653826391968,False
TAP,TAP_P02268,-57.02541469727181,-6.744568587767621,forest,0.8265193210742744,-0.7357110381126404,86.35233127951982,90.0,False
TAP,TAP_P02269,-57.57778026953528,-6.880846898093177,forest,0.8013041860060495,-0.687902569770813,940.4013963372355,84.8528137423857,False
TAP,TAP_P02270,-56.994049557111616,-7.352984434075702,forest,0.8084072853333555,-0.7148663401603699,20.418400775962656,120.0,False
TAP,TAP_P02271,-57.66447713067848,-5.594176422401882,forest,0.8197413211289755,-0.7126728296279907,15.712336111475214,300.0,False
TAP,TAP_P02272,-56.19409133203131,-5.867945049360825,forest,0.7690875240525765,-0.66897052526474,29.34169429116157,42.42640687119285,False
TAP,TAP_P02274,-56.661340392073015,-7.2224414405480735,forest,0.8279036864985676,-0.7195402383804321,152.95665919174735,123.69316876852982,False
TAP,TAP_P02275,-56.71326553340034,-7.623947294124277,forest,0.6876355703966187,-0.6541406512260437,9991.219089903321,30.0,False
TAP,TAP_P02277,-56.886745438927406,-5.698327350705166,forest,0.8300142460550116,-0.7129207253456116,1287.902270433891,42.42640687119285,False
TAP,TAP_P02278,-56.48171566520493,-6.91133982195918,forest,0.7091514193920372,-0.6125133037567139,64.31268100925013,123.69316876852982,False
TAP,TAP_P02280,-56.53657892339759,-6.901959335439135,forest,0.7914515278685308,-0.6973618865013123,351.03660190948574,123.69316876852982,False
TAP,TAP_P02281,-56.93144871911619,-5.744521797854472,forest,0.8447029134183488,-0.7124045491218567,478.45889108468157,192.09372712298546,False
TAP,TAP_P02282,-57.24599237372049,-5.911331773725977,forest,0.8127984735347576,-0.7168551087379456,708.4508174728377,84.8528137423857,False
TAP,TAP_P02284,-56.04033600682878,-6.4238580356512704,forest,0.8050139273453626,-0.7018308639526367,136.05831959023737,67.0820393249937,False
TAP,TAP_P02285,-57.024840124862585,-7.20019985086026,forest,0.6228338443592727,-0.6210625171661377,224.91400901055042,60.0,False
TAP,TAP_P02286,-57.03071556415566,-6.660724773343264,forest,0.8281368780145417,-0.7222702503204346,514.869362048014,212.13203435596427,False
TAP,TAP_P02287,-56.97967247768482,-7.039455679527267,forest,0.8280083689884246,-0.7334682941436768,1512.8545122012727,120.0,False
TAP,TAP_P02288,-56.267315212879474,-6.69133275737304,forest,0.8164116906755318,-0.7135709524154663,1138.2805734249494,189.73665961010278,False
TAP,TAP_P02290,-57.485893064691226,-6.568601425481199,forest,0.8141568008105963,-0.6961663365364075,80.37691002798203,150.0,False
TAP,TAP_P02291,-57.52299122800316,-6.903171892661319,forest,0.8460255739623457,-0.72645503282547,47.84267962130468,189.73665961010278,False
TAP,TAP_P02294,-56.52474690242475,-6.900360745602963,forest,0.7794604902909794,-0.669719934463501,351.03660190948574,30.0,False
TAP,TAP_P02295,-57.00851153158548,-5.804765119178373,forest,0.8580792240032523,-0.7729184031486511,706.1187034970374,42.42640687119285,False
TAP,TAP_P02300,-57.469458023506505,-4.967100051348668,forest,0.8250660436724624,-0.6881429553031921,54.80596051223269,90.0,False
TAP,TAP_P02301,-56.29283796651372,-6.841654472837835,forest,0.8483502509911397,-0.7314009666442871,28.80448018998629,152.97058540778355,False
TAP,TAP_P02302,-56.99506564626397,-7.088194279672726,bare/non-forest,0.1835300077143347,-0.2177328765392303,1846.9119318392366,30.0,True
TAP,TAP_P02303,-56.96062798443032,-7.217026000182101,forest,0.8137781838879702,-0.71307772397995,226.83432981116292,67.0820393249937,False
TAP,TAP_P02305,-56.32825319599053,-6.554906449569132,bare/non-forest,0.44589650707397194,-0.370109349489212,750.1200483870076,30.0,True
TAP,TAP_P02306,-57.571948551339865,-6.548576953902195,forest,0.7648738724215265,-0.6682115793228149,197.70852222042836,182.48287590894657,False
TAP,TAP_P02309,-57.555374488460906,-6.539694038558914,forest,0.7324683463402202,-0.6792578101158142,781.3254531708121,60.0,False
TAP,TAP_P02310,-56.527639875598815,-6.148202474718488,forest,0.8302081235075002,-0.6966565251350403,65.20532743331312,67.0820393249937,False
TAP,TAP_P02311,-56.41816770456286,-7.327548787832431,forest,0.8191367082014022,-0.7175793647766113,61.83144306298548,201.24611797498108,False
TAP,TAP_P02312,-56.50852016879925,-6.998685831984307,forest,0.7367008657939724,-0.6442406177520752,3842.1278497334474,30.0,False
TAP,TAP_P02314,-56.64385005233346,-5.359190704358277,forest,0.8522579755194518,-0.7347192764282227,176.0444254344871,150.0,False
TAP,TAP_P02315,-56.89507296526048,-5.760209400992194,forest,0.7446057753983015,-0.6507841944694519,1231.4065370376056,30.0,False
TAP,TAP_P02316,-56.9732262873537,-7.069612672764633,bare/non-forest,0.250059918234148,-0.2076751142740249,1846.9119318392366,30.0,True
TAP,TAP_P02317,-57.33871157492107,-7.110714830071959,forest,0.8720345096740945,-0.7816330194473267,6532.483013953644,90.0,False
TAP,TAP_P02319,-57.39789429365915,-6.956647301304272,forest,0.8094451828657961,-0.6997500658035278,45.066825573863,161.55494421403512,False
TAP,TAP_P02321,-57.35130666994338,-5.7877290011513685,forest,0.8393393445745243,-0.7293006181716919,96.3159944838031,150.0,False
TAP,TAP_P02322,-57.33023192325624,-7.161968606415468,forest,0.8432812946819985,-0.7492130398750305,6532.483013953644,394.58839313897715,False
TAP,TAP_P02325,-56.52437443427547,-6.523380821319732,forest,0.5244173793950356,-0.4909660518169403,1052.397171449675,30.0,False
TAP,TAP_P02326,-57.01882912479283,-7.27822115841795,forest,0.8487031705757693,-0.7198811769485474,2175.487275045593,180.0,False
TAP,TAP_P02328,-56.32117258437558,-7.00723391100088,forest,0.8206106765307558,-0.726544976234436,225.03716135145635,150.0,False
TAP,TAP_P02330,-56.24687754195108,-6.722846214058107,forest,0.7393364963774495,-0.6457645893096924,1138.2805734249494,30.0,False
TAP,TAP_P02333,-56.58381822964579,-5.8336583725592766,forest,0.751062020274916,-0.667918860912323,66.02483389702137,84.8528137423857,False
TAP,TAP_P02336,-56.309642001392135,-7.266588582754008,forest,0.8570463300587168,-0.7514522075653076,1063.6012068494724,123.69316876852982,False
TAP,TAP_P02337,-55.90414859747579,-6.30534379880133,forest,0.7765466241421735,-0.6560121774673462,110.5677734834899,60.0,False
TAP,TAP_P02338,-56.97880149918981,-7.342965371949756,forest,0.8445783072911419,-0.7352723479270935,658.7873756486051,108.16653826391968,False
TAP,TAP_P02339,-56.527563236294654,-6.586410774160394,forest,0.8245011767393989,-0.6593199372291565,62.26264182902108,30.0,False
TAP,TAP_P02341,-57.15818547910968,-5.539574743195352,water,-0.024014499565084835,0.1856532543897628,1380.3456256924787,30.0,True
TAP,TAP_P02342,-56.063631472743154,-5.509002288022968,bare/non-forest,0.06591689760905499,-0.0812311917543411,596.0602670451929,30.0,True
TAP,TAP_P02343,-57.435238763878885,-4.954629761933065,forest,0.7333333322070179,-0.6658605337142944,310.5627720115929,134.1640786499874,False
TAP,TAP_P02345,-57.29155309550275,-7.105649796102124,forest,0.8451938798333352,-0.7363678812980652,6532.483013953644,182.48287590894657,False
TAP,TAP_P02346,-56.61653108994469,-7.658691862781723,forest,0.8686851998626876,-0.7593518495559692,68.52304050458186,216.33307652783935,False
TAP,TAP_P02347,-56.76534663638834,-7.65152549575095,forest,0.7725947610526337,-0.6597906947135925,9991.219089903321,134.1640786499874,False
TAP,TAP_P02348,-57.53457171941528,-6.92685453090876,forest,0.8226342045647445,-0.7235041260719299,646.9979046698837,161.55494421403512,False
TAP,TAP_P02350,-57.062629507593954,-7.217149824360808,forest,0.8561304019479862,-0.7395437359809875,2175.487275045593,120.0,False
TAP,TAP_P02351,-56.57801696528727,-7.905368600703457,forest,0.8294491658638614,-0.7398321628570557,45.288747159824055,150.0,False
TAP,TAP_P02352,-57.35235048335961,-6.52281351340307,forest,0.799548703294279,-0.7087312340736389,457.11069535713904,84.8528137423857,False
TAP,TAP_P02354,-57.17176560886831,-5.494751881682023,forest,0.8399647727898988,-0.7468506097793579,1380.3456256924787,94.86832980505139,False
TAP,TAP_P02359,-57.32876961077506,-7.145374364559053,forest,0.6200000022675686,-0.5566389560699463,6532.483013953644,30.0,False
TAP,TAP_P02362,-56.67767033312468,-5.788349473703482,forest,0.8426802668000312,-0.7376852035522461,1909.7384285300964,169.7056274847714,False
TAP,TAP_P02364,-56.348105741492255,-6.820323221532474,forest,0.7155195488611963,-0.6285796761512756,1375.8358951947446,30.0,False
TAP,TAP_P02365,-57.34417483929165,-6.176598858327317,forest,0.8315640445421336,-0.742760956287384,1393.6647522987732,258.0697580112788,False
TAP,TAP_P02366,-56.39835359723094,-7.256609724177968,forest,0.8317154934851767,-0.71773362159729,195.00447192057578,94.86832980505139,False
TAP,TAP_P02367,-56.38453814843472,-6.516975577029219,forest,0.7509230541251768,-0.6260324120521545,300.6209432161213,30.0,False
TAP,TAP_P02368,-56.514656860903365,-7.006322777195102,forest,0.7163315885514024,-0.6405627727508545,3842.1278497334474,127.27922061357854,False
TAP,TAP_P02370,-56.87338618931232,-5.735254948941782,forest,0.784423925653794,-0.6582921147346497,213.57887280773227,720.0,False
TAP,TAP_P02371,-57.47254902413787,-5.25996958386521,forest,0.8230683082296776,-0.7286219000816345,341.60869704367684,120.0,False
TAP,TAP_P02372,-57.11900878522309,-7.242164464966797,forest,0.7693307312782234,-0.5093611478805542,304.03316390982445,30.0,False
TAP,TAP_P02373,-55.93041822978787,-6.206687792197372,bare/non-forest,0.3900491546108064,-0.4165780246257782,1142.5444204523114,30.0,True
TAP,TAP_P02375,-56.38523636928596,-6.86523359154611,forest,0.8522135397008325,-0.7299721837043762,97.59608363624538,123.69316876852982,False
TAP,TAP_P02376,-56.80361167976957,-5.156165457396508,forest,0.8603061483187211,-0.7272934913635254,69.80024081582394,84.8528137423857,False
TAP,TAP_P02378,-57.424577202155774,-5.702222563559677,forest,0.840796024305985,-0.7218025326728821,408.90304961034366,150.0,False
TAP,TAP_P02379,-56.91867541852585,-5.594501637304155,forest,0.8151632629567531,-0.7202643156051636,251.61329848548993,30.0,False
TAP,TAP_P02380,-55.96859615703846,-6.195676382396214,water,-0.27062847288960157,0.336294412612915,1362.2993807535643,30.0,True
TAP,TAP_P02381,-57.45369101401038,-6.513817817629446,forest,0.7465358134818597,-0.6512402892112732,70.15832004336636,30.0,False
TAP,TAP_P02382,-56.18131775970048,-6.71335528548452,bare/non-forest,0.13222965845679202,-0.1819511204957962,1896.608348381681,30.0,True
TAP,TAP_P02384,-56.69207090450482,-7.278842217090974,forest,0.8462840680694224,-0.7356065511703491,273.5239136290943,247.38633753705963,False
TAP,TAP_P02388,-56.40257247654381,-6.1402099917279,forest,0.7640731385193125,-0.6974254846572876,11.12060771284575,42.42640687119285,False
TAP,TAP_P02389,-57.28642981391967,-7.112881575017268,forest,0.8206695805268943,-0.7163271307945251,6532.483013953644,90.0,False
TAP,TAP_P02390,-57.56849752435063,-6.546869171450995,forest,0.8294314431621487,-0.722484827041626,197.70852222042836,174.92855684535903,False
TAP,TAP_P02392,-56.78104791386838,-7.601833172631042,forest,0.8368762268732238,-0.7386032342910767,9991.219089903321,123.69316876852982,False
TAP,TAP_P02393,-57.55576741866408,-6.550038848126171,forest,0.7643661494974803,-0.685242235660553,781.3254531708121,67.0820393249937,False
TAP,TAP_P02395,-56.6590522395686,-7.678818644107227,forest,0.8242237702426798,-0.7222622036933899,94.43435776450397,60.0,False
TAP,TAP_P02396,-56.88220769599811,-5.735872267415278,forest,0.8536423928591915,-0.7252311706542969,213.57887280773227,201.24611797498108,False
TAP,TAP_P02397,-56.92802294286653,-7.0425954650787705,forest,0.817165906745318,-0.7034315466880798,1512.8545122012727,150.0,False
TAP,TAP_P02398,-56.97947059183983,-5.743862475066416,forest,0.8802379999841254,-0.7588399648666382,212.69783850215384,67.0820393249937,False
TAP,TAP_P02401,-56.34506994068001,-7.391884109715144,forest,0.827833130546454,-0.738609254360199,168.34084003050964,150.0,False
TAP,TAP_P02402,-57.50774121996735,-5.238036055409734,forest,0.788560579628111,-0.6766318082809448,391.39086728265846,67.0820393249937,False
TAP,TAP_P02403,-56.29766777938541,-6.214150795756194,forest,0.8606288106597919,-0.7137339115142822,44.98516585854715,276.5863337187866,False
TAP,TAP_P02404,-56.84851792180653,-5.7709817362309765,forest,0.7999709125164692,-0.7031271457672119,1231.4065370376056,94.86832980505139,False
TAP,TAP_P02405,-56.44724542866368,-6.974864071294048,bare/non-forest,0.48465544903425267,-0.488145500421524,368.27769986479944,30.0,True
TAP,TAP_P02408,-57.52936597070492,-5.229253077520955,forest,0.823783477425262,-0.7121211886405945,329.8607238651681,108.16653826391968,False
TAP,TAP_P02409,-57.98902904507274,-6.302213939440705,forest,0.7776126849544776,-0.6849334836006165,13.477339439815388,90.0,False
TAP,TAP_P02410,-57.26366649774876,-7.156876198462732,forest,0.8310618096014463,-0.724175214767456,6532.483013953644,351.14099732158877,False
TAP,TAP_P02411,-57.4208298810146,-5.653548469913277,bare/non-forest,0.2716457096719963,-0.2700031995773315,778.7216038360784,127.27922061357854,True
TAP,TAP_P02413,-57.013799643102125,-4.9885182246354685,forest,0.8481162953148574,-0.7087637186050415,26.61669531062001,84.8528137423857,False
TAP,TAP_P02414,-56.61921922624063,-6.991358800112606,forest,0.8099637169517385,-0.7379607558250427,26.563188649436647,201.24611797498108,False
TAP,TAP_P02415,-57.31839061482361,-7.147506253547617,forest,0.8136729206873002,-0.7093761563301086,81.19681869461182,510.0,False
TAP,TAP_P02416,-56.53659848763139,-7.013377233164205,bare/non-forest,0.47274122975885885,-0.4788532853126526,3842.1278497334474,30.0,True
TAP,TAP_P02417,-55.37186227468143,-6.002045605363944,forest,0.8334073100260123,-0.7306339144706726,129.1397479009083,189.73665961010278,False
TAP,TAP_P02418,-57.36375490213233,-6.032314441041352,forest,0.8326925781452105,-0.728807270526886,2568.233036550785,120.0,False
TAP,TAP_P02419,-56.49376239472389,-5.799510883045591,forest,0.8344681386717565,-0.7288944125175476,290.294886050015,150.0,False
TAP,TAP_P02421,-57.31791375666504,-7.191189325416958,forest,0.5644496709114953,-0.4362771213054657,6532.483013953644,30.0,False
TAP,TAP_P02422,-56.404899695364165,-6.49636621879178,forest,0.5720720935727225,-0.5619974732398987,84.1220329393119,30.0,False
TAP,TAP_P02423,-57.546376884479145,-6.8747613302725945,forest,0.7715231937983149,-0.6766214370727539,940.4013963372355,108.16653826391968,False
TAP,TAP_P02424,-57.20629749766685,-7.203623844624732,forest,0.8814217067217757,-0.7743985652923584,518.9236600281241,366.1966684720111,False
TAP,TAP_P02425,-57.39933942862719,-6.086369585167114,forest,0.7650773651731668,-0.6905085444450378,1358.8105955343228,30.0,False
TAP,TAP_P02426,-57.41534830522805,-5.24658959589452,forest,0.7961897361632232,-0.70022052526474,175.86363897720835,60.0,False
TAP,TAP_P02427,-56.86212144843226,-7.078701780999758,forest,0.8459869882118707,-0.7215951681137085,2030.3979470351633,108.16653826391968,False
TAP,TAP_P02428,-56.760665922410354,-7.554233110780117,forest,0.7941283079352207,-0.7180156707763672,9991.219089903321,94.86832980505139,False
TAP,TAP_P02429,-57.18709372572191,-7.277850719899265,forest,0.8501404892714722,-0.7316364645957947,191.11012352923873,123.69316876852982,False
TAP,TAP_P02430,-57.19633777531748,-7.371699515905781,forest,0.8552906806566818,-0.7539525032043457,2430.777471602475,241.86773244895647,False
TAP,TAP_P02432,-57.44612640113811,-5.156703297282726,forest,0.7803794951756552,-0.6904400587081909,1623.9711795345822,94.86832980505139,False
TAP,TAP_P02433,-57.45921069903667,-5.256876906723013,forest,0.7807121618881655,-0.662125289440155,341.60869704367684,42.42640687119285,False
TAP,TAP_P02435,-56.69013692610465,-6.933391854304268,forest,0.7902501697318969,-0.6716800332069397,256.47303731713737,161.55494421403512,False
TAP,TAP_P02436,-56.72237411335799,-7.6109908461936415,forest,0.8605641241585966,-0.7504911422729492,9991.219089903321,94.86832980505139,False
TAP,TAP_P02437,-57.16566455062867,-7.12397041156474,forest,0.6981382936233667,-0.6079999804496765,44.19453709976002,30.0,False
TAP,TAP_P02439,-57.28280512194264,-5.79746169423805,forest,0.8431266765814958,-0.7306762337684631,165.60583833055355,161.55494421403512,False
TAP,TAP_P02440,-57.11211331605138,-5.618739264627419,forest,0.8284518763641967,-0.7302647829055786,439.3920696679941,42.42640687119285,False
TAP,TAP_P02441,-56.97309484044587,-7.011414424909617,forest,0.83466008655045,-0.7090307474136353,202.5154414928615,300.0,False
TAP,TAP_P02442,-56.528418395970846,-6.865234849735294,bare/non-forest,0.49808429765067447,-0.4028108119964599,271.2276757498687,108.16653826391968,True
TAP,TAP_P02443,-57.46961601626898,-5.699860270046857,forest,0.8230187757129529,-0.7011380791664124,44.24985474370349,270.0,False
TAP,TAP_P02444,-57.391339239138254,-5.995892821511175,forest,0.7820262377727195,-0.6682080626487732,2568.233036550785,67.0820393249937,False
TAP,TAP_P02445,-56.238143575078674,-6.113720766604987,forest,0.8137254829325092,-0.7049680948257446,75.78864915475121,30.0,False
TAP,TAP_P02446,-57.25685027767394,-7.182726085032452,forest,0.8508344523416882,-0.7409727573394775,6532.483013953644,84.8528137423857,False
TAP,TAP_P02449,-57.30009975801526,-7.132376800966785,forest,0.6116278964999947,-0.6178614497184753,155.62776985340005,30.0,False
TAP,TAP_P02451,-57.42574099187863,-6.919003963156411,forest,0.8218935017349657,-0.7167795300483704,619.4454737123132,240.0,False
TAP,TAP_P02453,-56.98851189274275,-6.675054780413025,forest,0.809075859334327,-0.6920166611671448,514.869362048014,90.0,False
TAP,TAP_P02454,-56.67330417958095,-5.893510771849304,bare/non-forest,0.3203719684978379,-0.294117659330368,45.70368114297485,120.0,True
TAP,TAP_P02455,-57.488718071963056,-5.142457939880099,forest,0.7767993899024229,-0.6757877469062805,356.6861205336343,108.16653826391968,False
TAP,TAP_P02456,-57.59186788013925,-5.216598994704825,forest,0.830213540952256,-0.7205284833908081,142.46844188902702,67.0820393249937,False
TAP,TAP_P02458,-57.15561409203664,-7.261295352962544,forest,0.7858665158897595,-0.7123567461967468,1719.8896589965225,108.16653826391968,False
TAP,TAP_P02460,-57.45537006090642,-5.2883283981536575,forest,0.8367573538195483,-0.730672299861908,341.60869704367684,182.48287590894657,False
TAP,TAP_P02461,-56.89963217636914,-7.123856422300858,forest,0.8625204571508416,-0.7420435547828674,106.1449646749897,212.13203435596427,False
TAP,TAP_P02462,-56.91314866805313,-5.591066098819212,forest,0.8227728869254487,-0.745803713798523,251.61329848548993,201.24611797498108,False
TAP,TAP_P02464,-57.51093541521316,-5.237115870167155,forest,0.7733116623877488,-0.6549355387687683,391.39086728265846,30.0,False
TAP,TAP_P02465,-56.3593220398848,-5.765544776673744,forest,0.8429906542272999,-0.7424892783164978,272.783459296162,60.0,False
TAP,TAP_P02466,-57.53497258585212,-5.348633927730205,forest,0.828146153541223,-0.716553270816803,102.098988729277,67.0820393249937,False
TAP,TAP_P02467,-57.337666997516784,-7.059399784345514,forest,0.8348387061885937,-0.7314356565475464,129.50868018410128,458.91175622335066,False
TAP,TAP_P02468,-56.99241794929063,-7.150764355058563,forest,0.8388541364073586,-0.7214552164077759,664.3916423685731,276.5863337187866,False
TAP,TAP_P02470,-57.482694902764926,-6.498811501879628,forest,0.8379617793770213,-0.7272518873214722,743.2630366878914,42.42640687119285,False
TAP,TAP_P02471,-57.3539530797992,-7.0485412291987775,forest,0.8091913836741719,-0.7136611938476562,118.71071960981779,42.42640687119285,False
TAP,TAP_P02473,-56.387935157445376,-6.266726398675522,forest,0.7768789871248093,-0.6636871695518494,18.301945187470782,42.42640687119285,False
TAP,TAP_P02474,-56.71386569934134,-5.611720256965027,forest,0.8097484231141505,-0.709072470664978,217.82598760386765,94.86832980505139,False
TAP,TAP_P02475,-57.28725618226233,-7.135965722222637,forest,0.8364928739255806,-0.7281367778778076,6532.483013953644,108.16653826391968,False
TAP,TAP_P02477,-56.90191596839777,-5.02263722769289,forest,0.833418492798159,-0.6995542049407959,107.30591482391422,84.8528137423857,False
TAP,TAP_P02478,-56.336267411351685,-6.2548758740456165,forest,0.8108586928262601,-0.7077103853225708,40.587454258982596,254.5584412271571,False
TAP,TAP_P02479,-57.44022404348029,-5.02530375540367,forest,0.7939459616770119,-0.6840787529945374,735.601238367819,84.8528137423857,False
TAP,TAP_P02480,-56.72389586471871,-7.117588170925438,forest,0.7628146878806714,-0.6646174788475037,402.8868986953326,120.0,False
TAP,TAP_P02481,-56.6194455640242,-5.556513415051644,forest,0.8430423498077287,-0.7133495807647705,105.21643001540953,174.92855684535903,False
TAP,TAP_P02482,-56.32829037955573,-7.286566172831944,forest,0.5923738196566524,-0.5230355262756348,1063.6012068494724,30.0,False
TAP,TAP_P02483,-56.68962733982804,-7.784312096512432,forest,0.8380084222645131,-0.7267993688583374,1080.1496008580875,180.0,False
TAP,TAP_P02484,-56.55697894915795,-7.889942036816333,forest,0.8511784476520341,-0.7457113862037659,121.0334950867526,268.3281572999748,False
TAP,TAP_P02485,-56.69547577299754,-7.602230280359843,forest,0.8488235341489421,-0.7368420958518982,9991.219089903321,271.66155414412253,False
TAP,TAP_P02486,-56.97459151151,-7.13650742129337,forest,0.8331409674839084,-0.741019070148468,367.1632265760449,161.55494421403512,False
TAP,TAP_P02488,-56.10973040656792,-6.688041458786377,forest,0.761774733352498,-0.6545886397361755,219.3394527267297,60.0,False
TAP,TAP_P02490,-56.21752568108644,-6.731465551598671,forest,0.6248179295563557,-0.5427186489105225,1896.608348381681,94.86832980505139,False
TAP,TAP_P02491,-56.33819270438662,-6.382707227461459,forest,0.8165137627433487,-0.6895934343338013,86.83549180717773,120.0,False
TAP,TAP_P02493,-57.44401409130951,-6.159553749021288,forest,0.8101982956195358,-0.7078006863594055,1929.2377405479056,150.0,False
TAP,TAP_P02495,-56.5594444920572,-7.893279041632278,forest,0.8433312205921684,-0.7441724538803101,121.0334950867526,134.1640786499874,False
TAP,TAP_P02496,-57.26323370413686,-7.170226873210368,forest,0.8309253028916928,-0.718511700630188,6532.483013953644,216.33307652783935,False
TAP,TAP_P02497,-57.05282900597921,-7.282320878054094,forest,0.844665446920752,-0.7550004720687866,85.78807650564495,123.69316876852982,False
TAP,TAP_P02498,-57.62763219780872,-6.831618674774653,forest,0.8100370486325918,-0.6979066133499146,325.31826304198074,1405.8449416631977,False
TAP,TAP_P02500,-56.759590801918,-7.522363210427077,forest,0.8028120051631322,-0.7055079936981201,9991.219089903321,60.0,False
TAP,TAP_P02501,-55.352284852393865,-5.968606404731505,forest,0.826652206916232,-0.73384028673172,133.00225892230014,30.0,False
TAP,TAP_P02502,-56.039673952405536,-6.424576513078241,forest,0.562393136703382,-0.5087719559669495,136.05831959023737,42.42640687119285,False
TAP,TAP_P02503,-56.65168744053485,-7.148135543976103,forest,0.8194384504853444,-0.7273143529891968,117.00896020222551,30.0,False
TAP,TAP_P02504,-57.47533813882752,-5.257794519507391,forest,0.8002695059920231,-0.6666334867477417,341.60869704367684,42.42640687119285,False
TAP,TAP_P02505,-55.31304938853197,-6.042771297652889,forest,0.822604578762845,-0.7110884785652161,628.4854439844795,84.8528137423857,False
TAP,TAP_P02506,-56.57640558569473,-7.328412000986498,forest,0.773938091440966,-0.6524156928062439,1400.357443306783,30.0,False
TAP,TAP_P02507,-56.57748241290779,-7.327883718833833,forest,0.798471165709353,-0.710425853729248,1400.357443306783,60.0,False
TAP,TAP_P02508,-56.88578840923334,-5.730760246751948,forest,0.8344192023738051,-0.7065457701683044,213.57887280773227,94.86832980505139,False
TAP,TAP_P02509,-56.49868152876339,-6.982509654212411,forest,0.7255230245175435,-0.630518913269043,3842.1278497334474,30.0,False
TAP,TAP_P02510,-56.46629932529238,-6.998142897492654,forest,0.8294117460489,-0.7110534310340881,3842.1278497334474,228.47319317591726,False
TAP,TAP_P02511,-56.84638633417442,-6.54729286527983,bare/non-forest,0.15678710377958202,-0.1344193816184997,58.77433331638713,30.0,True
TAP,TAP_P02515,-56.90936287522194,-7.008184253084252,forest,0.7802771030526021,-0.6888521909713745,936.0845757344995,30.0,False
TAP,TAP_P02518,-57.55985724991805,-5.282846366752224,forest,0.8305423637200637,-0.718802273273468,120.31886280002999,42.42640687119285,False
TAP,TAP_P02519,-56.73622607631354,-6.67000975386322,forest,0.7511396319350189,-0.6270464658737183,141.74391559424433,42.42640687119285,False
TAP,TAP_P02520,-55.985436534172734,-6.200280301622876,forest,0.8396090841532607,-0.7485654950141907,1362.2993807535643,189.73665961010278,False
TAP,TAP_P02522,-57.40826361104106,-6.222331632817269,forest,0.7581864108010014,-0.6582678556442261,235.25645526288665,60.0,False
TAP,TAP_P02523,-57.06483566933222,-7.205856812998847,forest,0.8586844169265516,-0.7545242309570312,2175.487275045593,67.0820393249937,False
TAP,TAP_P02526,-56.294046182716826,-7.331591925226221,forest,0.8445851012169777,-0.7491834759712219,145.08259338757625,189.73665961010278,False
TAP,TAP_P02528,-56.696532456076895,-7.230790915154195,forest,0.8368371440743371,-0.7197414636611938,163.88532026467217,174.92855684535903,False
TAP,TAP_P02531,-56.94749240191361,-7.051287316072172,forest,0.7123199842592561,-0.6155624389648438,1512.8545122012727,94.86832980505139,False
TAP,TAP_P02532,-56.92341562262792,-5.000445437419541,forest,0.7914625387562844,-0.6885039806365967,94.50235657776149,90.0,False
TAP,TAP_P02533,-57.349180624614434,-7.127031992814096,forest,0.737558800719923,-0.6970852613449097,6532.483013953644,210.0,False
TAP,TAP_P02534,-57.304167180095625,-7.164905013589342,forest,0.8557114163626154,-0.7675149440765381,6532.483013953644,335.4101966249685,False
TAP,TAP_P02535,-56.03401300768616,-6.173053071455665,forest,0.8614504413331453,-0.7646301984786987,23.2425059911668,108.16653826391968,False
TAP,TAP_P02536,-56.000187383356014,-6.17723102312204,forest,0.7843332721733298,-0.684345006942749,33.513249141935276,174.92855684535903,False
TAP,TAP_P02537,-56.64981479074445,-6.773913893383593,forest,0.8114209724864105,-0.7026441097259521,169.29337294360857,30.0,False
TAP,TAP_P02538,-57.37438713524909,-6.022479093763115,forest,0.5233608313478775,-0.5601222515106201,2568.233036550785,42.42640687119285,False
TAP,TAP_P02539,-57.39698845644493,-6.230994455111116,forest,0.8180174682780977,-0.7195759415626526,235.25645526288665,30.0,False
TAP,TAP_P02540,-57.47941773310882,-5.692346531323127,forest,0.800517301039938,-0.7056537866592407,279.80066301851934,120.0,False
TAP,TAP_P02541,-55.914134089174446,-6.225405803265115,forest,0.8111957655234736,-0.7225067019462585,1142.5444204523114,180.0,False
TAP,TAP_P02542,-56.689338610931486,-7.5948375821517216,bare/non-forest,0.09578816466007255,-0.0506797693669796,9991.219089903321,30.0,True
TAP,TAP_P02544,-56.691481690694125,-7.766280509598454,forest,0.5713661804981017,-0.5594316720962524,31.81624767593436,30.0,False
TAP,TAP_P02545,-57.01828044915188,-7.13395433683633,forest,0.8298906422070952,-0.7324503064155579,656.5650394138568,174.92855684535903,False
TAP,TAP_P02546,-56.97689420431521,-5.822454336169677,forest,0.8302292270491954,-0.7235916256904602,706.1187034970374,90.0,False
TAP,TAP_P02548,-56.9038240269029,-5.713467400306805,forest,0.843291681206884,-0.7287454009056091,81.48129810046898,241.86773244895647,False
TAP,TAP_P02549,-56.38140985552513,-6.490218568436029,forest,0.8101564767125689,-0.6888770461082458,287.89069744971806,60.0,False
TAP,TAP_P02550,-56.8919918947926,-6.9936729990457085,forest,0.8220954386911896,-0.7123730182647705,936.0845757344995,42.42640687119285,False
TAP,TAP_P02551,-56.73540410324497,-7.332501214149694,forest,0.7510510928517943,-0.701682448387146,124.939489148949,180.0,False
TAP,TAP_P02552,-57.15327769725963,-7.3034471441403,forest,0.774777713801454,-0.6948391199111938,1719.8896589965225,228.47319317591726,False
TAP,TAP_P02553,-57.14661528550308,-7.258781877644956,bare/non-forest,0.2717002682096762,-0.2858404815196991,1719.8896589965225,30.0,True
TAP,TAP_P02554,-57.388194440333216,-6.090369604127818,forest,0.8135449002680449,-0.7112454771995544,1358.8105955343228,67.0820393249937,False
TAP,TAP_P02555,-56.36928603719393,-6.535238436396283,forest,0.7581823860849016,-0.691661536693573,88.4513346056455,30.0,False
TAP,TAP_P02557,-56.42722671296973,-6.227656736084716,forest,0.8456008693578243,-0.728279173374176,252.2390844989058,228.47319317591726,False
TAP,TAP_P02559,-57.553246653145294,-5.557516920748682,forest,0.8105053892827639,-0.7109494209289551,72.34124697022779,30.0,False
TAP,TAP_P02560,-56.73403841028375,-7.60228340603946,forest,0.8429081437701408,-0.7327372431755066,9991.219089903321,60.0,False
TAP,TAP_P02561,-57.115835261199855,-7.430388294361115,forest,0.5739014418411519,-0.5814382433891296,2430.777471602475,30.0,False
TAP,TAP_P02564,-56.20786932809498,-6.878976763620201,forest,0.8203514818314305,-0.7112665176391602,168.33808260223276,42.42640687119285,False
TAP,TAP_P02566,-57.02182256784998,-7.125260497533093,forest,0.824947603834066,-0.73424232006073,656.5650394138568,123.69316876852982,False
TAP,TAP_P02567,-57.1451435823186,-5.467682747160805,forest,0.7972551559365137,-0.6958173513412476,37.17062754108444,550.7267925205746,False
TAP,TAP_P02568,-56.24644577013309,-6.717367949110809,forest,0.844306035442339,-0.727361261844635,1138.2805734249494,390.0,False
TAP,TAP_P02571,-56.64825021803402,-7.8577598247589,forest,0.7789844302648204,-0.6890906095504761,36.456407978090766,123.69316876852982,False
TAP,TAP_P02572,-56.2925233408452,-7.256958240756604,forest,0.829931803522368,-0.7222669124603271,1063.6012068494724,67.0820393249937,False
TAP,TAP_P02573,-56.91399645301818,-7.029904370866495,forest,0.8112569210331059,-0.7305367588996887,2030.3979470351633,258.0697580112788,False
TAP,TAP_P02574,-56.9770153362227,-7.092711443454257,forest,0.8446520742341503,-0.7441423535346985,1846.9119318392366,134.1640786499874,False
TAP,TAP_P02575,-56.29359407805915,-7.329204554228167,forest,0.8327081769237117,-0.7252964377403259,145.08259338757625,192.09372712298546,False
TAP,TAP_P02576,-57.34988082750399,-7.13068137283116,forest,0.8480408904616602,-0.741161584854126,6532.483013953644,161.55494421403512,False
TAP,TAP_P02578,-56.8273179704826,-7.148232665202991,forest,0.8120195569674344,-0.7144416570663452,130.0508316576414,174.92855684535903,False
TAP,TAP_P02579,-57.15410872247541,-7.284550311425457,forest,0.8315496287832209,-0.7230493426322937,1719.8896589965225,228.47319317591726,False
TAP,TAP_P02581,-57.39287328371249,-6.130868537056374,forest,0.8368718431977247,-0.7376701831817627,1393.6647522987732,108.16653826391968,False
TAP,TAP_P02583,-57.36083214490843,-6.131740899116477,forest,0.8185804323014939,-0.7048858404159546,1393.6647522987732,30.0,False
TAP,TAP_P02584,-57.28800134081656,-5.416154282234457,forest,0.8274793334890842,-0.7153987884521484,83.47531865858299,134.1640786499874,False
TAP,TAP_P02585,-56.33917156956274,-6.150249400675231,forest,0.83878916347318,-0.7378767728805542,129.22717266310354,90.0,False
TAP,TAP_P02587,-56.88423227332505,-6.9262055529654445,forest,0.7747963501983817,-0.6454092264175415,139.82011306009358,42.42640687119285,False
TAP,TAP_P02589,-56.52647979865876,-6.90293839852857,forest,0.7865853688546489,-0.7004830837249756,351.03660190948574,150.0,False
TAP,TAP_P02590,-56.5030186098005,-6.379287294567656,water,-0.20774160137531789,0.1430848836898803,70.58214019598888,30.0,True
TAP,TAP_P02591,-56.611532325879146,-5.77565400917867,forest,0.8383133621500048,-0.7231389880180359,410.9512644248099,241.86773244895647,False
TAP,TAP_P02592,-57.4536888609938,-6.92080044124384,forest,0.846347255275928,-0.7356882691383362,324.06766038088307,212.13203435596427,False
TAP,TAP_P02593,-57.37189902882647,-6.016617715623152,forest,0.8061754768246395,-0.6937786936759949,2568.233036550785,60.0,False
TAP,TAP_P02594,-56.994651404518734,-7.086977087187106,forest,0.8020598071410402,-0.7085184454917908,1846.9119318392366,67.0820393249937,False
TAP,TAP_P02595,-57.026345857619496,-5.789968151439004,forest,0.8253968247263997,-0.714866578578949,2348.048398524063,120.0,False
TAP,TAP_P02596,-57.10433896263197,-7.434209728335668,forest,0.7879732695072463,-0.7121316194534302,2430.777471602475,123.69316876852982,False
TAP,TAP_P02597,-57.07372925021373,-7.20693479842599,forest,0.7436369219885371,-0.6234534978866577,2175.487275045593,60.0,False
TAP,TAP_P02598,-57.43889549098075,-4.895360519650389,forest,0.8427769283625732,-0.7213516235351562,66.90338253465299,180.0,False
TAP,TAP_P02599,-56.98118757579928,-7.150517761492552,forest,0.8501460351865846,-0.7229888439178467,664.3916423685731,90.0,False
TAP,TAP_P02600,-56.933271327944986,-5.449984524634121,forest,0.8037779405318642,-0.6982935070991516,1838.6847913386882,60.0,False
TAP,TAP_P02601,-56.71838006269423,-7.644633306221808,forest,0.5908784225318584,-0.395669162273407,9991.219089903321,60.0,False
TAP,TAP_P02602,-56.55502645695435,-5.519843549279971,forest,0.8107641677847314,-0.7080345153808594,163.0565352850285,94.86832980505139,False
TAP,TAP_P02603,-57.65863217486874,-5.165673875757496,forest,0.8189391738383767,-0.7124097347259521,208.84518697245102,30.0,False
TAP,TAP_P02604,-57.46718036611399,-4.902493478288263,forest,0.8367849602794728,-0.7398838996887207,78.79995192809068,84.8528137423857,False
TAP,TAP_P02605,-56.90157658623589,-6.070765541725422,forest,0.7030079939558666,-0.6656174063682556,521.811872608449,90.0,False
TAP,TAP_P02607,-56.58085752641496,-6.8229701669894345,bare/non-forest,0.4524064388872808,-0.4730336964130401,42.285436430489725,30.0,True
TAP,TAP_P02608,-57.45392690272768,-5.290681178635611,forest,0.8104980706987899,-0.6867828965187073,341.60869704367684,123.69316876852982,False
TAP,TAP_P02610,-57.36447065536415,-5.853246356171557,forest,0.8369468820394144,-0.7237258553504944,755.4504924332542,60.0,False
TAP,TAP_P02613,-56.995780553578165,-6.975648197049033,forest,0.8042071285034521,-0.679003894329071,109.25418424754716,30.0,False
TAP,TAP_P02614,-57.290268538949526,-5.801530422569634,forest,0.8244325719671618,-0.7278996706008911,165.60583833055355,182.48287590894657,False
TAP,TAP_P02615,-56.84472510170475,-5.4709822468038,forest,0.8544816460589006,-0.7416952252388,1838.6847913386882,94.86832980505139,False
TAP,TAP_P02616,-57.36202856727578,-5.85682322525933,forest,0.8565881427912391,-0.7560747861862183,755.4504924332542,42.42640687119285,False
TAP,TAP_P02617,-57.00809119895477,-6.948485024535809,forest,0.8149951280130261,-0.7243654727935791,258.5035911950733,108.16653826391968,False
TAP,TAP_P02618,-56.502697526356975,-7.018287166354081,forest,0.861185979691583,-0.7397034764289856,3842.1278497334474,240.0,False
TAP,TAP_P02619,-56.83567045669582,-7.082617716934337,forest,0.8467243430107633,-0.7280054688453674,397.75589165722465,536.6563145999496,False
TAP,TAP_P02620,-57.0629427115617,-5.75611995112974,forest,0.8834005464885486,-0.7679257392883301,2348.048398524063,152.97058540778355,False
TAP,TAP_P02621,-57.38966830878669,-6.1649112356044125,forest,0.8337381850980101,-0.7357472777366638,1929.2377405479056,120.0,False
TAP,TAP_P02622,-56.90895369514255,-5.736977547461454,bare/non-forest,0.48690117145319045,-0.5751467943191528,478.45889108468157,67.0820393249937,True
TAP,TAP_P02623,-55.855908430263774,-7.066647116954464,forest,0.8287956869013774,-0.7194899916648865,190.72232447824902,42.42640687119285,False
TAP,TAP_P02624,-55.957627834872085,-6.1839581219828,forest,0.7904761887867167,-0.7227949500083923,184.12165390907015,94.86832980505139,False
TAP,TAP_P02625,-56.39919800868,-6.229488256302495,forest,0.8626935489911103,-0.740638792514801,30.51488643816972,216.33307652783935,False
TAP,TAP_P02626,-57.02322561259563,-7.283867402462876,forest,0.8121974761327538,-0.7083286046981812,2175.487275045593,60.0,False
TAP,TAP_P02627,-57.00131128441871,-7.139512681432589,forest,0.8799894234449058,-0.7511520981788635,664.3916423685731,189.73665961010278,False
TAP,TAP_P02628,-56.54746700810857,-6.132522343974319,forest,0.8255347505320105,-0.7165437340736389,118.59117248114103,174.92855684535903,False
TAP,TAP_P02629,-56.59107594069159,-5.689233553696941,forest,0.6097965726461849,-0.5663848519325256,170.79593748190774,30.0,False
TAP,TAP_P02630,-56.71033079441242,-7.782169063338124,forest,0.8353018420019872,-0.7314587235450745,1080.1496008580875,169.7056274847714,False
TAP,TAP_P02631,-57.150604034678864,-7.089204579337693,forest,0.841865365624328,-0.7193097472190857,429.980921556009,134.1640786499874,False
TAP,TAP_P02633,-56.50508399934904,-6.996209313186715,forest,0.6917621340081267,-0.6191762685775757,3842.1278497334474,67.0820393249937,False
TAP,TAP_P02634,-57.33058433013338,-7.174515755509284,forest,0.8523076924190685,-0.7552001476287842,6532.483013953644,212.13203435596427,False
TAP,TAP_P02635,-56.90954352623212,-7.003618651146876,bare/non-forest,0.2086811449850273,-0.2407592236995697,936.0845757344995,30.0,True
TAP,TAP_P02636,-56.409931593528455,-5.710153225974952,forest,0.8497652520576439,-0.7370833158493042,195.3922704249928,127.27922061357854,False
TAP,TAP_P02637,-57.546441920479424,-5.82904285437598,forest,0.7483861007702903,-0.6434227824211121,119.44822520005363,60.0,False
TAP,TAP_P02638,-57.178920103326845,-7.272665089530999,forest,0.8527222865846922,-0.7440040707588196,191.11012352923873,120.0,False
TAP,TAP_P02639,-57.63298293144911,-5.693868968978538,forest,0.7802837337740334,-0.635398268699646,199.723031662094,84.8528137423857,False
TAP,TAP_P02642,-56.720511142815546,-5.93489512254612,forest,0.8050409955025691,-0.687609851360321,77.29060308017671,212.13203435596427,False
TAP,TAP_P02643,-57.11324613995215,-7.448299578944121,forest,0.8479405406762092,-0.7400855422019958,27.417919492822733,120.0,False
TAP,TAP_P02644,-56.24214501045233,-6.78565317593555,forest,0.816733077620029,-0.7035806775093079,75.13642452347395,60.0,False
TAP,TAP_P02645,-57.526506532238216,-5.231780472863649,bare/non-forest,0.03751142425211724,-0.157607614994049,329.8607238651681,30.0,True
TAP,TAP_P02647,-56.7274215112268,-7.086085346521389,forest,0.8079625338507044,-0.6939297318458557,475.5724296900206,94.86832980505139,False
TAP,TAP_P02648,-56.56393418716666,-6.9028891462449895,forest,0.7584973274140269,-0.6791120767593384,33.33421338931479,94.86832980505139,False
TAP,TAP_P02650,-57.98139626269812,-5.954252394986861,forest,0.8134066160774214,-0.6662018299102783,53.062095426752045,566.0388679233962,False
TAP,TAP_P02651,-56.61749994343504,-7.333383796091435,forest,0.758848904772122,-0.685034453868866,1400.357443306783,42.42640687119285,False
TAP,TAP_P02652,-57.5527369085689,-6.928009249331884,forest,0.8283881375207869,-0.6984468102455139,220.1502302259007,150.0,False
TAP,TAP_P02653,-56.90453778723622,-5.766106940912095,forest,0.829662242335331,-0.68663489818573,1231.4065370376056,30.0,False
TAP,TAP_P02654,-57.30401847982388,-5.888247805900725,forest,0.8089990749831087,-0.6917911171913147,708.4508174728377,127.27922061357854,False
TAP,TAP_P02656,-57.522554137811625,-6.512984722071127,forest,0.8235906580155112,-0.7178744673728943,130.20075837655494,150.0,False
TAP,TAP_P02657,-56.9987081027458,-5.840425062663305,forest,0.8494840158694185,-0.7397598028182983,50.62451505876233,241.86773244895647,False
TAP,TAP_P02659,-56.80581479182352,-5.417285861955119,forest,0.8267875081300806,-0.7139319181442261,1838.6847913386882,120.0,False
TAP,TAP_P02660,-56.15092591375296,-6.740742888172702,forest,0.8100851391070246,-0.6892067193984985,102.47573956824237,218.40329667841553,False
TAP,TAP_P02662,-56.399652112006926,-6.8975367331012105,forest,0.8383292924595243,-0.7167871594429016,50.53865281416365,123.69316876852982,False
TAP,TAP_P02664,-56.53692751175239,-6.85616459848727,forest,0.8278665569284795,-0.7157866954803467,271.2276757498687,241.86773244895647,False
TAP,TAP_P02665,-56.643441855433046,-5.74165543466664,forest,0.8102780054658015,-0.7067848443984985,156.46821627275062,108.16653826391968,False
TAP,TAP_P02666,-57.48874678818445,-5.128792122133731,forest,0.7705768054231055,-0.6556066870689392,356.6861205336343,60.0,False
TAP,TAP_P02668,-57.317509157195474,-6.093075390225532,forest,0.8225141541361639,-0.7159750461578369,1622.7644649724284,84.8528137423857,False
TAP,TAP_P02669,-56.614801696728186,-7.888496774050277,forest,0.8473436342834004,-0.7560315728187561,279.94924427045584,192.09372712298546,False
TAP,TAP_P02670,-57.27403564737215,-7.136505974474448,forest,0.796501530035297,-0.7137481570243835,6532.483013953644,90.0,False
TAP,TAP_P02672,-55.87540251885114,-6.2517324032960095,forest,0.779953761207764,-0.6598408818244934,382.0299023027246,94.86832980505139,False
TAP,TAP_P02674,-55.920160074132816,-6.213606374822273,forest,0.6003616697741352,-0.5416173338890076,1142.5444204523114,42.42640687119285,False
TAP,TAP_P02675,-55.29370022483016,-6.060895213325218,bare/non-forest,0.1671232613865797,-0.2568975985050201,628.4854439844795,150.0,True
TAP,TAP_P02677,-57.46375554425397,-5.698177370349638,forest,0.8200073476755172,-0.7196894288063049,279.80066301851934,510.0,False
TAP,TAP_P02678,-55.92636840793758,-6.207120999589017,forest,0.8158487975735318,-0.7290410995483398,1142.5444204523114,134.1640786499874,False
TAP,TAP_P02680,-57.06866749715959,-5.707723718568717,forest,0.8171589232716191,-0.72397381067276,2348.048398524063,120.0,False
TAP,TAP_P02681,-56.31494028403037,-6.527986945680721,bare/non-forest,0.452355542114194,-0.4981982111930847,750.1200483870076,90.0,True
TAP,TAP_P02682,-56.29102810526113,-7.261453826350372,forest,0.8407770970132755,-0.7134900689125061,1063.6012068494724,120.0,False
TAP,TAP_P02685,-57.41257133537087,-5.098955137201855,forest,0.7938435566230115,-0.6965802907943726,213.82134508079272,240.0,False
TAP,TAP_P02686,-57.17123904923693,-7.371194889082275,forest,0.6119571350841906,-0.5902965068817139,2430.777471602475,30.0,False
TAP,TAP_P02687,-57.994517708309,-5.948170070503437,forest,0.8064896733248963,-0.7079796195030212,29.66981797711514,952.9428104561155,False
TAP,TAP_P02688,-56.588083440703,-7.314821092440792,forest,0.8430441718612302,-0.750713586807251,1400.357443306783,240.0,False
TAP,TAP_P02689,-56.5410065001257,-7.325853157415434,forest,0.6397366810444447,-0.567581295967102,1400.357443306783,30.0,False
TAP,TAP_P02691,-57.34338218204712,-6.206613347948864,forest,0.7987734267827676,-0.7220067977905273,1393.6647522987732,30.0,False
TAP,TAP_P02692,-56.448463319741975,-6.91749143160676,forest,0.6177777799853573,-0.5670731663703918,3842.1278497334474,30.0,False
TAP,TAP_P02694,-56.76463009862732,-5.285884168613303,forest,0.842155306772813,-0.7397054433822632,46.567404671673664,94.86832980505139,False
TAP,TAP_P02695,-57.47675499234366,-6.511319825509294,forest,0.7966285980071135,-0.6812193393707275,743.2630366878914,42.42640687119285,False
TAP,TAP_P02696,-56.76072979627205,-7.483306354352724,forest,0.8334991695012034,-0.726960301399231,9991.219089903321,60.0,False
TAP,TAP_P02697,-57.26924828769938,-7.150161884231613,forest,0.8509634892836939,-0.7358856201171875,6532.483013953644,256.3201123595259,False
TAP,TAP_P02698,-57.33109152695669,-6.072429031692967,forest,0.866038003395671,-0.7488487362861633,1622.7644649724284,241.86773244895647,False
TAP,TAP_P02700,-57.39255777170684,-6.164981734506256,bare/non-forest,0.1402714676427738,-0.3083312809467315,1929.2377405479056,30.0,True
TAP,TAP_P02701,-56.61609565213106,-6.935038590145171,forest,0.7639751637334491,-0.6478873491287231,417.0850294164283,120.0,False
TAP,TAP_P02705,-57.00059595243913,-7.126603234893318,forest,0.8003502621028797,-0.6988719701766968,664.3916423685731,84.8528137423857,False
TAP,TAP_P02706,-56.73974592524471,-6.911488116846966,forest,0.7961040700614309,-0.6731866598129272,479.449942694211,127.27922061357854,False
TAP,TAP_P02707,-56.41468603290462,-5.717829259246365,forest,0.8478970690673515,-0.7264358401298523,195.3922704249928,94.86832980505139,False
TAP,TAP_P02708,-57.0494557608262,-4.954490874081114,forest,0.8427244604895917,-0.7285813093185425,148.6743574491658,240.0,False
TAP,TAP_P02709,-56.942328191008144,-5.457289385553454,forest,0.8203785760696461,-0.7280625104904175,1838.6847913386882,182.48287590894657,False
TAP,TAP_P02713,-56.9419681865919,-7.065050251833191,forest,0.7497695684738671,-0.6743259429931641,1512.8545122012727,67.0820393249937,False
TAP,TAP_P02714,-57.34378028222406,-5.872347177634731,forest,0.8258516438871287,-0.729381799697876,755.4504924332542,123.69316876852982,False
TAP,TAP_P02717,-56.821343706142045,-7.0859266593414905,forest,0.7756563149629006,-0.683501660823822,397.75589165722465,123.69316876852982,False
TAP,TAP_P02718,-57.35272794099669,-6.03291795937881,forest,0.5558023454063492,-0.5349219441413879,2568.233036550785,30.0,False
TAP,TAP_P02719,-56.682707018686365,-7.649688055067227,forest,0.8006279409718385,-0.7211187481880188,9991.219089903321,189.73665961010278,False
TAP,TAP_P02720,-56.857533614944266,-5.681851676892196,forest,0.82015877632097,-0.7198579907417297,1287.902270433891,169.7056274847714,False
TAP,TAP_P02722,-56.02626671522034,-6.449506265719116,forest,0.776513896117622,-0.6739574670791626,177.286609524948,120.0,False
TAP,TAP_P02723,-56.63455725210222,-7.6215112312506035,forest,0.8502938370420814,-0.7192332744598389,154.30441602001397,120.0,False
TAP,TAP_P02724,-56.36749218581016,-6.841270737590097,forest,0.8344013153911299,-0.7164328098297119,1375.8358951947446,42.42640687119285,False
TAP,TAP_P02725,-56.8826608926741,-7.080053138950785,forest,0.8072117109344793,-0.7174004316329956,2030.3979470351633,247.38633753705963,False
TAP,TAP_P02726,-57.58743131791913,-5.219134157920428,forest,0.8337769864624153,-0.7149629592895508,142.46844188902702,67.0820393249937,False
TAP,TAP_P02727,-56.87559780749958,-5.775252933542413,forest,0.835093300847523,-0.7294912934303284,1231.4065370376056,67.0820393249937,False
TAP,TAP_P02728,-56.69787557627993,-7.073417729069965,forest,0.6105841242042632,-0.5756538510322571,698.8827912718284,30.0,False
TAP,TAP_P02729,-56.481077692764,-5.708328848393307,forest,0.8424437372022884,-0.7454844117164612,931.0072091678815,84.8528137423857,False
TAP,TAP_P02730,-56.22330785478348,-6.735922659394879,bare/non-forest,0.15523156960538845,-0.1837888658046722,1896.608348381681,30.0,True
TAP,TAP_P02731,-56.51220518507073,-7.021618596774989,bare/non-forest,0.2649495354749872,-0.2418363243341446,3842.1278497334474,30.0,True
TAP,TAP_P02732,-56.38309498812372,-6.096576786409442,bare/non-forest,0.40604396022765366,-0.3501779437065124,22.994624309241168,152.97058540778355,True
TAP,TAP_P02733,-57.00479241257307,-7.481233391242384,forest,0.8554314141998585,-0.7400892376899719,576.2646626360867,216.33307652783935,False
TAP,TAP_P02734,-56.56636351171411,-7.706805769244341,forest,0.8102276100636094,-0.6948345899581909,54.496680170770176,42.42640687119285,False
TAP,TAP_P02735,-56.76402640568138,-5.648351873837829,forest,0.869822489970732,-0.7426684498786926,33.971810726583875,134.1640786499874,False
TAP,TAP_P02736,-57.14787593027847,-7.366002857390554,forest,0.8253819680078291,-0.7159382700920105,2430.777471602475,67.0820393249937,False
TAP,TAP_P02739,-56.99972010547024,-7.407312361657722,forest,0.8476588214089259,-0.7322524189949036,658.7873756486051,161.55494421403512,False
TAP,TAP_P02740,-56.556441119559885,-6.891264269215972,forest,0.6389961464701179,-0.6319218277931213,351.03660190948574,30.0,False
TAP,TAP_P02741,-56.20277389678648,-6.809277743385239,forest,0.8395005213165894,-0.7448017597198486,108.70144917290474,189.73665961010278,False
TAP,TAP_P02742,-57.19816352595314,-7.38894174824141,forest,0.7206549432050887,-0.6389209628105164,2430.777471602475,30.0,False
TAP,TAP_P02743,-57.655092490277575,-5.163728164828036,forest,0.8166238341656201,-0.7155965566635132,208.84518697245102,134.1640786499874,False
TAP,TAP_P02744,-57.69931233548506,-5.455326024809985,forest,0.7126171794697225,-0.6209468245506287,255.92852986018966,30.0,False
TAP,TAP_P02745,-56.932567142851525,-7.07299195431408,forest,0.8463536951851983,-0.7181681990623474,1512.8545122012727,108.16653826391968,False
TAP,TAP_P02746,-56.61094961424139,-5.768858209811106,forest,0.8122898256852907,-0.6993424892425537,410.9512644248099,90.0,False
TAP,TAP_P02747,-56.97029430413198,-6.909553340987015,forest,0.8548274029170843,-0.7486933469772339,1012.8044767743654,450.0,False
TAP,TAP_P02748,-56.660609484973484,-5.8086017452635454,forest,0.8300290673101595,-0.7318487763404846,1909.7384285300964,60.0,False
TAP,TAP_P02749,-56.72126670870711,-7.6098145398874575,forest,0.8210093127992738,-0.7199482917785645,9991.219089903321,84.8528137423857,False
TAP,TAP_P02750,-56.64971876266875,-7.572104801057562,forest,0.805891475332492,-0.6719803810119629,292.6716534958322,30.0,False
TAP,TAP_P02753,-56.8742284389406,-5.7697954957492215,forest,0.816345853631012,-0.6987056136131287,1231.4065370376056,108.16653826391968,False
TAP,TAP_P02754,-56.81148003308182,-7.027102100897579,forest,0.8025708725388193,-0.722655713558197,25.520030846004197,276.5863337187866,False
TAP,TAP_P02755,-56.960816134689175,-6.892652744833054,forest,0.8084292793394559,-0.7120384573936462,1012.8044767743654,60.0,False
TAP,TAP_P02756,-56.73655199959058,-5.658871840542708,forest,0.8659824018151628,-0.7462319731712341,42.96921206129217,201.24611797498108,False
TAP,TAP_P02758,-57.30151979204072,-5.437626484388685,forest,0.8333067823541336,-0.7126418352127075,63.229935311558876,42.42640687119285,False
TAP,TAP_P02760,-56.34709376899234,-6.154354094192099,forest,0.7252173849945937,-0.6425068378448486,129.22717266310354,84.8528137423857,False
TAP,TAP_P02761,-56.77270667123934,-7.064907924145105,forest,0.8169336395029041,-0.6872509717941284,465.020978499373,218.40329667841553,False
TAP,TAP_P02763,-56.70165961465721,-7.576546006163787,bare/non-forest,0.15752124323055347,-0.2091127336025238,9991.219089903321,30.0,True
TAP,TAP_P02764,-56.72030811215839,-7.620308199061032,forest,0.832352034317277,-0.712298572063446,9991.219089903321,42.42640687119285,False
TAP,TAP_P02765,-56.48177058779034,-6.950831255888024,forest,0.7192178046259916,-0.6379208564758301,3842.1278497334474,30.0,False
TAP,TAP_P02766,-57.55418983656226,-5.556055727570774,forest,0.8180787817918794,-0.6965726613998413,72.34124697022779,192.09372712298546,False
TAP,TAP_P02767,-56.86044167891453,-5.709237996377768,forest,0.8082744639605628,-0.7071791887283325,1287.902270433891,192.09372712298546,False
TAP,TAP_P02768,-57.38332034019199,-5.809944078288696,forest,0.7682843567173847,-0.6711735725402832,412.7668648555116,67.0820393249937,False
TAP,TAP_P02769,-56.639062125722255,-5.36346611477892,forest,0.814104896921492,-0.7103257179260254,176.0444254344871,241.86773244895647,False
TAP,TAP_P02770,-56.590588890519854,-5.760327720751331,forest,0.832460734459301,-0.7144581079483032,232.21009128281688,30.0,False
TAP,TAP_P02771,-57.054568631722695,-7.25856171316172,forest,0.8209116950592484,-0.7282219529151917,2175.487275045593,120.0,False
TAP,TAP_P02772,-56.82172478152477,-7.109969950764665,forest,0.8184132372552978,-0.7022449970245361,488.2524627143045,180.0,False
TAP,TAP_P02776,-55.8878441606794,-6.265933605783616,forest,0.6302895465224554,-0.6004777550697327,382.0299023027246,30.0,False
TAP,TAP_P02777,-56.35310104244365,-6.821740971648589,forest,0.8020086036437633,-0.6958416104316711,1375.8358951947446,67.0820393249937,False
TAP,TAP_P02778,-56.84513426049616,-5.805933157455802,forest,0.8072364344777245,-0.6862208843231201,218.51795237601624,161.55494421403512,False
TAP,TAP_P02779,-56.94621468021557,-6.043482355303066,forest,0.7850860329454853,-0.7082594037055969,521.811872608449,30.0,False
TAP,TAP_P02780,-57.41291204917728,-5.10096525909055,forest,0.7991014016154039,-0.6895973086357117,213.82134508079272,210.0,False
TAP,TAP_P02781,-56.18291316565207,-6.343142617729919,forest,0.8296018659662551,-0.7247635126113892,125.8313783589948,127.27922061357854,False
TAP,TAP_P02782,-57.33655278008709,-5.881971892757507,forest,0.8439524101040158,-0.718589186668396,755.4504924332542,94.86832980505139,False
TAP,TAP_P02783,-57.31384520382365,-7.135647048603408,forest,0.8596661647133048,-0.7621133923530579,42.68097706941025,210.0,False
TAP,TAP_P02784,-56.52289433024836,-7.6128393251931055,forest,0.8453823649543626,-0.7236465215682983,86.84159846304195,108.16653826391968,False
TAP,TAP_P02785,-57.475534325484375,-6.512980807453865,forest,0.8547458071964364,-0.7246212959289551,743.2630366878914,84.8528137423857,False
TAP,TAP_P02786,-56.40553447022885,-7.681555197178781,bare/non-forest,0.41171419474833854,-0.4487728178501129,292.3858439155138,94.86832980505139,True
TAP,TAP_P02788,-55.98427004399122,-6.19584810245303,forest,0.7352229393832016,-0.680246889591217,1362.2993807535643,169.7056274847714,False
TAP,TAP_P02789,-56.74641095415669,-5.583967870549527,forest,0.7773443990537173,-0.6776713728904724,437.15861629011465,42.42640687119285,False
TAP,TAP_P02790,-57.03436891269741,-5.780949852118251,bare/non-forest,0.3246396823485566,-0.3387716114521026,2348.048398524063,30.0,True
TAP,TAP_P02791,-55.99909355416473,-6.196897811673206,forest,0.8417959804200489,-0.7485098242759705,1362.2993807535643,247.38633753705963,False
TAP,TAP_P02792,-57.083556103857184,-7.305064016927879,forest,0.7903225830024756,-0.7291839122772217,332.3305088260645,84.8528137423857,False
TAP,TAP_P02793,-56.66214150291416,-7.622253441773099,forest,0.7640932685552801,-0.6784198880195618,9991.219089903321,30.0,False
TAP,TAP_P02794,-57.14870997242144,-7.132739292732111,forest,0.8550285833661129,-0.7416930198669434,168.02607417283448,90.0,False
TAP,TAP_P02796,-56.44205059864073,-7.053687327511185,forest,0.8346945530453261,-0.7297297120094299,147.29536792420564,108.16653826391968,False
TAP,TAP_P02797,-56.43075758434309,-5.814577258184229,forest,0.7622977993853088,-0.6426264643669128,35.1289258538954,94.86832980505139,False
TAP,TAP_P02798,-57.54466941429962,-6.871677107602045,forest,0.8131805086146433,-0.6931567192077637,940.4013963372355,42.42640687119285,False
TAP,TAP_P02799,-56.7078229912556,-6.936783336100183,forest,0.8306385288102389,-0.7276280522346497,256.47303731713737,84.8528137423857,False
TAP,TAP_P02801,-57.47151621663646,-5.699399068325655,forest,0.802334240881422,-0.6825775504112244,44.24985474370349,67.0820393249937,False
TAP,TAP_P02803,-56.74197801914112,-7.646088026037977,bare/non-forest,0.35403724753522287,-0.3694370090961456,9991.219089903321,30.0,True
TAP,TAP_P02804,-56.88935645848064,-6.704290425379515,water,-0.2308963543918358,0.1414391994476318,329.9133012600551,42.42640687119285,True
TAP,TAP_P02805,-57.47561123736797,-4.99511026870498,forest,0.8009495252363995,-0.678192138671875,735.601238367819,67.0820393249937,False
TAP,TAP_P02806,-56.63537553566846,-5.644632507768304,forest,0.8167281655556158,-0.6980074048042297,434.1205711104804,30.0,False
TAP,TAP_P02807,-57.020676510942565,-7.198123535244461,forest,0.8526315817778227,-0.7495500445365906,224.91400901055042,192.09372712298546,False
TAP,TAP_P02808,-57.34150843651002,-6.204514322626554,forest,0.7563110124387825,-0.7008072137832642,1393.6647522987732,60.0,False
TAP,TAP_P02809,-56.973222771627576,-7.083099457987454,forest,0.8278586392572522,-0.7362489104270935,1846.9119318392366,127.27922061357854,False
TAP,TAP_P02810,-57.39189433640558,-6.134557242035799,bare/non-forest,0.4870702842957582,-0.4809567332267761,1393.6647522987732,30.0,True
TAP,TAP_P02811,-56.997075382451385,-7.08579500136659,forest,0.8601485180611521,-0.7598205208778381,1846.9119318392366,324.4996147917591,False
TAP,TAP_P02812,-56.91759961538733,-6.9614468679029216,forest,0.7943437702324938,-0.6841791272163391,74.16752264875608,150.0,False
TAP,TAP_P02813,-57.297032356145984,-7.162307860393779,forest,0.8112582701042004,-0.7127819657325745,6532.483013953644,30.0,False
TAP,TAP_P02814,-56.17961360033557,-6.707732122640575,forest,0.8061659527972866,-0.7124112248420715,1896.608348381681,300.0,False
TAP,TAP_P02816,-56.85187028272068,-5.689847168125432,forest,0.8347240858632415,-0.7076429724693298,1287.902270433891,42.42640687119285,False
TAP,TAP_P02818,-57.05442893577273,-7.252690640626309,forest,0.8601312055646794,-0.7330847978591919,2175.487275045593,241.86773244895647,False
TAP,TAP_P02819,-57.413436218749446,-5.106634071002543,forest,0.8166039965887247,-0.7013674974441528,213.82134508079272,42.42640687119285,False
TAP,TAP_P02821,-56.59138111367422,-5.770709245372416,forest,0.8734115419724688,-0.7760012745857239,49.01009036270042,161.55494421403512,False
TAP,TAP_P02822,-56.88479368185886,-7.063138418293014,forest,0.79983227341693,-0.6812698245048523,2030.3979470351633,150.0,False
TAP,TAP_P02823,-56.59043808465093,-7.320601943894533,forest,0.8630234531598451,-0.7481899857521057,1400.357443306783,161.55494421403512,False
TAP,TAP_P02824,-56.88313157416388,-5.535153949161352,forest,0.8171869933291884,-0.6962684392929077,47.525764006823266,180.0,False
TAP,TAP_P02825,-56.50219709976448,-6.312848747781111,forest,0.67567565103106,-0.6188488006591797,193.67031197625485,241.86773244895647,False
TAP,TAP_P02826,-56.67537032207452,-5.346746589813346,forest,0.825359648955263,-0.7245632410049438,18.840401051096254,42.42640687119285,False
TAP,TAP_P02831,-57.37880968626899,-6.203733552571526,forest,0.8229197513107799,-0.7052631378173828,1929.2377405479056,174.92855684535903,False
TAP,TAP_P02832,-56.41889220992944,-6.818388779347325,forest,0.8258869985971602,-0.7090261578559875,375.51327781678646,150.0,False
TAP,TAP_P02833,-55.29878852251655,-5.985305083846771,forest,0.6043875774005671,-0.5225496292114258,626.1641849371455,30.0,False
TAP,TAP_P02834,-56.409823361061385,-7.694132675142835,forest,0.8419452916361919,-0.7397549748420715,292.3858439155138,330.0,False
TAP,TAP_P02835,-56.76057413636302,-7.540775172444485,bare/non-forest,0.06738892685841776,-0.1255797743797302,9991.219089903321,42.42640687119285,True
TAP,TAP_P02836,-57.369944752752005,-6.214731214931144,forest,0.82356389979323,-0.7178423404693604,1929.2377405479056,201.24611797498108,False
TAP,TAP_P02837,-56.78321121818732,-7.089222056138391,forest,0.792268918515026,-0.6951537132263184,89.51433691026466,60.0,False
TAP,TAP_P02838,-56.33388951706202,-6.120379486577575,forest,0.8465262600418264,-0.7260159254074097,644.558099770636,42.42640687119285,False
TAP,TAP_P02839,-56.26490341381418,-6.77440477387618,bare/non-forest,0.26123380704574173,-0.2041884958744049,1896.608348381681,30.0,True
TAP,TAP_P02840,-56.286738174864034,-6.614057984800073,forest,0.8397553484489062,-0.7271066904067993,21.611362909780745,192.09372712298546,False
TAP,TAP_P02841,-56.337607626299246,-7.310581684722603,forest,0.8550885678934482,-0.7626316547393799,1063.6012068494724,218.40329667841553,False
TAP,TAP_P02842,-57.21116089504749,-5.730521254166527,forest,0.7524150243634652,-0.69486403465271,42.53217755932153,30.0,False
TAP,TAP_P02843,-57.43842625145894,-5.015784450652156,forest,0.8164022992018154,-0.7003771066665649,735.601238367819,90.0,False
TAP,TAP_P02844,-57.36817890323713,-7.147975222664968,forest,0.8505864288126688,-0.75262051820755,6532.483013953644,182.48287590894657,False
TAP,TAP_P02845,-56.69111042284722,-7.7637647899786355,forest,0.637681141742498,-0.5771517157554626,31.81624767593436,212.13203435596427,False
TAP,TAP_P02846,-56.68818515168432,-7.799582036369755,forest,0.8114350558962118,-0.6842105388641357,1080.1496008580875,30.0,False
TAP,TAP_P02847,-56.71274988819985,-7.637823912611518,forest,0.8596923009841401,-0.758339524269104,9991.219089903321,241.86773244895647,False
TAP,TAP_P02848,-57.00736817964656,-6.6754825425638105,forest,0.8372966141236762,-0.7486404776573181,514.869362048014,90.0,False
TAP,TAP_P02850,-56.54327898873999,-7.051650254426221,forest,0.837474426538193,-0.7349678874015808,3842.1278497334474,174.92855684535903,False
TAP,TAP_P02851,-56.64085239661596,-6.938148755883318,forest,0.8000317990913276,-0.69214928150177,417.0850294164283,192.09372712298546,False
TAP,TAP_P02852,-57.01675205593104,-7.143618948900947,forest,0.7756813409004372,-0.6706021428108215,656.5650394138568,108.16653826391968,False
TAP,TAP_P02854,-57.33659746652499,-6.133425979279791,forest,0.8472356291469343,-0.7345939874649048,1393.6647522987732,30.0,False
TAP,TAP_P02856,-56.27135659766681,-6.782272927410367,forest,0.7998060074052851,-0.7050136923789978,1896.608348381681,60.0,False
TAP,TAP_P02857,-56.35925040530055,-7.643762997738063,forest,0.8727848086380482,-0.7775322794914246,40.14312755045038,94.86832980505139,False
TAP,TAP_P02858,-57.0323488250618,-6.951620099262798,forest,0.8531562574689262,-0.7666783332824707,383.16344756746946,189.73665961010278,False
TAP,TAP_P02859,-56.768853928912165,-7.46418395077647,forest,0.8591236889162243,-0.7399553656578064,9991.219089903321,108.16653826391968,False
TAP,TAP_P02860,-56.55403732907117,-7.33181188346061,forest,0.7337821464442575,-0.6687041521072388,1400.357443306783,84.8528137423857,False
TAP,TAP_P02862,-56.71965406777088,-7.721387732128849,forest,0.85182889030596,-0.741762638092041,513.7780987804362,90.0,False
TAP,TAP_P02863,-57.198269799955874,-7.380835854258254,forest,0.7066843875025492,-0.6349431872367859,2430.777471602475,30.0,False
TAP,TAP_P02864,-57.182840058024944,-7.200845471098173,forest,0.8558500301608264,-0.7489060759544373,40.156553546380685,150.0,False
TAP,TAP_P02866,-56.862340065810514,-5.661689042424506,forest,0.8641145590138026,-0.7395070791244507,1287.902270433891,182.48287590894657,False
TAP,TAP_P02867,-56.95523092368624,-7.031028078742333,forest,0.8590799641463592,-0.7240294814109802,1512.8545122012727,108.16653826391968,False
TAP,TAP_P02868,-57.44207847571004,-5.116922142199375,bare/non-forest,0.49108968888395144,-0.442455917596817,109.35807737530004,30.0,True
TAP,TAP_P02869,-56.69153242462165,-4.859992495097671,forest,0.8395431061674903,-0.7266671657562256,467.49816027068374,330.0,False
TAP,TAP_P02870,-56.886068510806446,-5.44510949506718,forest,0.8180318831182118,-0.6986584067344666,1838.6847913386882,30.0,False
TAP,TAP_P02871,-56.34319615867549,-6.534587339717312,forest,0.7901189986419689,-0.6786878705024719,350.0260657632124,94.86832980505139,False
TAP,TAP_P02873,-57.41774418767625,-5.972266075930838,forest,0.8311345519357827,-0.6970223784446716,2568.233036550785,108.16653826391968,False
TAP,TAP_P02874,-56.35658386134761,-6.671570784714214,forest,0.8249178413249229,-0.7079058289527893,207.132546406877,67.0820393249937,False
TAP,TAP_P02875,-57.52455256145225,-4.911141104303017,forest,0.8429850722667135,-0.7439954876899719,462.9757845096954,212.13203435596427,False
TAP,TAP_P02876,-57.4885424380695,-5.135603168554787,forest,0.8383358916555148,-0.7225492596626282,356.6861205336343,108.16653826391968,False
TAP,TAP_P02877,-56.88227955220343,-6.081644778533789,forest,0.8250624852267674,-0.7487855553627014,165.5105002193704,212.13203435596427,False
TAP,TAP_P02879,-56.99361356717063,-7.392690630403167,forest,0.8344934241353371,-0.7254289984703064,658.7873756486051,120.0,False
TAP,TAP_P02880,-57.00347162647428,-7.1332617222225325,forest,0.8322252707586281,-0.7292037010192871,664.3916423685731,349.85711369071805,False
TAP,TAP_P02881,-56.80734661809153,-5.675017476543373,forest,0.8390163850549628,-0.7255627512931824,124.74666729370676,84.8528137423857,False
TAP,TAP_P02882,-57.030936211871335,-5.525719128610146,forest,0.835451982547647,-0.7245470285415649,213.29565468978888,67.0820393249937,False
TAP,TAP_P02883,-57.2866875295145,-7.1115932788280185,forest,0.831032215398007,-0.7276051044464111,6532.483013953644,134.1640786499874,False
TAP,TAP_P02884,-56.969754598308114,-7.012850292639853,forest,0.7546354899609321,-0.6490880250930786,202.5154414928615,67.0820393249937,False
TAP,TAP_P02885,-56.63879574647577,-6.93383053105935,forest,0.6760413084688711,-0.5832025408744812,417.0850294164283,60.0,False
TAP,TAP_P02886,-56.60603998601207,-7.323296612071914,forest,0.86655682521479,-0.7632035613059998,1400.357443306783,256.3201123595259,False
TAP,TAP_P02888,-56.99819280754438,-7.479959970293041,forest,0.8242370844740854,-0.7174448370933533,576.2646626360867,192.09372712298546,False
TAP,TAP_P02889,-56.42936583025416,-6.8738234871306805,forest,0.8297940300544022,-0.7143868803977966,636.8885494985101,228.47319317591726,False
TAP,TAP_P02890,-56.392067629165005,-6.536296239443678,forest,0.8039927390239686,-0.6829363703727722,300.6209432161213,84.8528137423857,False
TAP,TAP_P02891,-57.50570078847689,-5.374470554231664,forest,0.8281974395665137,-0.7320050001144409,32.99649974350539,60.0,False
TAP,TAP_P02892,-56.688272698501095,-4.870282322317127,forest,0.8491497535744988,-0.7280470132827759,467.49816027068374,60.0,False
TAP,TAP_P02893,-57.45606359197306,-4.822441316041928,forest,0.7976905332124538,-0.6820412278175354,71.48661637070762,30.0,False
TAP,TAP_P02894,-57.39083106746448,-5.183251417345124,forest,0.7682458256595615,-0.6483328938484192,261.1304123466046,90.0,False
TAP,TAP_P02896,-56.65224882027962,-7.62113070657289,forest,0.7686435579761935,-0.6235300302505493,9991.219089903321,30.0,False
TAP,TAP_P02897,-57.429993482573785,-5.982105774501328,forest,0.8482720556144263,-0.7424024343490601,32.1164398297974,42.42640687119285,False
TAP,TAP_P02898,-56.72427449989573,-5.600012686033503,forest,0.8232603984914303,-0.6930327415466309,217.82598760386765,210.0,False
TAP,TAP_P02900,-57.63682554500482,-5.696166025805433,forest,0.78149969977869,-0.6784056425094604,199.723031662094,84.8528137423857,False
TAP,TAP_P02901,-56.861412929284384,-7.043658873377673,forest,0.8396071886592993,-0.7265058755874634,160.0016959420981,161.55494421403512,False
TAP,TAP_P02902,-56.52692559583223,-7.037408834913687,bare/non-forest,0.48424070269356434,-0.4721996188163757,3842.1278497334474,150.0,True
TAP,TAP_P02904,-57.32501949388401,-5.889037357443262,forest,0.8623273260724833,-0.7383137941360474,755.4504924332542,60.0,False
TAP,TAP_P02906,-56.97699449732755,-7.222263950972701,forest,0.8521637165287816,-0.7183552980422974,53.63125388624743,90.0,False
TAP,TAP_P02907,-56.11097223248925,-5.488344219048813,forest,0.5320296430289275,-0.5505099296569824,596.0602670451929,67.0820393249937,False
TAP,TAP_P02910,-57.17211247122473,-5.1874513653847725,forest,0.8335504882278044,-0.7321567535400391,291.03607280138067,210.0,False
TAP,TAP_P02911,-57.200191197417816,-5.515146636084805,forest,0.856727636891939,-0.7458583116531372,1380.3456256924787,84.8528137423857,False
TAP,TAP_P02912,-57.42907725834586,-6.911191113182776,forest,0.8531073516273971,-0.7312312126159668,619.4454737123132,120.0,False
TAP,TAP_P02913,-56.53708175356573,-7.050467801181804,forest,0.815824171671069,-0.7056841254234314,3842.1278497334474,30.0,False
TAP,TAP_P02914,-56.95694644368484,-7.091167673531667,forest,0.8523895962714915,-0.7369379997253418,1846.9119318392366,218.40329667841553,False
TAP,TAP_P02915,-56.904344717707446,-5.750605633117227,forest,0.8472791061809932,-0.7338149547576904,1231.4065370376056,94.86832980505139,False
TAP,TAP_P02918,-57.39758105595087,-6.189257734409479,forest,0.8452470789151741,-0.7368638515472412,1929.2377405479056,120.0,False
TAP,TAP_P02920,-57.146945989377926,-7.296547125879208,forest,0.8279434824679736,-0.7150745391845703,1719.8896589965225,60.0,False
TAP,TAP_P02921,-56.38854643236884,-6.988191416777419,bare/non-forest,0.3485943566968188,-0.3784893155097961,39.45989188394207,134.1640786499874,True
TAP,TAP_P02925,-56.91026607748727,-5.748473234319891,forest,0.833205812679833,-0.7134127616882324,1231.4065370376056,216.33307652783935,False
TAP,TAP_P02926,-56.9417276144624,-5.7419656132898975,forest,0.8541061305786704,-0.7222766876220703,478.45889108468157,123.69316876852982,False
TAP,TAP_P02927,-57.4217075679875,-6.157551313247141,forest,0.8399607229674774,-0.7174268960952759,1929.2377405479056,30.0,False
TAP,TAP_P02928,-54.95560478705826,-7.473585297997019,bare/non-forest,0.16947533414846697,-0.0078698704019188,128.4463734038568,4680.3845995815345,True
TAP,TAP_P02929,-57.57829246588168,-6.912477344297008,forest,0.8074074172188715,-0.702087938785553,52.92563326452698,30.0,False
TAP,TAP_P02930,-57.36648922913285,-5.9725169233743625,forest,0.8581661828494578,-0.7399355173110962,376.1039406572246,84.8528137423857,False
TAP,TAP_P02931,-57.03403512395487,-5.764310729762019,forest,0.8414574098176677,-0.7105154395103455,2348.048398524063,127.27922061357854,False
TAP,TAP_P02932,-56.98840910089199,-7.0299748251613865,forest,0.8334878513239629,-0.7224563956260681,1512.8545122012727,60.0,False
TAP,TAP_P02933,-57.18658756768125,-7.394309174850498,forest,0.849210677529291,-0.7364581227302551,2430.777471602475,42.42640687119285,False
TAP,TAP_P02935,-56.76471012659788,-7.546872079826435,forest,0.670742203946396,-0.5750659704208374,9991.219089903321,60.0,False
TAP,TAP_P02936,-56.753916431467694,-7.539773355424289,forest,0.8275255314975087,-0.7270486950874329,9991.219089903321,240.0,False
TAP,TAP_P02937,-57.14675937954661,-5.532426579783887,forest,0.8630519758693225,-0.7605066895484924,79.9481052800455,30.0,False
TAP,TAP_P02939,-57.311956925870966,-7.191224466065194,forest,0.610455035979642,-0.5710786581039429,6532.483013953644,30.0,False
TAP,TAP_P02940,-56.69104473700517,-5.817560059286233,forest,0.8278164095181704,-0.6890088319778442,187.63533382057392,300.0,False
TAP,TAP_P02941,-57.4910441337108,-4.904801444779642,forest,0.8528007956569084,-0.727333664894104,179.9353346099783,161.55494421403512,False
TAP,TAP_P02942,-56.333272780040296,-6.117979792884014,forest,0.8650148408280868,-0.7337537407875061,644.558099770636,60.0,False
TAP,TAP_P02944,-56.68735380809295,-7.598590633466932,forest,0.8290001802582877,-0.7331700921058655,9991.219089903321,84.8528137423857,False
TAP,TAP_P02946,-56.88701768267583,-7.068251194361867,forest,0.8084156516943742,-0.7007193565368652,2030.3979470351633,123.69316876852982,False
TAP,TAP_P02947,-57.1554593084397,-7.082481532757852,forest,0.8585191315502166,-0.7292670011520386,429.980921556009,108.16653826391968,False
TAP,TAP_P02948,-56.50395721954704,-6.993869304559367,forest,0.7845042986601537,-0.6791519522666931,3842.1278497334474,30.0,False
TAP,TAP_P02949,-56.2321234883742,-6.736414455124642,forest,0.8276083454348466,-0.7133846282958984,1896.608348381681,189.73665961010278,False
TAP,TAP_P02950,-56.91227253764088,-5.748125336011571,forest,0.8783661786899309,-0.751073956489563,1231.4065370376056,210.0,False
TAP,TAP_P02951,-57.24271130937888,-5.914541462036789,forest,0.7687990985661323,-0.6969309449195862,708.4508174728377,42.42640687119285,False
TAP,TAP_P02952,-56.88196208796251,-6.080217089796851,forest,0.8252581427921817,-0.7515432238578796,165.5105002193704,94.86832980505139,False
TAP,TAP_P02953,-56.92390806682275,-5.747581184570927,forest,0.79638591204909,-0.7094607949256897,478.45889108468157,67.0820393249937,False
TAP,TAP_P02954,-56.58549100773677,-7.336209942806233,forest,0.8275097045700595,-0.721816897392273,1400.357443306783,30.0,False
TAP,TAP_P02955,-57.445034004811326,-4.844359389610447,forest,0.8302502700184006,-0.7023293375968933,304.5920224318205,150.0,False
TAP,TAP_P02957,-56.18486815944521,-6.345594739147328,forest,0.7912834897499672,-0.7006439566612244,125.8313783589948,67.0820393249937,False
TAP,TAP_P02958,-56.00181606870458,-6.462397231760141,forest,0.8344768526242567,-0.7355084419250488,57.416403241373004,408.0441152620633,False
TAP,TAP_P02959,-56.91440874754988,-7.049803094932212,forest,0.8321554799680227,-0.727515459060669,2030.3979470351633,212.13203435596427,False
TAP,TAP_P02961,-56.25618350514986,-6.697585480003361,forest,0.6458276616065702,-0.608035147190094,1138.2805734249494,30.0,False
TAP,TAP_P02963,-57.12220540756091,-7.1441979471425565,forest,0.858807400405313,-0.7434125542640686,63.55143917676648,67.0820393249937,False
TAP,TAP_P02964,-56.63687594573268,-7.852640760169437,forest,0.832575744747623,-0.7224692702293396,891.9454453893104,180.0,False
TAP,TAP_P02965,-56.4572132029793,-6.330183927705173,forest,0.7862232738742405,-0.6949313879013062,259.87457756193277,218.40329667841553,False
TAP,TAP_P02966,-57.35510041175287,-7.050126213982311,forest,0.8424634520878702,-0.7362037301063538,118.71071960981779,30.0,False
TAP,TAP_P02967,-57.367402061093415,-5.165457743711703,bare/non-forest,0.1176470678167468,-0.1073954850435257,19.257058922051346,30.0,True
TAP,TAP_P02968,-56.4196057050726,-7.326617373962309,forest,0.8125623261843872,-0.6935588121414185,61.83144306298548,30.0,False
TAP,TAP_P02969,-56.7373352840968,-5.660259020771744,forest,0.8554099924818788,-0.7523642778396606,42.96921206129217,30.0,False
TAP,TAP_P02970,-56.54695945317583,-6.803321482789176,forest,0.8164050912331562,-0.7112105488777161,49.03752631287354,60.0,False
TAP,TAP_P02971,-57.292105791936144,-7.178959145709069,forest,0.8551840309091019,-0.7356875538825989,6532.483013953644,84.8528137423857,False
TAP,TAP_P02972,-57.55520443174839,-6.926175946991609,forest,0.7381312473029807,-0.6555525064468384,220.1502302259007,30.0,False
TAP,TAP_P02973,-57.00922519531809,-7.261985012607357,forest,0.8189727701048672,-0.717408299446106,2175.487275045593,94.86832980505139,False
TAP,TAP_P02975,-57.39776789039872,-5.669845302567498,forest,0.8228611951283282,-0.7047611474990845,778.7216038360784,318.9043743820395,False
TAP,TAP_P02976,-56.86605761600553,-5.487087690854551,forest,0.855184905339744,-0.7167946696281433,138.9796544460033,127.27922061357854,False
TAP,TAP_P02977,-57.01729026586657,-7.116771975042992,forest,0.8654757057675814,-0.7659782767295837,656.5650394138568,189.73665961010278,False
TAP,TAP_P02978,-57.57963958467519,-6.860193651841138,bare/non-forest,0.47029873868843364,-0.5062634944915771,940.4013963372355,30.0,True
TAP,TAP_P02979,-56.42625822358049,-6.81709177605116,forest,0.8146467935909845,-0.7103694677352905,375.51327781678646,90.0,False
TAP,TAP_P02982,-56.52863487929314,-7.003445423285707,forest,0.7937219671012246,-0.6665678024291992,14.482376008521861,67.0820393249937,False
TAP,TAP_P02983,-56.76591391631761,-7.553274170457456,bare/non-forest,0.06169917432489163,-0.1142753139138221,9991.219089903321,30.0,True
TAP,TAP_P02984,-57.42413775945301,-6.269115580374209,water,-0.3015228079294757,0.3102386593818664,599.5998986372902,42.42640687119285,True
TAP,TAP_P02985,-57.2777307446824,-7.198128468195311,forest,0.8562300233932127,-0.7394574880599976,6532.483013953644,60.0,False
TAP,TAP_P02986,-56.62178406566686,-5.516103898104119,forest,0.8206295821678743,-0.7031568884849548,306.76637265204636,192.09372712298546,False
TAP,TAP_P02987,-55.99032573510283,-6.1949786395356,forest,0.5950769277719354,-0.5446528196334839,1362.2993807535643,30.0,False
TAP,TAP_P02988,-57.34553733912044,-6.517164174489976,forest,0.8165806273214409,-0.7158503532409668,457.11069535713904,108.16653826391968,False
TAP,TAP_P02989,-57.176031885809614,-7.027959549172773,forest,0.8659846559010863,-0.7386481761932373,49.403246531463886,201.24611797498108,False
TAP,TAP_P02990,-56.57333459380495,-5.426311013425619,forest,0.8532776467691382,-0.7536687850952148,152.192870552955,108.16653826391968,False
TAP,TAP_P02991,-56.97252054023915,-7.360608715716088,forest,0.8266542450203872,-0.71363765001297,658.7873756486051,30.0,False
TAP,TAP_P02992,-57.43416302441045,-6.249887835142951,forest,0.8022014775385812,-0.6897371411323547,103.80123038061815,67.0820393249937,False
TAP,TAP_P02993,-56.8684747702353,-7.032414830601289,forest,0.5208333295038821,-0.505311906337738,35.402012616651206,30.0,False
TAP,TAP_P02995,-56.658531900822354,-6.94961269365908,forest,0.7726010479595127,-0.6566785573959351,1008.8881937929187,84.8528137423857,False
TAP,TAP_P02996,-57.17355133092154,-7.250413051011079,forest,0.7965736511455515,-0.6993433833122253,1719.8896589965225,60.0,False
TAP,TAP_P02997,-56.45680489477029,-5.712206117835958,forest,0.8471818717504539,-0.7190533876419067,931.0072091678815,108.16653826391968,False
TAP,TAP_P02999,-57.463493258246,-4.964620931512804,forest,0.8140444564536765,-0.7034528851509094,31.57218158077012,150.0,False
TAP,TAP_P03000,-56.61970182181728,-6.835865399052795,forest,0.818829520610875,-0.6993579864501953,1126.0796245100512,123.69316876852982,False
TAP,TAP_P03001,-56.723832856082566,-7.585489806901651,forest,0.7972768578568135,-0.6912949085235596,363.4057189825536,84.8528137423857,False
TAP,TAP_P03003,-57.4410191136521,-5.118675749220058,forest,0.767659865403153,-0.6324726343154907,109.35807737530004,94.86832980505139,False
TAP,TAP_P03006,-57.35062487809062,-7.046435078304977,forest,0.8121442175537446,-0.7066805958747864,118.71071960981779,189.73665961010278,False
TAP,TAP_P03008,-56.62822594956275,-7.483147569018739,forest,0.8413445335134562,-0.7323934435844421,21.341285166433988,94.86832980505139,False
TAP,TAP_P03009,-57.35854116559451,-5.854418411173663,forest,0.7948947539569994,-0.6895440816879272,755.4504924332542,84.8528137423857,False
TAP,TAP_P03010,-56.89452824130674,-6.703008849532464,forest,0.8333919133586273,-0.7232357859611511,329.9133012600551,67.0820393249937,False
TAP,TAP_P03011,-56.8727953565,-5.566261442061868,forest,0.8451648990695165,-0.7122049331665039,459.7917665954982,150.0,False
TAP,TAP_P03014,-56.74642289068197,-7.586310710216288,forest,0.8179041651377504,-0.7163453698158264,204.0408299776844,90.0,False
TAP,TAP_P03016,-57.02667669594901,-6.653025260413775,bare/non-forest,0.2867996334710515,-0.2218885570764541,514.869362048014,30.0,True
TAP,TAP_P03018,-56.71100002052496,-7.599620637078916,forest,0.8241483808082081,-0.7072577476501465,9991.219089903321,94.86832980505139,False
TAP,TAP_P03019,-56.46689580423803,-6.943386292144831,water,-0.15322317608851715,0.1559055298566818,3842.1278497334474,30.0,True
TAP,TAP_P03020,-57.02457517771076,-7.267168284863511,forest,0.7686113801510893,-0.667119026184082,2175.487275045593,300.0,False
TAP,TAP_P03021,-56.7227796841945,-6.635418413407175,forest,0.8426548450647476,-0.7215378880500793,667.9026897321195,90.0,False
TAP,TAP_P03022,-56.70007563810484,-7.620151131785081,forest,0.7527651342978674,-0.6543065905570984,9991.219089903321,42.42640687119285,False
TAP,TAP_P03023,-57.04120062387455,-7.161908174107444,forest,0.7617479753949753,-0.7036179304122925,309.769241219543,30.0,False
TAP,TAP_P03025,-57.53833596010392,-6.555231974792394,forest,0.8350797203627992,-0.7112930417060852,781.3254531708121,161.55494421403512,False
TAP,TAP_P03026,-57.40663787775976,-5.973894195581376,forest,0.8203526337088282,-0.7018144726753235,2568.233036550785,150.0,False
TAP,TAP_P03027,-56.24662376349321,-6.70394213571175,forest,0.7841898816414862,-0.6990724205970764,1138.2805734249494,30.0,False
TAP,TAP_P03028,-56.732075098276034,-7.8817779467266735,forest,0.719975099204689,-0.6222076416015625,248.82299237582347,228.47319317591726,False
TAP,TAP_P03030,-56.614650459993406,-7.321290013369029,forest,0.6580837210380365,-0.5768680572509766,1400.357443306783,30.0,False
TAP,TAP_P03031,-57.1872137037007,-7.370448696735257,forest,0.8764891792836124,-0.7635947465896606,2430.777471602475,210.0,False
TAP,TAP_P03034,-57.45554398363373,-6.15814194700392,forest,0.542264748692699,-0.4994077980518341,1929.2377405479056,60.0,False
TAP,TAP_P03036,-56.82941925952413,-5.449928319951611,forest,0.817707534425667,-0.6956783533096313,1838.6847913386882,42.42640687119285,False
TAP,TAP_P03037,-57.21519142749171,-7.201543859512348,forest,0.8331732720883142,-0.7423190474510193,518.9236600281241,300.0,False
TAP,TAP_P03038,-56.9211679933737,-7.137668009170435,forest,0.8118075030709467,-0.7152634263038635,49.92451510951148,30.0,False
TAP,TAP_P03039,-57.11458595650158,-5.61629468720793,water,-0.08779263463996759,0.0746976658701896,439.3920696679941,30.0,True
TAP,TAP_P03045,-57.38883952007921,-5.684695649061042,forest,0.834425572779563,-0.7202314734458923,778.7216038360784,210.0,False
TAP,TAP_P03046,-57.17408453279484,-7.354710240145152,forest,0.8028566219527132,-0.6926063299179077,2430.777471602475,30.0,False
TAP,TAP_P03047,-57.53723764612379,-5.221962086572511,forest,0.8356510824007455,-0.715168833732605,329.8607238651681,30.0,False
TAP,TAP_P03048,-56.86041404689208,-7.212834238102136,bare/non-forest,0.4180418137384437,-0.2680464088916778,54.128881065708455,42.42640687119285,True
TAP,TAP_P03049,-57.588126377812685,-5.217464183227029,forest,0.7635648780101214,-0.664409339427948,142.46844188902702,30.0,False
TAP,TAP_P03050,-56.73732512342105,-7.701047138188777,forest,0.822444039375168,-0.7109886407852173,513.7780987804362,60.0,False
TAP,TAP_P03051,-56.4380629496659,-6.953783672560985,forest,0.8354964803928889,-0.7175172567367554,368.27769986479944,90.0,False
TAP,TAP_P03052,-56.56158891209547,-7.057394791068684,forest,0.8565424483768195,-0.7462915778160095,84.96752995671454,258.0697580112788,False
TAP,TAP_P03053,-56.05829074778567,-6.340883312124893,bare/non-forest,0.3406475107180943,-0.3442972898483276,349.45344360715586,30.0,True
TAP,TAP_P03054,-57.9836733678936,-5.950939691184989,forest,0.7993235721350062,-0.6631524562835693,53.062095426752045,218.40329667841553,False
TAP,TAP_P03055,-56.91922421279003,-6.884759641946409,forest,0.8093332542990876,-0.6957160234451294,1012.8044767743654,30.0,False
TAP,TAP_P03056,-57.34817644394703,-7.155359501906418,forest,0.8774844293695131,-0.7606168985366821,6532.483013953644,189.73665961010278,False
TAP,TAP_P03059,-56.75607680931013,-7.305018732869018,forest,0.8402463320297633,-0.7179128527641296,77.14101955760955,94.86832980505139,False
TAP,TAP_P03060,-57.00156556527329,-7.100100479435625,forest,0.7023293599055108,-0.6607378125190735,1846.9119318392366,30.0,False
TAP,TAP_P03061,-56.53542946826408,-7.048399133646215,forest,0.6021868454422642,-0.5828922390937805,3842.1278497334474,42.42640687119285,False
TAP,TAP_P03063,-56.81222708672853,-7.100734795983598,forest,0.8288245412172912,-0.7060627937316895,397.75589165722465,256.3201123595259,False
TAP,TAP_P03065,-57.44798125930947,-6.156963053396461,forest,0.8125748529575562,-0.717574417591095,1929.2377405479056,150.0,False
TAP,TAP_P03067,-56.34471888642226,-7.393249230136151,forest,0.85674931344339,-0.7576932311058044,168.34084003050964,123.69316876852982,False
TAP,TAP_P03068,-57.36395530866181,-6.149333600178892,forest,0.8181818357120798,-0.7263666391372681,50.12159036514808,218.40329667841553,False
TAP,TAP_P03069,-57.51927812507604,-5.1758633220895724,bare/non-forest,0.1333800498612845,-0.1502920687198639,1623.9711795345822,30.0,True
TAP,TAP_P03072,-57.39517072310926,-6.979242295020497,forest,0.8295836893916861,-0.7265279293060303,42.67442825912059,127.27922061357854,False
TAP,TAP_P03074,-55.30262842933831,-6.0187863906224415,forest,0.7698036560254278,-0.7076326012611389,626.1641849371455,94.86832980505139,False
TAP,TAP_P03075,-57.3834128650573,-5.831100742335596,forest,0.7874411734436634,-0.6732820272445679,412.7668648555116,42.42640687119285,False
TAP,TAP_P03077,-57.06600337226399,-5.737485973278594,bare/non-forest,0.23531238000934876,-0.2764771580696106,2348.048398524063,42.42640687119285,True
TAP,TAP_P03078,-57.409494309249126,-5.100104177676082,forest,0.8425032452526029,-0.739340603351593,213.82134508079272,134.1640786499874,False
TAP,TAP_P03080,-56.29662087432271,-7.330667575498798,forest,0.6166214438160812,-0.5862208604812622,145.08259338757625,150.0,False
TAP,TAP_P03082,-56.90689094097746,-5.551265870048979,forest,0.785448897901657,-0.6826043128967285,127.15661609610181,134.1640786499874,False
TAP,TAP_P03084,-56.693665265579526,-7.784012635510349,forest,0.8656229649531916,-0.7707948088645935,1080.1496008580875,84.8528137423857,False
TAP,TAP_P03086,-56.96969838269396,-7.135222827068005,forest,0.8102996864055227,-0.7059202194213867,367.1632265760449,30.0,False
TAP,TAP_P03087,-56.91169111167489,-7.133071692607718,forest,0.8129549729060632,-0.6981464624404907,106.1449646749897,391.15214431215895,False
TAP,TAP_P03088,-56.18503536640467,-6.345505304012533,forest,0.8207992471009783,-0.681474506855011,125.8313783589948,42.42640687119285,False
TAP,TAP_P03089,-56.88365606283182,-5.531251374413181,forest,0.8519382114944166,-0.7322834730148315,47.525764006823266,169.7056274847714,False
TAP,TAP_P03091,-57.29586787150998,-7.163181118810615,forest,0.8424929174763174,-0.7251989245414734,6532.483013953644,134.1640786499874,False
TAP,TAP_P03092,-57.35291407749564,-6.525106234643376,forest,0.8543127045634751,-0.7325024008750916,457.11069535713904,268.3281572999748,False
TAP,TAP_P03093,-57.33317241771883,-7.123744246433572,forest,0.8590078330051024,-0.7570412755012512,6532.483013953644,108.16653826391968,False
TAP,TAP_P03094,-56.87742445443494,-7.130150031280596,forest,0.8056512680467345,-0.6972612738609314,40.24529505084242,108.16653826391968,False
TAP,TAP_P03096,-55.99385647062099,-6.193766398935662,bare/non-forest,0.032733259796957105,-0.2161904871463775,1362.2993807535643,30.0,True
TAP,TAP_P03097,-57.08162591792735,-7.305824402512563,forest,0.8482619317281892,-0.7430306673049927,332.3305088260645,300.0,False
TAP,TAP_P03098,-56.63447532066469,-7.826970809010295,forest,0.8726473509126061,-0.7461307644844055,1080.1496008580875,42.42640687119285,False
TAP,TAP_P03099,-56.45246704676753,-6.879631907917656,forest,0.8298081583507566,-0.721316933631897,636.8885494985101,108.16653826391968,False
TAP,TAP_P03100,-57.36329353378407,-6.13061802459483,bare/non-forest,0.4744118161237499,-0.4735689461231231,1393.6647522987732,256.3201123595259,True
TAP,TAP_P03101,-56.58746595538663,-7.245394621875967,forest,0.7751655475727013,-0.6909710168838501,269.23037233090275,94.86832980505139,False
TAP,TAP_P03102,-57.31164591128368,-7.178645177770668,forest,0.8152189157469241,-0.7153250575065613,6532.483013953644,637.808748764079,False
TAP,TAP_P03104,-56.85671443834623,-7.1013422041692005,forest,0.8587234023125696,-0.7345220446586609,276.9443718534813,268.3281572999748,False
TAP,TAP_P03105,-56.47918293441512,-7.009077397477358,forest,0.8553064250133351,-0.7280099987983704,3842.1278497334474,123.69316876852982,False
TAP,TAP_P03106,-56.43459830120173,-5.734610888928921,forest,0.7562311678210514,-0.6386083364486694,128.7145802340212,30.0,False
TAP,TAP_P03107,-57.52820641152794,-5.1106651632823175,forest,0.7604355790500501,-0.6606168746948242,1039.9103040419293,84.8528137423857,False
TAP,TAP_P03108,-56.83960721207385,-5.76662755435163,forest,0.8378467002352444,-0.7071611285209656,1231.4065370376056,94.86832980505139,False
TAP,TAP_P03109,-57.42149045581822,-5.653813071718623,forest,0.7617459933113935,-0.6703967452049255,778.7216038360784,216.33307652783935,False
TAP,TAP_P03111,-56.76019721190185,-7.456593616005004,forest,0.8099475544453605,-0.684503436088562,9991.219089903321,30.0,False
TAP,TAP_P03112,-57.43821387922587,-6.288736119544451,forest,0.7359850056392062,-0.6655718684196472,599.5998986372902,60.0,False
TAP,TAP_P03113,-56.66336937827971,-7.107697577668285,forest,0.8158526992247287,-0.7012632489204407,698.8827912718284,161.55494421403512,False
TAP,TAP_P03114,-57.34237278325589,-6.197506244841083,forest,0.8544131034581803,-0.7562374472618103,1393.6647522987732,323.10988842807024,False
TAP,TAP_P03115,-57.57954861524973,-5.567294548189729,forest,0.7719751770081099,-0.6211401224136353,642.4492099869384,30.0,False
TAP,TAP_P03116,-56.72633995136262,-6.684334167594804,forest,0.7623465996630319,-0.6551353931427002,141.74391559424433,67.0820393249937,False
TAP,TAP_P03118,-57.001374070443525,-6.994208287890443,forest,0.823342855704964,-0.7286528944969177,59.081804076305275,94.86832980505139,False
TAP,TAP_P03120,-56.82923693599838,-7.115020888787797,forest,0.7908679115147638,-0.68438321352005,488.2524627143045,270.0,False
TAP,TAP_P03121,-56.498513547134095,-7.608725825466529,forest,0.7923875296932714,-0.6996634602546692,17.578768470549925,94.86832980505139,False
TAP,TAP_P03122,-56.75501036803425,-7.540251327928074,forest,0.8120516582291119,-0.7020484209060669,9991.219089903321,134.1640786499874,False
TAP,TAP_P03124,-56.3095895786963,-6.531855396341845,forest,0.8544140401094333,-0.7558886408805847,750.1200483870076,90.0,False
TAP,TAP_P03125,-57.160612111917445,-5.510449621910496,forest,0.800625336274776,-0.7003055214881897,1380.3456256924787,150.0,False
TAP,TAP_P03127,-57.41101763755192,-6.055483404663506,forest,0.8210510340776442,-0.7173050045967102,1358.8105955343228,127.27922061357854,False
TAP,TAP_P03130,-56.44855233460867,-6.974872344377253,forest,0.8248966958349584,-0.720815122127533,368.27769986479944,67.0820393249937,False
TAP,TAP_P03131,-56.99595047158291,-6.903193121292472,forest,0.6493939036284081,-0.6070556044578552,254.83929210721502,94.86832980505139,False
TAP,TAP_P03132,-57.50060811919289,-4.996359624921214,forest,0.7061639830142378,-0.6551724076271057,487.96842086343224,30.0,False
TAP,TAP_P03133,-56.65121276151989,-7.544126855050176,forest,0.8268330771082353,-0.7171470522880554,181.34304075640574,108.16653826391968,False
TAP,TAP_P03134,-56.68736483709733,-6.636061611411179,forest,0.7842003757939264,-0.6542474031448364,667.9026897321195,247.38633753705963,False
TAP,TAP_P03135,-56.32627074221492,-7.297875580940653,forest,0.8165224468839796,-0.7149848341941833,1063.6012068494724,120.0,False
TAP,TAP_P03136,-57.45185832460424,-5.288540741821572,forest,0.7737290720494876,-0.6461538672447205,341.60869704367684,182.48287590894657,False
TAP,TAP_P03137,-56.92599805197634,-5.597827546206414,forest,0.8527042599011179,-0.7406108975410461,251.61329848548993,152.97058540778355,False
TAP,TAP_P03140,-56.99934127765496,-7.112200545108308,forest,0.6919407050595031,-0.5991323590278625,1846.9119318392366,60.0,False
TAP,TAP_P03141,-57.342340287683776,-6.194801720716053,forest,0.8391866899441077,-0.7426737546920776,1393.6647522987732,276.5863337187866,False
TAP,TAP_P03143,-56.85278843439742,-5.771749593815774,forest,0.850059880359205,-0.7192065119743347,1231.4065370376056,30.0,False
TAP,TAP_P03144,-55.85920322499657,-7.045570196382943,forest,0.8038232567329164,-0.7150775790214539,82.712830434076,182.48287590894657,False
TAP,TAP_P03145,-56.71410922949308,-7.640681957382755,forest,0.8377745301634513,-0.7196035385131836,9991.219089903321,94.86832980505139,False
TAP,TAP_P03146,-56.7178790707093,-5.610715530781203,forest,0.8026666593248885,-0.6710153222084045,217.82598760386765,94.86832980505139,False
TAP,TAP_P03147,-56.535642497808034,-7.0692361826349845,forest,0.8495211982531802,-0.7244898080825806,97.77592237608754,67.0820393249937,False
TAP,TAP_P03149,-56.54528476099414,-6.553740215734876,forest,0.7896551680506408,-0.6842105388641357,273.25746080967576,30.0,False
TAP,TAP_P03150,-57.344069844310624,-6.1860228287562204,forest,0.840707967519219,-0.7405858039855957,1393.6647522987732,134.1640786499874,False
TAP,TAP_P03153,-57.40238643148971,-6.0650110170534095,forest,0.787637713478905,-0.6903461217880249,1358.8105955343228,60.0,False
TAP,TAP_P03155,-56.66253657346538,-7.6259147604956175,forest,0.8235995201857101,-0.7297908663749695,9991.219089903321,120.0,False
TAP,TAP_P03156,-56.14720122330479,-6.74391157457018,forest,0.6860312565691407,-0.6402679085731506,102.47573956824237,42.42640687119285,False
TAP,TAP_P03158,-56.99775359869354,-7.403835709294261,forest,0.864776456295695,-0.745597243309021,658.7873756486051,90.0,False
TAP,TAP_P03159,-56.66298700080122,-7.846643526723899,water,-0.19577833975819878,0.2580387592315674,891.9454453893104,30.0,True
TAP,TAP_P03160,-56.33942037885643,-7.313489606525566,forest,0.8402809573198899,-0.726475715637207,1063.6012068494724,468.61498055439927,False
TAP,TAP_P03161,-57.61196033349644,-6.882443067081905,bare/non-forest,0.3017562473752962,-0.3315290808677673,325.31826304198074,42.42640687119285,True
TAP,TAP_P03162,-57.060123226059765,-5.7427607245549215,forest,0.8583306731916635,-0.7444807291030884,2348.048398524063,152.97058540778355,False
TAP,TAP_P03163,-56.69074616038862,-7.764853036085578,forest,0.6956092628765939,-0.6184486746788025,31.81624767593436,120.0,False
TAP,TAP_P03165,-57.28449054353727,-5.797812358301662,forest,0.7933785396135766,-0.7119113206863403,165.60583833055355,42.42640687119285,False
TAP,TAP_P03167,-57.02981654082231,-5.787040833118846,forest,0.8430249241390958,-0.7257601618766785,2348.048398524063,210.0,False
TAP,TAP_P03168,-56.69974647748237,-7.279348016660094,forest,0.8220767643456048,-0.7088931798934937,273.5239136290943,84.8528137423857,False
TAP,TAP_P03170,-56.52994868539734,-6.152027787867046,forest,0.8374087022156019,-0.7128196954727173,65.20532743331312,67.0820393249937,False
TAP,TAP_P03172,-57.94302612177431,-6.000271298849229,forest,0.8148499202970326,-0.7189358472824097,49.98792621915738,3937.321424522006,False
TAP,TAP_P03175,-56.496263208680354,-6.316745969103132,forest,0.8329809720302052,-0.7249508500099182,193.67031197625485,108.16653826391968,False
TAP,TAP_P03177,-56.76810798063509,-7.350665325411927,bare/non-forest,0.3709023820854426,-0.3380675315856933,253.05738514706044,30.0,True
TAP,TAP_P03178,-56.51103161414775,-5.7622270957595605,forest,0.7649523717724549,-0.6970410943031311,134.8735677709131,134.1640786499874,False
TAP,TAP_P03182,-56.701648455422486,-5.656866135467989,forest,0.8154538680782193,-0.7205078601837158,1909.7384285300964,60.0,False
TAP,TAP_P03183,-56.28911480998232,-7.26126877958091,forest,0.7881884959961039,-0.7092844843864441,1063.6012068494724,108.16653826391968,False
TAP,TAP_P03184,-56.18529926108276,-6.801134753048351,forest,0.8600000083198149,-0.7576974630355835,110.64781311286376,94.86832980505139,False
TAP,TAP_P03185,-56.30426802971471,-7.262123339813889,forest,0.8088418342743416,-0.7013733983039856,1063.6012068494724,108.16653826391968,False
TAP,TAP_P03186,-55.99195725893578,-6.184212465173423,forest,0.8613636397550745,-0.762842059135437,1362.2993807535643,216.33307652783935,False
TAP,TAP_P03187,-56.929112649522,-7.042189788841979,forest,0.8143726365747582,-0.6905438899993896,1512.8545122012727,30.0,False
TAP,TAP_P03188,-56.82025259846723,-5.427758587021166,forest,0.8126272866838922,-0.7235047221183777,1838.6847913386882,150.0,False
TAP,TAP_P03189,-57.14943357073961,-5.168894195392534,forest,0.8472584856634956,-0.7242920994758606,59.708404973538535,108.16653826391968,False
TAP,TAP_P03190,-56.717975051209805,-7.069972124615901,forest,0.7917855116807403,-0.7087500095367432,698.8827912718284,161.55494421403512,False
TAP,TAP_P03191,-56.98543318476493,-7.024540455208111,forest,0.8767484618833197,-0.7755246162414551,1512.8545122012727,84.8528137423857,False
TAP,TAP_P03192,-56.64979045606052,-7.241522638263307,forest,0.8315952122955707,-0.7213740348815918,81.49893789168846,60.0,False
TAP,TAP_P03193,-57.465987432816135,-6.4470404984314325,forest,0.8211879924585572,-0.7415000200271606,87.48206412370241,127.27922061357854,False
TAP,TAP_P03194,-56.93195622170758,-7.0731604350593695,forest,0.8037003086548402,-0.6932337880134583,1512.8545122012727,152.97058540778355,False
TAP,TAP_P03195,-56.730479197521234,-7.064402241420943,forest,0.8320265856518754,-0.7221759557723999,465.020978499373,60.0,False
TAP,TAP_P03196,-57.57295621402009,-6.8821338887879175,forest,0.8056426140594387,-0.7180472016334534,940.4013963372355,60.0,False
TAP,TAP_P03197,-56.98161592829869,-7.061001533469701,forest,0.8458566598059623,-0.7441104650497437,1846.9119318392366,254.5584412271571,False
TAP,TAP_P03199,-56.2979667060937,-6.656027873716043,forest,0.8489984630595079,-0.7003257274627686,144.32798664608796,189.73665961010278,False
TAP,TAP_P03201,-57.29178909883756,-5.800109190846061,forest,0.5348125501455839,-0.5216211080551147,165.60583833055355,161.55494421403512,False
TAP,TAP_P03202,-56.18575633740681,-6.726293738477506,forest,0.7682099815696459,-0.6839220523834229,1896.608348381681,189.73665961010278,False
TAP,TAP_P03203,-57.52331578504794,-4.902412059201101,forest,0.5887829007218597,-0.5750988721847534,462.9757845096954,30.0,False
TAP,TAP_P03204,-57.63704937793385,-5.180694781592816,forest,0.8335246946320625,-0.7270655035972595,22.43225576811605,60.0,False
TAP,TAP_P03205,-57.014816588524766,-7.3815802554455665,forest,0.8489510535013682,-0.7420574426651001,173.40014276426032,127.27922061357854,False
TAP,TAP_P03206,-56.41587332127437,-7.2905848618966145,forest,0.8333003723966134,-0.7260438203811646,38.501059299474086,189.73665961010278,False
TAP,TAP_P03207,-57.48640028967556,-6.537765934355732,forest,0.8240668272129619,-0.7002072334289551,743.2630366878914,134.1640786499874,False
TAP,TAP_P03208,-56.6713821952682,-7.615259170501504,forest,0.8382797116398875,-0.7286098003387451,9991.219089903321,150.0,False
TAP,TAP_P03209,-56.636504413787726,-5.66478269208606,forest,0.8304767020800711,-0.6990951895713806,45.6237813367547,60.0,False
TAP,TAP_P03212,-57.28416858217198,-7.115890089575938,forest,0.8371397369045456,-0.7468463778495789,6532.483013953644,268.3281572999748,False
TAP,TAP_P03213,-57.34970833308472,-7.158006045381703,bare/non-forest,0.391637043701556,-0.3976123332977295,6532.483013953644,30.0,True
TAP,TAP_P03215,-57.3814515225966,-7.15398600435463,forest,0.8266107778135131,-0.7410708069801331,6532.483013953644,60.0,False
TAP,TAP_P03217,-56.65734679020492,-7.610478426125495,forest,0.84138785715868,-0.7213930487632751,9991.219089903321,60.0,False
TAP,TAP_P03218,-56.41425271693534,-6.8190831289560165,forest,0.8461984851062986,-0.7336793541908264,375.51327781678646,296.98484809834997,False
TAP,TAP_P03219,-57.33721165475061,-6.06160194692229,forest,0.8232558071669301,-0.7062698006629944,1622.7644649724284,42.42640687119285,False
TAP,TAP_P03220,-57.4972050207879,-6.192276495202687,bare/non-forest,0.22351693594253083,-0.2438395470380783,557.4016130141331,30.0,True
TAP,TAP_P03221,-56.312404477624725,-6.70331068640461,forest,0.8049327366901464,-0.7092218399047852,65.15683066072162,123.69316876852982,False
TAP,TAP_P03222,-56.34457427401075,-7.391009582701731,forest,0.534171429163096,-0.5475271344184875,168.34084003050964,218.40329667841553,False
TAP,TAP_P03225,-56.85331433885616,-5.470773342899958,forest,0.6777985662838008,-0.6074782609939575,1838.6847913386882,30.0,False
TAP,TAP_P03226,-56.42111994856256,-7.32516825462858,forest,0.8613107458543003,-0.7599553465843201,61.83144306298548,60.0,False
TAP,TAP_P03227,-57.31334932919466,-7.081656545353661,forest,0.7191370960806829,-0.6488216519355774,6532.483013953644,42.42640687119285,False
TAP,TAP_P03228,-56.34472782464258,-6.1567167087992285,forest,0.7575519900674911,-0.6544085144996643,129.22717266310354,42.42640687119285,False
TAP,TAP_P03229,-56.940765200708434,-7.149264979926206,forest,0.8091822176933197,-0.7156049609184265,209.40131070823682,30.0,False
TAP,TAP_P03230,-56.54300062542952,-7.314869128401887,forest,0.8016194291183739,-0.6855429410934448,1400.357443306783,150.0,False
TAP,TAP_P03231,-56.95750510896812,-7.035231715049887,forest,0.828197504273109,-0.7050373554229736,1512.8545122012727,60.0,False
TAP,TAP_P03232,-56.51184302484223,-7.316361497289456,forest,0.7896064494886962,-0.6702214479446411,1400.357443306783,361.2478373637689,False
TAP,TAP_P03233,-56.29090767319901,-6.490504578245586,forest,0.7540787981007071,-0.6220588088035583,79.64964299802773,60.0,False
TAP,TAP_P03234,-56.923316634663365,-5.398085077556498,forest,0.8462513740293227,-0.7286142706871033,1838.6847913386882,134.1640786499874,False
TAP,TAP_P03235,-56.64721746845457,-7.209275943767929,forest,0.8371670637340574,-0.7422459721565247,182.73024591917934,161.55494421403512,False
TAP,TAP_P03236,-56.58724891620832,-5.738589467202038,forest,0.8400000079785745,-0.7264957427978516,232.21009128281688,84.8528137423857,False
TAP,TAP_P03237,-56.85036376590767,-5.698207096773444,forest,0.8318152199236533,-0.7298162579536438,1287.902270433891,218.40329667841553,False
TAP,TAP_P03238,-56.791616867172586,-5.411550950873865,forest,0.7904986721357609,-0.6996123790740967,19.4752103604534,90.0,False
TAP,TAP_P03240,-57.11249234913414,-7.450144308092184,forest,0.8330034191086184,-0.7119077444076538,27.417919492822733,84.8528137423857,False
TAP,TAP_P03241,-56.93958056849982,-7.371013470566264,forest,0.8050707156817474,-0.7124305963516235,222.8822387242908,134.1640786499874,False
TAP,TAP_P03242,-56.55264902689035,-6.912066361774398,bare/non-forest,0.44458435917616673,-0.4172062873840332,31.49964799135199,120.0,True
TAP,TAP_P03245,-56.43943991612949,-6.95889924906114,forest,0.8570163261695957,-0.7272078990936279,368.27769986479944,152.97058540778355,False
TAP,TAP_P03247,-57.69719760110665,-5.511968293510755,forest,0.7752902147050644,-0.6805011630058289,23.649481180570373,241.86773244895647,False
TAP,TAP_P03249,-57.42288057769998,-6.149890912478215,forest,0.8266952076926336,-0.7192280888557434,1929.2377405479056,180.0,False
TAP,TAP_P03250,-56.65526655150202,-7.622652009057879,forest,0.7718315726178853,-0.6910328269004822,9991.219089903321,134.1640786499874,False
TAP,TAP_P03251,-57.00155136513679,-7.339359079953994,forest,0.7900399426046439,-0.704807698726654,47.4290687497848,84.8528137423857,False
TAP,TAP_P03252,-57.33504893541258,-7.189046963349655,forest,0.8376313292338775,-0.730114758014679,6532.483013953644,60.0,False
TAP,TAP_P03253,-57.52289950460816,-6.908521221984527,forest,0.8070993159170338,-0.7335712313652039,47.84267962130468,276.5863337187866,False
TAP,TAP_P03254,-56.731427510403584,-6.680659394510647,forest,0.8183002240624851,-0.7062605023384094,141.74391559424433,42.42640687119285,False
TAP,TAP_P03256,-56.62242839476037,-7.825387174227766,bare/non-forest,-0.008299702952048429,-0.0170645024627447,1080.1496008580875,60.0,True
TAP,TAP_P03258,-56.881187802748265,-5.531731115823087,forest,0.832507440658184,-0.7111541032791138,47.525764006823266,84.8528137423857,False
TAP,TAP_P03259,-56.42559514275128,-6.169095329609479,forest,0.8078758733178043,-0.7234644889831543,243.93491379693657,150.0,False
TAP,TAP_P03260,-57.25638273009688,-7.164126413612161,forest,0.8600249967572482,-0.7603974342346191,6532.483013953644,351.14099732158877,False
TAP,TAP_P03261,-57.33730608813815,-6.158088992478263,forest,0.8410236545201627,-0.7424238324165344,1393.6647522987732,123.69316876852982,False
TAP,TAP_P03262,-56.46050481795466,-6.995609524981641,forest,0.8153442353927822,-0.7136445045471191,3842.1278497334474,127.27922061357854,False
TAP,TAP_P03263,-56.66317998105191,-7.621550261551841,forest,0.8322538848500852,-0.7416393160820007,9991.219089903321,67.0820393249937,False
TAP,TAP_P03264,-55.29437912952413,-6.061205114167057,forest,0.8042576721438188,-0.6847519278526306,628.4854439844795,150.0,False
TAP,TAP_P03265,-56.87010185050377,-7.076379215232556,forest,0.7361945622594852,-0.6454235315322876,2030.3979470351633,216.33307652783935,False
TAP,TAP_P03266,-56.968594826029104,-7.14864654761612,forest,0.8357305028965978,-0.7124961614608765,94.72791138232658,271.66155414412253,False
TAP,TAP_P03267,-57.43139853755117,-6.244165267382924,forest,0.8388998161897453,-0.7455621361732483,103.80123038061815,331.36083051561786,False
TAP,TAP_P03269,-57.542985827545166,-5.212101824419467,forest,0.6344685825735051,-0.4741997718811035,329.8607238651681,30.0,False
TAP,TAP_P03270,-57.37425623815022,-5.179041552019986,forest,0.8353225599371012,-0.701834499835968,261.1304123466046,108.16653826391968,False
TAP,TAP_P03272,-57.500992111376256,-5.217529808593189,water,-0.27562062543665744,0.3785517811775207,391.39086728265846,30.0,True
TAP,TAP_P03273,-56.90766566260624,-7.008635963679281,forest,0.8477472755666998,-0.7371145486831665,936.0845757344995,67.0820393249937,False
TAP,TAP_P03276,-56.51811871328873,-6.306848524720094,forest,0.8380706382534265,-0.7237321734428406,36.73324935778612,90.0,False
TAP,TAP_P03277,-56.5299528648885,-7.054502497230312,forest,0.8399584269592023,-0.7124004364013672,3842.1278497334474,324.4996147917591,False
TAP,TAP_P03278,-57.57860925421131,-5.558594395103775,forest,0.7790103745876814,-0.6769487857818604,642.4492099869384,123.69316876852982,False
TAP,TAP_P03280,-56.6576845440648,-7.675348804492835,forest,0.8604115611228115,-0.752345085144043,94.43435776450397,241.86773244895647,False
TAP,TAP_P03281,-57.29111451130378,-5.821744719811286,forest,0.5840302807043187,-0.5463144779205322,36.54843819941288,30.0,False
TAP,TAP_P03282,-56.14858020792708,-6.744573780561882,forest,0.7754500857926429,-0.6617885828018188,102.47573956824237,94.86832980505139,False
TAP,TAP_P03284,-56.73346725415268,-7.063380002834136,forest,0.8251567800740349,-0.719955563545227,465.020978499373,94.86832980505139,False
TAP,TAP_P03285,-57.16162501262825,-7.369223706968004,water,-0.04355716129911632,0.0355932340025901,2430.777471602475,30.0,True
TAP,TAP_P03286,-57.00050116276094,-6.991861282515824,forest,0.8428184307186313,-0.7379465103149414,59.081804076305275,201.24611797498108,False
TAP,TAP_P03287,-56.99405104695357,-5.813103858329067,forest,0.8462643614523929,-0.7300576567649841,706.1187034970374,108.16653826391968,False
TAP,TAP_P03288,-56.385912107345526,-6.866587406385468,forest,0.8431511730933205,-0.7285751700401306,97.59608363624538,247.38633753705963,False
TAP,TAP_P03289,-56.6650349301686,-7.616938044680096,forest,0.8023255713215512,-0.7175043225288391,9991.219089903321,127.27922061357854,False
TAP,TAP_P03290,-56.63250969043099,-7.827774778312296,bare/non-forest,0.41500187991652726,-0.2148433178663253,1080.1496008580875,30.0,True
TAP,TAP_P03291,-57.2782873242737,-7.127279978943737,forest,0.8233869851186936,-0.7261532545089722,6532.483013953644,108.16653826391968,False
TAP,TAP_P03292,-56.86540735971106,-5.771539706141125,forest,0.7298037475110508,-0.654275119304657,1231.4065370376056,90.0,False
TAP,TAP_P03293,-56.9591460414176,-7.154264227171207,forest,0.7825966589393272,-0.6995356678962708,94.72791138232658,201.24611797498108,False
TAP,TAP_P03294,-57.24292458143503,-7.165677359856319,forest,0.8445677976533735,-0.7487983107566833,6532.483013953644,212.13203435596427,False
TAP,TAP_P03295,-57.28646713102069,-7.1220560097055055,forest,0.8254156689398555,-0.7114317417144775,6532.483013953644,108.16653826391968,False
TAP,TAP_P03297,-57.38054334130298,-5.99807245805905,forest,0.8077285554270947,-0.6947250366210938,85.9451181122986,201.24611797498108,False
TAP,TAP_P03298,-56.63348328254287,-7.590773094459863,forest,0.8227893025662244,-0.7370206713676453,112.63623718657183,150.0,False
TAP,TAP_P03299,-56.69709332522986,-5.934056760533853,forest,0.7518506640878274,-0.6511601805686951,176.41562138176496,30.0,False
TAP,TAP_P03300,-56.87793431742233,-5.569008822021983,forest,0.8152249268623396,-0.6974522471427917,459.7917665954982,123.69316876852982,False
TAP,TAP_P03301,-56.72724784757885,-7.5835408468157475,forest,0.8146449472014492,-0.7190728783607483,363.4057189825536,212.13203435596427,False
TAP,TAP_P03302,-56.91393994116872,-6.9609073353632525,forest,0.8405577169552693,-0.7366743087768555,74.16752264875608,241.86773244895647,False
TAP,TAP_P03308,-56.46160801842111,-6.323063511141785,forest,0.7696743590959304,-0.6683352589607239,259.87457756193277,30.0,False
TAP,TAP_P03309,-57.31196731880509,-7.175314883429703,forest,0.8470219510563901,-0.7352425456047058,6532.483013953644,424.26406871192853,False
TAP,TAP_P03310,-56.29300264589477,-6.380718260896619,forest,0.7950671257550338,-0.702157735824585,375.57068314725194,60.0,False
TAP,TAP_P03311,-56.31219145806133,-6.530223235341618,forest,0.8256763543900578,-0.7123491764068604,750.1200483870076,134.1640786499874,False
TAP,TAP_P03312,-57.57707859288597,-5.212177749682413,forest,0.836767898502404,-0.7393075227737427,142.46844188902702,331.36083051561786,False
TAP,TAP_P03313,-56.03614267914346,-6.372927035161047,forest,0.8459398391545141,-0.7170778512954712,130.48970241353655,42.42640687119285,False
TAP,TAP_P03314,-57.15160697593669,-7.366360396707869,forest,0.8377708904628635,-0.7311310172080994,2430.777471602475,67.0820393249937,False
TAP,TAP_P03315,-56.43003100980187,-5.694513294778183,forest,0.8706964524896534,-0.7462874054908752,95.77313449760288,94.86832980505139,False
TAP,TAP_P03316,-57.331660400631655,-7.150399594763467,forest,0.7821453975574078,-0.674787163734436,6532.483013953644,30.0,False
TAP,TAP_P03317,-56.75569293745557,-5.575311114900878,forest,0.8576172158229869,-0.7446220517158508,437.15861629011465,127.27922061357854,False
TAP,TAP_P03318,-56.89770986509127,-5.791446974158173,forest,0.785445404916806,-0.6940024495124817,1231.4065370376056,169.7056274847714,False
TAP,TAP_P03321,-57.27850955693757,-6.0911919101515375,forest,0.8617096896431544,-0.7484130263328552,128.6884565108055,120.0,False
TAP,TAP_P03322,-56.540435145742485,-7.3252086449810365,forest,0.8537953464069241,-0.7443212866783142,1400.357443306783,108.16653826391968,False
TAP,TAP_P03323,-57.13631448843403,-5.206720643042528,forest,0.8440567086678588,-0.730837345123291,291.03607280138067,42.42640687119285,False
TAP,TAP_P03325,-56.25501168837867,-6.691230956034273,water,-0.2945044564027805,0.2135728746652603,1138.2805734249494,30.0,True
TAP,TAP_P03326,-57.06294972414978,-7.255082349545543,forest,0.8583813107784521,-0.7554230690002441,2175.487275045593,216.33307652783935,False
TAP,TAP_P03327,-57.152597170329926,-7.396353416902593,forest,0.8626771699589184,-0.745431661605835,2430.777471602475,295.4657340538831,False
TAP,TAP_P03328,-55.91121018704,-6.197951334010817,forest,0.8199566130940347,-0.7336814403533936,1142.5444204523114,60.0,False
TAP,TAP_P03329,-57.01225925359012,-7.480459302766053,forest,0.7675024409688277,-0.6898047924041748,576.2646626360867,30.0,False
TAP,TAP_P03330,-56.83723148374741,-5.461698671180409,forest,0.8451962135081101,-0.7116658091545105,1838.6847913386882,60.0,False
TAP,TAP_P03331,-56.02403812489062,-6.435964511337002,forest,0.8132093741425089,-0.6924458742141724,52.09307256387771,127.27922061357854,False
TAP,TAP_P03334,-57.19371704341864,-7.37642954272219,forest,0.8406292835581569,-0.7174991965293884,2430.777471602475,94.86832980505139,False
TAP,TAP_P03336,-56.61740339865077,-7.319689526453188,forest,0.8293163556317457,-0.7158608436584473,1400.357443306783,84.8528137423857,False
TAP,TAP_P03337,-57.018006067912125,-5.7954162210337135,forest,0.8520154592765791,-0.7467249035835266,45.5723806843057,67.0820393249937,False
TAP,TAP_P03338,-56.70131687624832,-7.622281219724033,forest,0.8173333297570546,-0.7266589999198914,9991.219089903321,67.0820393249937,False
TAP,TAP_P03339,-56.71421247379346,-5.299669577530498,bare/non-forest,0.21754384329102014,-0.2236878871917724,422.2038321084615,42.42640687119285,True
TAP,TAP_P03340,-57.368888146704926,-5.720592138331946,forest,0.8070381246664857,-0.6934013366699219,237.69333758224067,67.0820393249937,False
TAP,TAP_P03341,-56.44566396912909,-6.814230552711748,forest,0.7985443908032769,-0.676171064376831,43.087098158548784,30.0,False
TAP,TAP_P03343,-57.53422121420648,-6.540693875963552,forest,0.8159784449925512,-0.7289456129074097,781.3254531708121,150.0,False
TAP,TAP_P03346,-56.97316813006111,-7.008055402283628,forest,0.8211586963486149,-0.7242839336395264,202.5154414928615,120.0,False
TAP,TAP_P03347,-56.30336088304929,-7.283865840001887,forest,0.8723841968498693,-0.7441759705543518,135.36210899162168,152.97058540778355,False
TAP,TAP_P03348,-55.406147349663385,-6.013632227119086,forest,0.8114753992882038,-0.7191489338874817,141.44835631988812,90.0,False
TAP,TAP_P03349,-57.41549048469747,-6.236192180311936,forest,0.8391779419641195,-0.7306662201881409,235.25645526288665,161.55494421403512,False
TAP,TAP_P03351,-57.43677571051404,-4.973655680506221,forest,0.7844262333563791,-0.6696478724479675,310.5627720115929,90.0,False
TAP,TAP_P03353,-56.20258730459288,-6.880140361862892,forest,0.8223471597401997,-0.6946919560432434,168.33808260223276,30.0,False
TAP,TAP_P03354,-56.451200027194254,-6.938131457086209,forest,0.7840130478744155,-0.7039576172828674,54.23753381895424,42.42640687119285,False
TAP,TAP_P03355,-56.5878138112742,-7.7111474264243265,forest,0.8282608612173514,-0.7151974439620972,462.1114501786626,212.13203435596427,False
TAP,TAP_P03357,-56.19858581934122,-6.064303205435786,forest,0.7913114097598467,-0.7077736854553223,70.24511250890339,108.16653826391968,False
TAP,TAP_P03358,-56.720726147784426,-7.642607498180257,bare/non-forest,0.4345991614239746,-0.328566700220108,9991.219089903321,182.48287590894657,True
TAP,TAP_P03359,-57.46678643964189,-5.691647888687058,forest,0.8105009185470701,-0.7043902277946472,279.80066301851934,90.0,False
TAP,TAP_P03360,-57.51209420300424,-5.035826379924199,forest,0.8156070261204447,-0.6985355019569397,487.96842086343224,108.16653826391968,False
TAP,TAP_P03361,-57.29160239769958,-7.18027079568127,forest,0.8449962310867151,-0.7320419549942017,6532.483013953644,134.1640786499874,False
TAP,TAP_P03362,-57.42360336968063,-6.938597053372798,forest,0.798188877569779,-0.7023255825042725,619.4454737123132,201.24611797498108,False
TAP,TAP_P03363,-57.02022982948397,-7.26597379212988,forest,0.8531324360676105,-0.7385421991348267,2175.487275045593,169.7056274847714,False
TAP,TAP_P03364,-57.06239436322606,-5.755274982179123,forest,0.8665760894749107,-0.7631005644798279,2348.048398524063,60.0,False
TAP,TAP_P03365,-56.38446076327566,-6.480372270680304,forest,0.6277239704733772,-0.5433347821235657,287.89069744971806,42.42640687119285,False
TAP,TAP_P03367,-56.88696919356283,-5.702597441114791,forest,0.8153266338052156,-0.7015020251274109,1287.902270433891,270.0,False
TAP,TAP_P03368,-57.1582963309729,-7.072549793622475,forest,0.8482142768049499,-0.7531969547271729,429.980921556009,161.55494421403512,False
TAP,TAP_P03369,-57.17996630781581,-7.303491024247514,forest,0.8288195929273984,-0.7214149236679077,19.858249603245937,60.0,False
TAP,TAP_P03370,-57.45848021316014,-6.2023466498592414,forest,0.8323917182727824,-0.7232444286346436,557.4016130141331,42.42640687119285,False
TAP,TAP_P03372,-57.34375684930925,-6.536634292103278,forest,0.7980619058451832,-0.700286328792572,457.11069535713904,161.55494421403512,False
TAP,TAP_P03373,-56.72089057244896,-6.782058717363766,forest,0.8338854582161389,-0.7375483512878418,154.8317465707801,60.0,False
TAP,TAP_P03376,-57.05792689516959,-5.791305241762883,forest,0.8101445193011836,-0.7152077555656433,2348.048398524063,67.0820393249937,False
TAP,TAP_P03378,-56.350676306497846,-7.293426536345999,forest,0.8478524281498517,-0.7330187559127808,94.13875516793101,30.0,False
TAP,TAP_P03380,-56.938147832609225,-5.328515442256639,forest,0.7650420180820714,-0.6828872561454773,218.28663350562212,60.0,False
TAP,TAP_P03381,-56.24104079708113,-6.792691460914852,forest,0.8528113766559343,-0.7375504374504089,70.16585494397006,30.0,False
TAP,TAP_P03383,-57.006774200997405,-6.68600474994255,forest,0.7252103039343996,-0.6068023443222046,514.869362048014,108.16653826391968,False
TAP,TAP_P03385,-56.684973271727365,-7.639540465787891,forest,0.8493822984623353,-0.7448314428329468,9991.219089903321,241.86773244895647,False
TAP,TAP_P03386,-56.92249897565917,-7.080371009769964,forest,0.8437992099935341,-0.7349985837936401,2030.3979470351633,276.5863337187866,False
TAP,TAP_P03387,-55.914055576653205,-6.200906952931084,forest,0.6979655527528595,-0.5929609537124634,1142.5444204523114,30.0,False
TAP,TAP_P03388,-55.95146456116156,-6.213671684192529,forest,0.8341672598272958,-0.7229101061820984,1362.2993807535643,234.30749027719963,False
TAP,TAP_P03389,-56.165048492210495,-5.8426811982092834,forest,0.802304420787834,-0.6446754336357117,47.95538121008097,60.0,False
TAP,TAP_P03390,-56.66970606031874,-5.798836796798502,forest,0.810245517529338,-0.7019251585006714,1909.7384285300964,127.27922061357854,False
TAP,TAP_P03391,-56.99856259928106,-6.906441567326801,forest,0.8465617225771512,-0.7360277771949768,254.83929210721502,161.55494421403512,False
TAP,TAP_P03392,-56.456349807411264,-5.726901376284551,forest,0.5982553907304959,-0.3780205845832824,931.0072091678815,174.92855684535903,False
TAP,TAP_P03393,-57.12179420842118,-7.424730979171652,forest,0.8387359558182892,-0.7392752766609192,2430.777471602475,30.0,False
TAP,TAP_P03396,-56.70238040493179,-5.671839196418823,forest,0.8599007132015137,-0.7458563446998596,1909.7384285300964,240.0,False
TAP,TAP_P03397,-56.72970133095303,-7.110024060239305,forest,0.834876553997945,-0.7120528817176819,402.8868986953326,90.0,False
TAP,TAP_P03399,-56.93002534220845,-7.002414613610548,forest,0.8359838484910991,-0.7284407019615173,936.0845757344995,210.0,False
TAP,TAP_P03400,-57.14764337933483,-7.289775635520661,forest,0.8619420741133311,-0.7359732985496521,1719.8896589965225,67.0820393249937,False
TAP,TAP_P03402,-56.92822848065049,-7.002270237000935,forest,0.7992516723997218,-0.6965518593788147,936.0845757344995,152.97058540778355,False
TAP,TAP_P03403,-57.040196796310894,-5.512232007529496,forest,0.8590584027894343,-0.7340055108070374,213.29565468978888,127.27922061357854,False
TAP,TAP_P03406,-56.75585196652386,-5.750197542053816,forest,0.7582327026149558,-0.6409260034561157,141.52454103467622,60.0,False
TAP,TAP_P03408,-57.08390680478343,-5.558156898973102,forest,0.8423142470198381,-0.700348436832428,80.8696183143744,108.16653826391968,False
TAP,TAP_P03409,-56.71506036714187,-7.6382038866647965,forest,0.7972226210006838,-0.7226729989051819,9991.219089903321,60.0,False
TAP,TAP_P03411,-55.99949736506464,-6.176266882079596,forest,0.835958001824916,-0.738095223903656,33.513249141935276,182.48287590894657,False
TAP,TAP_P03412,-57.55517116115748,-6.553647135601411,forest,0.8541614312458659,-0.7451106905937195,781.3254531708121,123.69316876852982,False
TAP,TAP_P03413,-56.71828964080971,-7.537750689146215,forest,0.7763136662185309,-0.6727977395057678,9991.219089903321,42.42640687119285,False
TAP,TAP_P03415,-57.45494265623047,-4.946643396409875,forest,0.8369264811194819,-0.703281819820404,161.26229298073036,67.0820393249937,False
TAP,TAP_P03417,-57.495733464646605,-5.155697176044847,forest,0.8431576183274221,-0.7188737392425537,1623.9711795345822,90.0,False
TAP,TAP_P03418,-57.4517068801771,-5.291218222948919,forest,0.7882146959643012,-0.6477533578872681,341.60869704367684,30.0,False
TAP,TAP_P03419,-56.712166371830655,-5.613259630787473,forest,0.8108320256743266,-0.6942082047462463,217.82598760386765,94.86832980505139,False
TAP,TAP_P03420,-56.697431457436686,-7.227651721830819,forest,0.8183581132657385,-0.7003929018974304,163.88532026467217,90.0,False
TAP,TAP_P03421,-56.61844295438685,-7.320074949232525,forest,0.8224939857995001,-0.734703540802002,1400.357443306783,212.13203435596427,False
TAP,TAP_P03422,-56.29901633239587,-6.82148259357927,forest,0.6516663515846887,-0.463486760854721,74.14909229174387,42.42640687119285,False
TAP,TAP_P03423,-56.48921137373805,-6.908466828176401,forest,0.8449408708821864,-0.7089935541152954,64.31268100925013,201.24611797498108,False
TAP,TAP_P03424,-57.18927391227158,-7.285374430102389,forest,0.8370370377480126,-0.7316771745681763,54.361084845853156,254.5584412271571,False
TAP,TAP_P03425,-56.32851170531772,-6.291608680477055,forest,0.8458441198364524,-0.7495204210281372,19.378030280156825,30.0,False
TAP,TAP_P03427,-56.92212343848108,-5.401821241163074,forest,0.8459455427120002,-0.7323620915412903,1838.6847913386882,67.0820393249937,False
TAP,TAP_P03428,-57.50647756886061,-5.00434045338102,forest,0.7289827128796774,-0.6461565494537354,487.96842086343224,30.0,False
TAP,TAP_P03431,-55.99891906038691,-6.462650231606004,forest,0.8291862800246451,-0.7348705530166626,57.416403241373004,270.0,False
TAP,TAP_P03433,-56.98543911083544,-5.561496136259964,forest,0.8263188988412392,-0.7162207961082458,805.565689156786,150.0,False
TAP,TAP_P03434,-57.120765619157154,-7.414645200556065,forest,0.8305026581533639,-0.7221080660820007,2430.777471602475,67.0820393249937,False
TAP,TAP_P03435,-56.70381044307741,-7.6312398722746835,forest,0.5580693679966263,-0.6032944321632385,9991.219089903321,60.0,False
TAP,TAP_P03436,-56.20458652189875,-6.879839391492894,forest,0.836560546916144,-0.7379435896873474,168.33808260223276,94.86832980505139,False
TAP,TAP_P03437,-56.4647066910083,-5.707514635983842,forest,0.8332342441909989,-0.7093066573143005,931.0072091678815,42.42640687119285,False
TAP,TAP_P03441,-56.31345788961184,-6.683902514274163,forest,0.8246672572127571,-0.7295536398887634,61.80190842800965,94.86832980505139,False
TAP,TAP_P03442,-57.45296189218399,-6.2508051027350175,forest,0.8306629776687885,-0.7077649831771851,309.46111377541985,169.7056274847714,False
TAP,TAP_P03444,-57.05376760147118,-5.77403152646354,forest,0.8146572146880222,-0.7007215619087219,2348.048398524063,60.0,False
TAP,TAP_P03445,-56.68131098899642,-7.60950774955155,forest,0.8509510366213074,-0.7409005761146545,9991.219089903321,169.7056274847714,False
TAP,TAP_P03446,-57.35261842877516,-6.088990572238504,forest,0.821193941377743,-0.7316108345985413,1622.7644649724284,120.0,False
TAP,TAP_P03447,-57.14381880292829,-7.299213472738582,forest,0.8207218707597139,-0.6930379271507263,1719.8896589965225,90.0,False
TAP,TAP_P03448,-56.65436827657816,-7.80936657754964,bare/non-forest,0.1106948920359363,-0.1219637170433998,1080.1496008580875,30.0,True
TAP,TAP_P03449,-57.474587403363245,-4.994398273749072,bare/non-forest,0.060117082592018756,-0.1426765918731689,735.601238367819,30.0,True
TAP,TAP_P03450,-56.85406139697734,-7.088007296883196,forest,0.7098980705986965,-0.6193020343780518,276.9443718534813,60.0,False
TAP,TAP_P03452,-56.71556297539423,-5.937383657577163,forest,0.509954031334688,-0.4930392801761627,77.29060308017671,30.0,False
TAP,TAP_P03456,-56.36915791663245,-6.370004542323147,forest,0.7945723226118183,-0.7122752666473389,202.9600556317939,67.0820393249937,False
TAP,TAP_P03457,-56.29645299871188,-6.408516071516354,forest,0.8407419291148653,-0.7202835083007812,375.57068314725194,30.0,False
TAP,TAP_P03458,-57.45263555750854,-5.2624709187216245,forest,0.6812804394069388,-0.6537383198738098,23.784198329742175,180.0,False
TAP,TAP_P03460,-56.65034569188868,-7.625954213526341,forest,0.8062439772027589,-0.6993722915649414,9991.219089903321,30.0,False
TAP,TAP_P03462,-56.697440803036834,-5.670522434849809,forest,0.8459495385067999,-0.7219442129135132,1909.7384285300964,30.0,False
TAP,TAP_P03463,-57.50784917566439,-5.03976604988209,forest,0.7895670745991766,-0.6847165822982788,487.96842086343224,30.0,False
TAP,TAP_P03465,-57.56079104084191,-6.503017764889004,forest,0.8232075988843761,-0.7165727615356445,197.31615937914972,150.0,False
TAP,TAP_P03466,-57.47947303198161,-5.289785448366998,bare/non-forest,0.38049146979739246,-0.3547603785991668,176.86781416895252,30.0,True
TAP,TAP_P03467,-56.59426172344055,-7.307544040076613,forest,0.5480483960189172,-0.5146616101264954,1400.357443306783,30.0,False
TAP,TAP_P03468,-57.301699065051615,-7.087672450514258,forest,0.8217475176625467,-0.7221115827560425,6532.483013953644,134.1640786499874,False
TAP,TAP_P03470,-57.48081232147706,-5.292963897310078,forest,0.5763007063992516,-0.5056792497634888,176.86781416895252,60.0,False
TAP,TAP_P03471,-56.71720417073303,-7.874907216396204,forest,0.8298003123109386,-0.7170957326889038,27.2589184276374,90.0,False
TAP,TAP_P03472,-57.11552899904543,-5.629032484272285,forest,0.8524698721282158,-0.7226340174674988,2348.048398524063,90.0,False
TAP,TAP_P03473,-56.92136645569885,-7.485771873169739,forest,0.8191765096084765,-0.7199070453643799,384.2965911511187,84.8528137423857,False
TAP,TAP_P03474,-56.1597698547244,-6.7399217005121335,forest,0.7653263095199541,-0.6358024477958679,102.47573956824237,342.05262752974136,False
TAP,TAP_P03476,-56.322226485514086,-7.239686651978407,forest,0.736370671096622,-0.6416910886764526,33.46557029016951,30.0,False
TAP,TAP_P03478,-56.51448398489881,-6.307784461276706,bare/non-forest,-0.0014204785982069228,-0.0783253014087677,36.73324935778612,30.0,True
TAP,TAP_P03479,-56.85585629433695,-5.7872272362820665,forest,0.8197573548531935,-0.7092092633247375,218.51795237601624,296.98484809834997,False
TAP,TAP_P03480,-57.29728006591237,-7.1413202573580215,forest,0.8714783093526368,-0.7675613164901733,6532.483013953644,276.5863337187866,False
TAP,TAP_P03482,-56.06729284377276,-5.51038962089043,forest,0.7988010250020843,-0.6965503096580505,596.0602670451929,90.0,False
TAP,TAP_P03483,-56.730474093265975,-6.905664311851292,forest,0.7962057997749256,-0.6837019920349121,479.449942694211,324.4996147917591,False
TAP,TAP_P03485,-57.12633272550449,-7.408949405449111,forest,0.753846137594742,-0.5859188437461853,2430.777471602475,30.0,False
TAP,TAP_P03486,-56.324930253565896,-7.286284663086324,forest,0.5917802880226699,-0.5600059032440186,1063.6012068494724,212.13203435596427,False
TAP,TAP_P03487,-57.34743940611061,-6.084591588544451,forest,0.841491845855038,-0.7460225820541382,1622.7644649724284,127.27922061357854,False
TAP,TAP_P03488,-56.51135699209839,-6.126842847262989,forest,0.6129032215871618,-0.6219995021820068,115.49513972289317,30.0,False
TAP,TAP_P03489,-56.855393582447554,-7.227156374754747,forest,0.7315436367858991,-0.6295764446258545,53.443013920742,84.8528137423857,False
TAP,TAP_P03490,-56.96105222072344,-5.317143136634,forest,0.5606585577360775,-0.5112443566322327,218.28663350562212,30.0,False
TAP,TAP_P03491,-56.98123062326591,-7.042238239639684,forest,0.8176337612925499,-0.731816828250885,1512.8545122012727,94.86832980505139,False
TAP,TAP_P03492,-55.36115810764405,-6.023292194517368,forest,0.8136646138478362,-0.7390052676200867,39.26684864861894,120.0,False
TAP,TAP_P03494,-56.52317666658729,-7.034701446199997,bare/non-forest,0.45560255485598106,-0.4713603854179382,3842.1278497334474,30.0,True
TAP,TAP_P03495,-55.333690565490166,-6.034926148309227,bare/non-forest,0.44505975491390865,-0.4759359657764435,563.1483995664034,60.0,True
TAP,TAP_P03496,-56.65157318758779,-7.632087407997141,forest,0.8589404926844435,-0.7378312945365906,9991.219089903321,161.55494421403512,False
TAP,TAP_P03497,-57.00135047346424,-6.682792536193942,forest,0.8639763429996016,-0.7700539231300354,514.869362048014,161.55494421403512,False
TAP,TAP_P03498,-57.271046169317,-5.800347881002704,forest,0.7873275999552464,-0.6469086408615112,84.66461693598245,42.42640687119285,False
TAP,TAP_P03499,-56.9865244449926,-7.031994628847794,forest,0.80817408196884,-0.6878238320350647,1512.8545122012727,60.0,False
TAP,TAP_P03501,-56.86974045146819,-5.7736018458710845,forest,0.8088008827191709,-0.6708162426948547,1231.4065370376056,30.0,False
TAP,TAP_P03502,-56.70265256636834,-7.616195424794925,forest,0.8325376436778803,-0.7417802810668945,9991.219089903321,150.0,False
TAP,TAP_P03503,-56.90613830542018,-5.761490014301261,forest,0.8500676631678646,-0.7306329011917114,1231.4065370376056,174.92855684535903,False
TAP,TAP_P03505,-57.036087359485215,-5.825531024545449,forest,0.8676300568823834,-0.759290337562561,213.28949651310066,90.0,False
TAP,TAP_P03508,-56.70930958131576,-7.555400897607684,forest,0.8200228375375881,-0.7281557321548462,9991.219089903321,84.8528137423857,False
TAP,TAP_P03509,-57.36028043271512,-6.030839137826169,forest,0.8210235982064334,-0.7211729884147644,2568.233036550785,276.5863337187866,False
TAP,TAP_P03510,-56.95293033658665,-7.136869800438089,forest,0.8350342937381695,-0.75949627161026,367.1632265760449,120.0,False
TAP,TAP_P03511,-57.2983318264028,-7.167294596824744,forest,0.8814102591847836,-0.770595371723175,6532.483013953644,123.69316876852982,False
TAP,TAP_P03513,-57.55315429164138,-5.55475382031528,forest,0.7092060471715032,-0.5507692098617554,72.34124697022779,30.0,False
TAP,TAP_P03514,-57.4708860988672,-6.499101864190278,bare/non-forest,0.3822361334334425,-0.3527282476425171,743.2630366878914,42.42640687119285,True
TAP,TAP_P03515,-56.59184493490479,-7.247771082571411,forest,0.8524829173035985,-0.7531922459602356,269.23037233090275,228.47319317591726,False
TAP,TAP_P03516,-56.70357923544018,-7.568955416766853,forest,0.7849046276786678,-0.6868768334388733,9991.219089903321,67.0820393249937,False
TAP,TAP_P03517,-56.77946286989003,-6.888830047945552,forest,0.61772151677879,-0.5950241684913635,162.33513468532044,84.8528137423857,False
TAP,TAP_P03518,-55.86394099361987,-7.032373717645023,forest,0.7086956734763755,-0.5754488110542297,81.39584490740303,94.86832980505139,False
TAP,TAP_P03519,-56.91200867629134,-7.086284174205102,forest,0.8293415676957091,-0.7441818118095398,2030.3979470351633,241.86773244895647,False
TAP,TAP_P03520,-56.70374057336915,-7.616304180541242,forest,0.8543882963366163,-0.7251484990119934,9991.219089903321,180.0,False
TAP,TAP_P03522,-56.90576548634647,-7.048760247781439,forest,0.8561151060836042,-0.7472923398017883,2030.3979470351633,108.16653826391968,False
TAP,TAP_P03523,-56.9854618895376,-7.06397128140208,forest,0.7753901188472421,-0.6850364804267883,1846.9119318392366,150.0,False
TAP,TAP_P03524,-57.32905591791495,-5.886241495275901,forest,0.568716770982811,-0.5471698045730591,755.4504924332542,60.0,False
TAP,TAP_P03525,-56.850373420615554,-5.699117035068958,forest,0.8322542571078104,-0.7277513146400452,1287.902270433891,150.0,False
TAP,TAP_P03526,-57.027422323252566,-5.523078019189776,forest,0.8424193132140986,-0.7328110933303833,213.29565468978888,134.1640786499874,False
TAP,TAP_P03528,-56.73171721924219,-6.8971066465045086,forest,0.8395650935220552,-0.7257079482078552,479.449942694211,108.16653826391968,False
TAP,TAP_P03529,-56.6551687941724,-6.768172092935095,forest,0.7391601366826673,-0.634390652179718,26.519022555617486,60.0,False
TAP,TAP_P03530,-56.4708294413708,-7.038499859089464,forest,0.8280423247181313,-0.7187753915786743,78.77791044271103,381.8376618407357,False
TAP,TAP_P03531,-56.936388238269295,-7.067761575826147,forest,0.8097063367381017,-0.7131445407867432,1512.8545122012727,152.97058540778355,False
TAP,TAP_P03532,-56.73622827684875,-7.514471406997197,forest,0.8309859195649891,-0.7185285091400146,9991.219089903321,218.40329667841553,False
TAP,TAP_P03533,-57.45339792805608,-6.473843920556242,forest,0.6032719780316057,-0.5453329682350159,743.2630366878914,84.8528137423857,False
TAP,TAP_P03534,-56.71363637677147,-7.17800620705701,forest,0.825665848487976,-0.6900321245193481,282.3150801697901,84.8528137423857,False
TAP,TAP_P03536,-57.36587988187803,-7.005544684251588,forest,0.8410485219113428,-0.7350923418998718,231.20221980693074,349.85711369071805,False
TAP,TAP_P03537,-56.763972312520295,-7.616607471498937,forest,0.843934916093072,-0.731997013092041,9991.219089903321,120.0,False
TAP,TAP_P03538,-57.29043460485083,-7.148710038730471,forest,0.8538028941062801,-0.7403606176376343,6532.483013953644,90.0,False
TAP,TAP_P03539,-56.915256490812375,-7.022541310333627,forest,0.8333069571005913,-0.7343101501464844,2030.3979470351633,127.27922061357854,False
TAP,TAP_P03540,-56.285239234659386,-6.353149539169599,bare/non-forest,-0.021664736670823446,-0.0288577489554882,456.91694460736477,30.0,True
TAP,TAP_P03542,-57.27457266246537,-7.171921685689932,forest,0.8596017543967399,-0.7564355134963989,6532.483013953644,234.30749027719963,False
TAP,TAP_P03543,-56.63597228554208,-7.846204408604336,forest,0.8262638031096851,-0.7132886052131653,891.9454453893104,60.0,False
TAP,TAP_P03544,-56.71542884700498,-7.443732462102544,forest,0.8110907978233726,-0.7310617566108704,54.65427933810896,60.0,False
TAP,TAP_P03545,-57.47209689746572,-6.202730973022743,forest,0.8155694791362919,-0.7056944966316223,557.4016130141331,90.0,False
TAP,TAP_P03546,-55.93588794985939,-6.210468202823038,forest,0.6644370090452918,-0.6115196347236633,1142.5444204523114,30.0,False
TAP,TAP_P03547,-57.15048369198721,-7.098265324663233,forest,0.8207476463447361,-0.7010886669158936,429.980921556009,84.8528137423857,False
TAP,TAP_P03548,-57.47418739721419,-6.20759074565581,forest,0.8087965065154701,-0.7264084815979004,557.4016130141331,150.0,False
TAP,TAP_P03549,-56.943569485617495,-5.45498112975251,forest,0.8317288686206987,-0.7193797826766968,1838.6847913386882,30.0,False
TAP,TAP_P03550,-55.96806186768414,-6.19930340524599,forest,0.8504784633627247,-0.7587071657180786,1362.2993807535643,241.86773244895647,False
TAP,TAP_P03551,-56.47798326146181,-6.950493043043498,forest,0.824449746191269,-0.7108433842658997,3842.1278497334474,108.16653826391968,False
TAP,TAP_P03552,-57.52851888384323,-6.958909854789337,forest,0.5666485077333425,-0.5400815606117249,337.03016278649665,67.0820393249937,False
TAP,TAP_P03553,-55.91492371799534,-6.195220033689294,forest,0.7817139855506873,-0.6922305822372437,1142.5444204523114,42.42640687119285,False
TAP,TAP_P03555,-55.95059572413184,-6.190518957945027,forest,0.7547449893400996,-0.6640359163284302,184.12165390907015,201.24611797498108,False
TAP,TAP_P03556,-56.70909065784519,-7.887203235217172,forest,0.8415545654600385,-0.737533450126648,154.16636213748362,30.0,False
TAP,TAP_P03559,-56.592665919236126,-5.833105825236131,forest,0.8256441024349874,-0.6765046715736389,66.02483389702137,84.8528137423857,False
TAP,TAP_P03560,-56.83762640040877,-7.124822511302431,forest,0.811409388040489,-0.7056161761283875,488.2524627143045,182.48287590894657,False
TAP,TAP_P03565,-56.86532316636724,-7.043565119110044,forest,0.8410562963687414,-0.7276173830032349,160.0016959420981,161.55494421403512,False
TAP,TAP_P03566,-56.22912622922004,-6.772306083906251,forest,0.7009685303189452,-0.6048433780670166,70.89173605386219,134.1640786499874,False
TAP,TAP_P03568,-56.06745122531255,-6.346580830306346,forest,0.8420398741826505,-0.7148696780204773,349.45344360715586,90.0,False
TAP,TAP_P03570,-57.05674445166403,-5.680131394996503,forest,0.8509234840085627,-0.7334630489349365,2348.048398524063,134.1640786499874,False
TAP,TAP_P03571,-56.30853956971668,-6.53093686334432,forest,0.5611336216061122,-0.4885414540767669,750.1200483870076,30.0,False
TAP,TAP_P03572,-57.27325744567739,-7.137485510691723,forest,0.8455872320599674,-0.7343687415122986,6532.483013953644,108.16653826391968,False
TAP,TAP_P03574,-56.90213647563829,-7.073643878539924,forest,0.821337410526318,-0.7069441676139832,2030.3979470351633,192.09372712298546,False
TAP,TAP_P03575,-56.450779217600335,-7.002818664203633,forest,0.7934458861114521,-0.6985509991645813,3842.1278497334474,30.0,False
TAP,TAP_P03576,-56.833288735069466,-7.093729771805299,forest,0.8351383909172628,-0.7091248631477356,397.75589165722465,323.10988842807024,False
TAP,TAP_P03577,-56.99576744247027,-7.106169827749375,forest,0.8036179417776227,-0.70504230260849,1846.9119318392366,150.0,False
TAP,TAP_P03578,-57.11798384519106,-7.230369326313459,forest,0.745739792386958,-0.6917274594306946,304.03316390982445,108.16653826391968,False
TAP,TAP_P03579,-57.059717272165415,-7.226362610686091,forest,0.8200473483318036,-0.7425071597099304,2175.487275045593,247.38633753705963,False
TAP,TAP_P03580,-56.87232263661756,-5.737295868708122,forest,0.849697990103057,-0.7242432832717896,213.57887280773227,873.6131867136621,False
TAP,TAP_P03581,-57.34572273117893,-6.101585813394796,forest,0.8254053956418256,-0.7045888900756836,1622.7644649724284,84.8528137423857,False
TAP,TAP_P03582,-56.98030119442252,-7.088280056039265,forest,0.6017498563859668,-0.5556900501251221,1846.9119318392366,30.0,False
TAP,TAP_P03583,-57.1182876402537,-7.423286319771379,forest,0.8098016176280923,-0.6943298578262329,2430.777471602475,42.42640687119285,False
TAP,TAP_P03584,-56.43038514723367,-5.8153646533225,forest,0.7419923585245526,-0.657507598400116,35.1289258538954,67.0820393249937,False
TAP,TAP_P03585,-57.013595598728166,-5.560654504011172,forest,0.8352039514794465,-0.7278876304626465,805.565689156786,67.0820393249937,False
TAP,TAP_P03586,-56.3140834870735,-6.54776357268858,forest,0.6334716555585306,-0.4881488084793091,750.1200483870076,30.0,False
TAP,TAP_P03590,-56.66355948120606,-7.615457129938827,forest,0.7734415365421405,-0.7045935988426208,9991.219089903321,42.42640687119285,False
TAP,TAP_P03591,-57.0184266238418,-7.478139016817206,forest,0.8516483450410339,-0.7387340068817139,576.2646626360867,30.0,False
TAP,TAP_P03592,-55.920175932894985,-6.192290489738582,forest,0.7963801051804503,-0.6701949834823608,1142.5444204523114,134.1640786499874,False
TAP,TAP_P03593,-56.20722322678015,-6.879149624289562,forest,0.8348545333900956,-0.7263320088386536,168.33808260223276,42.42640687119285,False
TAP,TAP_P03594,-56.99433338589925,-6.977566578275664,forest,0.8419958415020589,-0.7542988061904907,109.25418424754716,271.66155414412253,False
TAP,TAP_P03595,-57.32481219053017,-7.116350832387047,forest,0.8523405700751955,-0.7576087117195129,6532.483013953644,30.0,False
TAP,TAP_P03596,-56.69247959500923,-7.279737192740698,forest,0.8608644215223548,-0.753868818283081,273.5239136290943,342.05262752974136,False
TAP,TAP_P03597,-57.44181160018741,-6.156426438501478,forest,0.8270956952764514,-0.7269524931907654,1929.2377405479056,134.1640786499874,False
TAP,TAP_P03598,-57.50210974383391,-5.107347824471861,forest,0.8388726513164639,-0.7142586708068848,1039.9103040419293,42.42640687119285,False
TAP,TAP_P03599,-56.944201892050586,-7.039697892385225,forest,0.6797577769181063,-0.5991352200508118,1512.8545122012727,30.0,False
TAP,TAP_P03602,-57.0467025269957,-6.950971971925827,forest,0.825889958008382,-0.7278989553451538,383.16344756746946,123.69316876852982,False
TAP,TAP_P03603,-57.14070302304143,-7.272540983076004,water,-0.26396560786400786,0.1446853727102279,1719.8896589965225,30.0,True
TAP,TAP_P03605,-57.43956548629669,-6.171866576505953,forest,0.8566810453296452,-0.7240360379219055,1929.2377405479056,241.86773244895647,False
TAP,TAP_P03607,-55.31223357791575,-6.017113607659657,forest,0.8350353525104289,-0.7412639856338501,563.1483995664034,127.27922061357854,False
TAP,TAP_P03609,-56.86653521817904,-5.48616089848868,forest,0.6363370399406096,-0.4318474531173706,138.9796544460033,60.0,False
TAP,TAP_P03610,-56.65681122861128,-6.948062348443374,forest,0.788350104411519,-0.6931319832801819,1008.8881937929187,218.40329667841553,False
TAP,TAP_P03611,-57.50740228281883,-5.044641943625685,forest,0.8217616576843856,-0.6957265138626099,487.96842086343224,201.24611797498108,False
TAP,TAP_P03612,-56.50702530521625,-7.00615072788561,forest,0.8142931640337494,-0.7028199434280396,3842.1278497334474,30.0,False
TAP,TAP_P03613,-56.735056003996405,-7.572408982869373,forest,0.8158345370144154,-0.7205769419670105,363.4057189825536,30.0,False
TAP,TAP_P03614,-57.31340542558232,-6.170992268030561,water,-0.05469100514162938,0.0895075127482414,1393.6647522987732,30.0,True
TAP,TAP_P03615,-56.95750415250895,-7.073159156617388,forest,0.8133353204533053,-0.7104068994522095,1846.9119318392366,150.0,False
TAP,TAP_P03616,-56.388877116649226,-6.523762288563126,forest,0.7837049791511879,-0.7062687873840332,300.6209432161213,42.42640687119285,False
TAP,TAP_P03618,-56.67150550857336,-6.974846118113766,forest,0.8138775602056302,-0.7175005674362183,1008.8881937929187,429.5346318982906,False
TAP,TAP_P03619,-56.33032657623637,-7.003822558241134,forest,0.8185534568907473,-0.7108911871910095,225.03716135145635,150.0,False
TAP,TAP_P03620,-56.22190866205438,-6.811113943479641,forest,0.8701161621815932,-0.7635307908058167,109.28108116688176,161.55494421403512,False
TAP,TAP_P03621,-57.39935002238905,-6.173192711150967,forest,0.7692912005520948,-0.7071335315704346,1929.2377405479056,42.42640687119285,False
TAP,TAP_P03622,-57.334437822446006,-6.063414672616722,forest,0.774748932068971,-0.7101569175720215,1622.7644649724284,30.0,False
TAP,TAP_P03623,-57.14586878582065,-5.453663897948491,forest,0.8502340128359015,-0.7570303678512573,123.4664577646452,42.42640687119285,False
TAP,TAP_P03624,-56.663950152486976,-6.787066908052067,forest,0.5061637201789891,-0.5031731128692627,169.29337294360857,60.0,False
TAP,TAP_P03625,-57.28891176473691,-5.890897129930171,forest,0.8748495762705302,-0.7652417421340942,708.4508174728377,30.0,False
TAP,TAP_P03627,-56.588386144835056,-5.382426610208771,forest,0.8753369203897401,-0.7466124892234802,51.51036387813154,152.97058540778355,False
TAP,TAP_P03628,-56.39037912415903,-6.912891143844002,forest,0.7863067101232574,-0.6711076498031616,78.77950117577208,30.0,False
TAP,TAP_P03629,-56.41885833734896,-5.768526125923238,forest,0.8548788424285556,-0.7317267656326294,81.01233454475317,182.48287590894657,False
TAP,TAP_P03630,-56.23544824450057,-6.709594526606584,forest,0.8042946531887374,-0.7095656991004944,1138.2805734249494,174.92855684535903,False
TAP,TAP_P03631,-57.490228276129166,-5.156000301420092,forest,0.7862339248359012,-0.5840916633605957,1623.9711795345822,30.0,False
TAP,TAP_P03632,-56.28175438312224,-6.546530958775048,forest,0.8066825728708519,-0.6806128621101379,750.1200483870076,60.0,False
TAP,TAP_P03634,-56.69615432134375,-6.932653094058595,forest,0.8168386026059377,-0.705055832862854,256.47303731713737,150.0,False
TAP,TAP_P03635,-56.40398403865287,-6.8643917236266665,forest,0.7944922482794224,-0.7026960253715515,1375.8358951947446,189.73665961010278,False
TAP,TAP_P03637,-57.44699998261376,-5.1530893289821895,forest,0.7884560722554207,-0.6768488883972168,1623.9711795345822,60.0,False
TAP,TAP_P03640,-56.496637279748185,-6.145536242422931,forest,0.5037231907968076,-0.5378502607345581,290.94820385065697,30.0,False
TAP,TAP_P03642,-56.97959355130128,-7.2228259081620605,forest,0.8717577405083504,-0.7374676465988159,53.63125388624743,94.86832980505139,False
TAP,TAP_P03643,-57.11559773400203,-7.42826870478712,forest,0.7789285732104391,-0.6714335680007935,2430.777471602475,94.86832980505139,False
TAP,TAP_P03644,-55.968864126158905,-6.199501614087511,forest,0.6921675907003866,-0.6053882837295532,1362.2993807535643,295.4657340538831,False
TAP,TAP_P03646,-56.62487129558394,-6.925790370468167,forest,0.8186294625876528,-0.6832612156867981,417.0850294164283,120.0,False
TAP,TAP_P03647,-56.58096984809519,-6.872792126588021,forest,0.7916666787247503,-0.6850974559783936,1126.0796245100512,283.0194339616981,False
TAP,TAP_P03649,-56.48937863796225,-6.977980866003721,bare/non-forest,0.40835709237670675,-0.435197114944458,3842.1278497334474,30.0,True
TAP,TAP_P03651,-56.38543694744929,-6.848355996811637,forest,0.7470959274072642,-0.665354311466217,1375.8358951947446,127.27922061357854,False
TAP,TAP_P03652,-56.96609769639277,-7.02859258599605,forest,0.8651409793767401,-0.7659487128257751,1512.8545122012727,180.0,False
TAP,TAP_P03653,-56.57334258333536,-7.341268456108565,forest,0.8149969354507834,-0.7002962827682495,127.57992201604583,123.69316876852982,False
TAP,TAP_P03654,-57.15234234223429,-5.202380193120119,forest,0.7805140889019268,-0.6805263757705688,291.03607280138067,94.86832980505139,False
TAP,TAP_P03655,-56.67865101515556,-7.622184779625757,forest,0.8312662197743641,-0.7156059741973877,9991.219089903321,84.8528137423857,False
TAP,TAP_P03656,-57.51105216178144,-5.302957888243796,forest,0.7722740457753946,-0.6641037464141846,47.79722094088754,94.86832980505139,False
TAP,TAP_P03657,-57.11352949346795,-5.620598169451678,forest,0.8210020178973181,-0.7054152488708496,439.3920696679941,30.0,False
TAP,TAP_P03659,-57.30014367041181,-5.883631955962496,forest,0.8375091261003607,-0.7068085670471191,708.4508174728377,42.42640687119285,False
TAP,TAP_P03660,-57.01351195388042,-5.5815689072806425,forest,0.8551191208929129,-0.740693986415863,805.565689156786,300.0,False
TAP,TAP_P03661,-57.5077271569337,-4.889207671875009,forest,0.8306966539811388,-0.7126309871673584,462.9757845096954,270.0,False
TAP,TAP_P03662,-57.092990696641,-4.961220009034696,forest,0.746315319383577,-0.6711491346359253,98.94942140653737,241.86773244895647,False
TAP,TAP_P03663,-56.91972838156881,-5.409058741242194,water,-0.26006089105971636,0.1979206502437591,1838.6847913386882,60.0,True
TAP,TAP_P03665,-56.555755216593255,-6.895944972769678,forest,0.8351030595407039,-0.7123041152954102,351.03660190948574,192.09372712298546,False
TAP,TAP_P03666,-56.32944015891987,-6.879118230287766,forest,0.5364092523021969,-0.5093040466308594,96.96735554874085,247.38633753705963,False
TAP,TAP_P03667,-56.64308824460014,-7.547458640363082,forest,0.8299711806667102,-0.7353123426437378,181.34304075640574,268.3281572999748,False
TAP,TAP_P03668,-56.34342250194638,-7.393638050742108,forest,0.8535871171195955,-0.7550591230392456,168.34084003050964,256.3201123595259,False
TAP,TAP_P03669,-57.41212935537997,-6.010791763318631,forest,0.7206107071967622,-0.6568685173988342,2568.233036550785,30.0,False
TAP,TAP_P03671,-56.49615883695744,-6.5470166190185255,forest,0.8435411934593254,-0.7218617796897888,1052.397171449675,30.0,False
TAP,TAP_P03672,-56.202693220619565,-6.379653020945561,forest,0.7426584784867085,-0.6471238732337952,81.87339405581022,90.0,False
TAP,TAP_P03674,-57.39811890059136,-6.955653018328727,forest,0.7234533151067737,-0.6500406861305237,45.066825573863,94.86832980505139,False
TAP,TAP_P03676,-56.44496269557879,-6.959779244868168,forest,0.8280514582638409,-0.707189679145813,368.27769986479944,134.1640786499874,False
TAP,TAP_P03677,-57.019628186406,-6.830027801144246,forest,0.8550375959932369,-0.7345971465110779,284.34523282491125,330.0,False
TAP,TAP_P03678,-56.95884070649549,-7.06920346084637,forest,0.7794946913526755,-0.6721392869949341,1846.9119318392366,84.8528137423857,False
TAP,TAP_P03679,-56.23844590139522,-6.752805401929958,forest,0.8399472744490819,-0.7039270997047424,1896.608348381681,161.55494421403512,False
TAP,TAP_P03680,-56.837032856043066,-7.122032881040879,forest,0.7815489172491913,-0.7014269828796387,488.2524627143045,30.0,False
TAP,TAP_P03684,-56.41679392896377,-7.290438179856542,forest,0.8079591118453797,-0.7447776794433594,38.501059299474086,152.97058540778355,False
TAP,TAP_P03685,-55.28826541450552,-5.966663218094377,forest,0.8477526603136191,-0.7436172962188721,34.381524809307855,84.8528137423857,False
TAP,TAP_P03686,-57.3011091936885,-6.112489874606895,forest,0.8066865252642093,-0.7227736711502075,113.12437182965964,84.8528137423857,False
TAP,TAP_P03687,-57.36918044432268,-5.996381640446678,bare/non-forest,0.10227874046576443,-0.3577501475811004,85.9451181122986,30.0,True
TAP,TAP_P03688,-57.35565639618349,-6.031055837905775,forest,0.8341362673648318,-0.7369369268417358,2568.233036550785,120.0,False
TAP,TAP_P03690,-57.05963882253378,-7.240371381132288,forest,0.8660416842297239,-0.7457947134971619,2175.487275045593,123.69316876852982,False
TAP,TAP_P03693,-57.48456026712516,-6.499167797872307,forest,0.7834311898378852,-0.6931818127632141,743.2630366878914,60.0,False
TAP,TAP_P03694,-57.382768892059225,-6.200671990439335,forest,0.8283931433413665,-0.7412281036376953,1929.2377405479056,123.69316876852982,False
TAP,TAP_P03696,-57.15312634595079,-7.07644012686911,forest,0.8325859534153146,-0.7350428104400635,429.980921556009,150.0,False
TAP,TAP_P03697,-57.5664801468492,-6.543745400317004,forest,0.8297872301683575,-0.700982928276062,197.70852222042836,301.4962686336267,False
TAP,TAP_P03698,-55.34734185071556,-6.03992275697835,forest,0.8434592274123288,-0.7348886728286743,563.1483995664034,42.42640687119285,False
TAP,TAP_P03699,-57.4136542840884,-5.891109213665774,bare/non-forest,0.25628697874314,-0.3062847852706909,2568.233036550785,30.0,True
TAP,TAP_P03702,-56.67582682856108,-7.667685708868983,forest,0.8631578861061023,-0.7667075991630554,9991.219089903321,218.40329667841553,False
TAP,TAP_P03703,-56.59489928175055,-7.307878540154608,forest,0.7972202799879271,-0.705710232257843,1400.357443306783,42.42640687119285,False
TAP,TAP_P03704,-56.7179433919115,-7.170747951554186,forest,0.8079003294216826,-0.684317409992218,282.3150801697901,169.7056274847714,False
TAP,TAP_P03705,-56.20029962960349,-6.869045128237048,forest,0.7700167357779628,-0.6800620555877686,34.23251254222904,94.86832980505139,False
TAP,TAP_P03707,-56.68865551711233,-4.8719290946670935,forest,0.8536585443417702,-0.7353774905204773,467.49816027068374,216.33307652783935,False
TAP,TAP_P03708,-57.36329779261335,-6.031376618329565,forest,0.8056548576212667,-0.7115917801856995,2568.233036550785,210.0,False
TAP,TAP_P03709,-57.47662142099163,-6.218545881491571,forest,0.735209478529439,-0.6489279270172119,309.46111377541985,60.0,False
TAP,TAP_P03713,-57.40768122257772,-5.871998973217496,forest,0.7741332040798876,-0.6806204915046692,21.85996682038634,94.86832980505139,False
TAP,TAP_P03714,-55.46817702738996,-5.475747714543026,forest,0.8218647739011928,-0.7119866013526917,32.81249772969679,67.0820393249937,False
TAP,TAP_P03715,-57.1326698453927,-5.517610057089498,forest,0.8365710801950056,-0.7509055733680725,42.998659375562056,150.0,False
TAP,TAP_P03716,-56.56291281319648,-7.886612319494222,forest,0.8241244964363962,-0.7368370294570923,121.0334950867526,212.13203435596427,False
TAP,TAP_P03717,-57.31600502739492,-7.083349586665118,forest,0.6117647007262419,-0.5532144904136658,6532.483013953644,30.0,False
TAP,TAP_P03718,-56.715023619001215,-7.544064250920536,forest,0.8116445407251258,-0.7307190299034119,9991.219089903321,108.16653826391968,False
TAP,TAP_P03719,-57.37362477619531,-7.005650702722526,forest,0.8518308276033559,-0.7404469847679138,231.20221980693074,216.33307652783935,False
TAP,TAP_P03720,-56.2598693867143,-6.809574986022487,forest,0.8409854381715841,-0.7322695255279541,185.54594701514915,210.0,False
TAP,TAP_P03723,-56.965799918848575,-7.216922519391532,forest,0.8462054858379809,-0.7322033643722534,226.83432981116292,240.0,False
TAP,TAP_P03724,-57.174684562901525,-7.36908556186483,forest,0.5747975997749041,-0.5225988626480103,2430.777471602475,30.0,False
TAP,TAP_P03725,-56.12533094536933,-5.483676633580284,forest,0.7870389578589009,-0.687432587146759,62.172743393241205,94.86832980505139,False
TAP,TAP_P03727,-56.97693497317161,-7.22249063443381,forest,0.8610460210988746,-0.7346660494804382,53.63125388624743,90.0,False
TAP,TAP_P03729,-57.4913754788525,-6.19496502556576,forest,0.8012854846012767,-0.7032569050788879,557.4016130141331,60.0,False
TAP,TAP_P03731,-56.61831365453949,-5.240304517691555,forest,0.8389712116925584,-0.7417882680892944,87.9141913095989,90.0,False
TAP,TAP_P03732,-56.40188071111695,-6.861311517968206,forest,0.797029714230283,-0.6841544508934021,1375.8358951947446,150.0,False
TAP,TAP_P03733,-57.40990620825943,-6.078932467906006,forest,0.8165509218088717,-0.7128099203109741,1358.8105955343228,67.0820393249937,False
TAP,TAP_P03734,-56.84484528288334,-6.6052803647305725,forest,0.5827130493625049,-0.4505093693733215,183.92529575320694,30.0,False
TAP,TAP_P03735,-57.5634617518945,-6.503464520915454,forest,0.8285031359804839,-0.7291609048843384,197.31615937914972,123.69316876852982,False
TAP,TAP_P03736,-57.27024386763895,-5.77799244095825,forest,0.8024215638508887,-0.6983239054679871,381.8071227324021,60.0,False
TAP,TAP_P03738,-57.37941509568089,-5.181941138284018,forest,0.792095649318824,-0.6931283473968506,261.1304123466046,67.0820393249937,False
TAP,TAP_P03739,-56.56898456453622,-7.339843066596527,forest,0.8478323272794334,-0.7250066995620728,127.57992201604583,323.10988842807024,False
TAP,TAP_P03740,-57.56933477418555,-6.489025604160855,forest,0.5838584373730097,-0.5172423720359802,197.31615937914972,42.42640687119285,False
TAP,TAP_P03741,-57.10996306538488,-7.433753031568082,forest,0.8514327789509243,-0.7320349216461182,2430.777471602475,67.0820393249937,False
TAP,TAP_P03743,-57.183195763715055,-7.354947398125081,forest,0.8482717221866877,-0.7485756874084473,2430.777471602475,94.86832980505139,False
TAP,TAP_P03744,-56.43001278932674,-6.874410829316398,forest,0.7777777777777783,-0.664085328578949,636.8885494985101,150.0,False
TAP,TAP_P03745,-57.72574323686919,-5.379790508464477,forest,0.8391991244466216,-0.7360273003578186,92.96800077152679,182.48287590894657,False
TAP,TAP_P03746,-56.702641609019786,-7.620033625915463,forest,0.8596153880251827,-0.7629987597465515,9991.219089903321,276.5863337187866,False
TAP,TAP_P03747,-56.20338563956125,-6.782208509755869,forest,0.7330316690933113,-0.6750399470329285,173.53322144798514,42.42640687119285,False
TAP,TAP_P03748,-56.70879074768855,-7.579093446561568,forest,0.8512100353956007,-0.7482404112815857,9991.219089903321,180.0,False
TAP,TAP_P03749,-57.550975051705485,-6.929462395533669,forest,0.8138259297419577,-0.7153218984603882,220.1502302259007,169.7056274847714,False
TAP,TAP_P03750,-57.44470675707881,-5.1721688328632816,bare/non-forest,0.17143407533242389,-0.1767715215682983,1623.9711795345822,30.0,True
TAP,TAP_P03751,-56.66137082619386,-5.8083981811722944,forest,0.7585327143798642,-0.6704733371734619,1909.7384285300964,42.42640687119285,False
TAP,TAP_P03753,-56.50139439076943,-7.003256331491622,water,-0.047543588774005836,0.0385093241930007,3842.1278497334474,30.0,True
TAP,TAP_P03754,-57.31822365190722,-7.126017168999049,forest,0.8274821373223629,-0.7200843691825867,40.59815885032197,362.49137920783716,False
TAP,TAP_P03755,-56.48024879332995,-5.569907852467016,forest,0.6737357341664453,-0.5965909361839294,66.37398386594856,30.0,False
TAP,TAP_P03756,-56.59029438547256,-7.31381119562268,forest,0.8029856218277575,-0.7174391150474548,1400.357443306783,30.0,False
TAP,TAP_P03757,-56.42666265583333,-6.882035850160898,forest,0.8105530809918805,-0.7001180648803711,636.8885494985101,152.97058540778355,False
TAP,TAP_P03760,-56.74158030087903,-7.596732847701635,forest,0.7870056467507427,-0.6884498596191406,204.0408299776844,42.42640687119285,False
TAP,TAP_P03761,-57.03948468819853,-5.76027294615606,forest,0.8607032274758251,-0.7560602426528931,2348.048398524063,169.7056274847714,False
TAP,TAP_P03762,-56.95090853489447,-7.137344442646213,forest,0.8406031153807213,-0.7276502847671509,367.1632265760449,123.69316876852982,False
TAP,TAP_P03764,-57.438003451750205,-4.9550384264524086,forest,0.8334771459214808,-0.7289426922798157,310.5627720115929,234.30749027719963,False
TAP,TAP_P03765,-56.98346674343352,-5.828941958722361,forest,0.8498716212401617,-0.7485144734382629,706.1187034970374,247.38633753705963,False
TAP,TAP_P03766,-56.418840236114505,-6.278633210728577,forest,0.8334384875838546,-0.7234314680099487,90.47788851104241,60.0,False
TAP,TAP_P03767,-55.296021708749215,-5.996847184653033,forest,0.8283485007716538,-0.7113176584243774,626.1641849371455,123.69316876852982,False
TAP,TAP_P03768,-57.34856679709616,-7.007227349370092,forest,0.8197101453062473,-0.6876999139785767,119.32534704840633,67.0820393249937,False
TAP,TAP_P03769,-56.677051786692495,-4.870834868140566,forest,0.8412263872367738,-0.7063392400741577,467.49816027068374,94.86832980505139,False
TAP,TAP_P03771,-55.328113277048566,-5.999776824855574,forest,0.7889867195550742,-0.6848114728927612,626.1641849371455,67.0820393249937,False
TAP,TAP_P03772,-57.42016911474077,-6.94917855286008,forest,0.8354390284103871,-0.7310423254966736,619.4454737123132,268.3281572999748,False
TAP,TAP_P03773,-57.40940308856282,-5.100249079069029,forest,0.8274247319893994,-0.708511471748352,213.82134508079272,161.55494421403512,False
TAP,TAP_P03774,-56.92551680003105,-6.048725143729755,forest,0.8340703286963524,-0.73384028673172,521.811872608449,360.0,False
TAP,TAP_P03776,-56.61616429637709,-5.769205485208389,forest,0.8327137508929433,-0.714209794998169,410.9512644248099,67.0820393249937,False
TAP,TAP_P03777,-57.29027342023173,-7.1555058144664425,forest,0.8673176359958559,-0.7692124843597412,6532.483013953644,247.38633753705963,False
TAP,TAP_P03778,-56.01542623934145,-6.186840163300564,forest,0.8366972524201275,-0.7609899044036865,393.60409921027764,192.09372712298546,False
TAP,TAP_P03780,-56.29720273792964,-7.332990043011911,forest,0.8191509674251778,-0.7363633513450623,145.08259338757625,127.27922061357854,False
TAP,TAP_P03782,-57.03968006502435,-6.851941020184345,forest,0.8347620458439757,-0.7462325692176819,69.52807922209811,134.1640786499874,False
TAP,TAP_P03783,-57.32122823082914,-7.181199149943693,forest,0.8381088734128783,-0.7378072738647461,6532.483013953644,254.5584412271571,False
TAP,TAP_P03784,-56.97526133807193,-7.371090213724974,forest,0.8033508071252725,-0.7233661413192749,658.7873756486051,90.0,False
TAP,TAP_P03785,-57.35876750894093,-7.132706568024937,forest,0.8566960470120413,-0.7483266592025757,6532.483013953644,108.16653826391968,False
TAP,TAP_P03788,-56.73322450686401,-7.669672476453738,forest,0.7629728869082814,-0.6719696521759033,9991.219089903321,42.42640687119285,False
TAP,TAP_P03789,-57.59719891668864,-6.86841272242306,forest,0.8152237044302423,-0.7117326259613037,940.4013963372355,67.0820393249937,False
TAP,TAP_P03791,-57.473093572297984,-6.159088120450312,forest,0.748622419733094,-0.6517579555511475,1929.2377405479056,60.0,False
TAP,TAP_P03792,-57.30474057509132,-7.096996471635047,forest,0.8154957309834442,-0.7079594731330872,6532.483013953644,134.1640786499874,False
TAP,TAP_P03793,-57.383688311153314,-6.024381247248519,forest,0.8351494757436964,-0.7323799729347229,2568.233036550785,108.16653826391968,False
TAP,TAP_P03794,-56.94099089562073,-7.372329783535109,forest,0.8339596951989764,-0.7246893644332886,222.8822387242908,192.09372712298546,False
TAP,TAP_P03795,-56.88815334496091,-5.466961867839356,forest,0.8146067551634804,-0.6990730166435242,32.54155165150397,67.0820393249937,False
TAP,TAP_P03796,-55.91339431581641,-6.195529046757557,forest,0.7392857130582063,-0.653317391872406,1142.5444204523114,94.86832980505139,False
TAP,TAP_P03798,-57.39053970954993,-5.99896439998047,forest,0.7863905985541302,-0.6658216714859009,2568.233036550785,30.0,False
TAP,TAP_P03799,-56.93976294144435,-6.048279059368208,forest,0.8174246330786333,-0.7048786282539368,521.811872608449,94.86832980505139,False
TAP,TAP_P03800,-56.50083724567194,-5.788526895056636,forest,0.8637837819333842,-0.7544141411781311,91.73112052646086,127.27922061357854,False
TAP,TAP_P03802,-56.79496213916264,-7.030380963850305,forest,0.8202629560524543,-0.7110719680786133,70.17529313393223,30.0,False
TAP,TAP_P03804,-57.10817403809708,-5.462589016657796,forest,0.5496984445227538,-0.5663600564002991,22.878868468023914,192.09372712298546,False
TAP,TAP_P03805,-57.55242950246512,-6.80444592924196,forest,0.8051349522924641,-0.684482753276825,114.2512428429099,30.0,False
TAP,TAP_P03806,-56.77636499015919,-7.601877315520591,forest,0.7357235115540871,-0.6557843685150146,9991.219089903321,30.0,False
TAP,TAP_P03807,-56.86986821112375,-5.697861372161155,forest,0.8335459130603831,-0.7157135009765625,1287.902270433891,189.73665961010278,False
TAP,TAP_P03808,-57.342367380437686,-6.103643401672445,forest,0.8187288343307074,-0.6929759979248047,1622.7644649724284,30.0,False
TAP,TAP_P03809,-56.99354573938638,-5.823058472503092,forest,0.8488053360281886,-0.7302844524383545,706.1187034970374,30.0,False
TAP,TAP_P03811,-57.32973516025794,-7.105198510079303,forest,0.8703137999980306,-0.7694442272186279,6532.483013953644,284.60498941515414,False
TAP,TAP_P03812,-56.183031823596295,-6.718712585843524,forest,0.8400561263104628,-0.7297565937042236,1896.608348381681,241.86773244895647,False
TAP,TAP_P03813,-56.87496359925446,-7.132157714865118,forest,0.8072135339542602,-0.7135720252990723,40.24529505084242,201.24611797498108,False
TAP,TAP_P03814,-56.99960757822316,-5.806837906849854,forest,0.8179879123795009,-0.7209797501564026,706.1187034970374,67.0820393249937,False
TAP,TAP_P03815,-57.493705652172885,-5.161901207907348,forest,0.606580636260721,-0.5329127907752991,1623.9711795345822,30.0,False
TAP,TAP_P03816,-56.81149371293233,-7.069281145100673,forest,0.8397898936299995,-0.728274941444397,49.70817242410982,301.4962686336267,False
TAP,TAP_P03817,-56.17846536892768,-6.799520053584934,forest,0.7663472196885059,-0.6681028604507446,110.64781311286376,30.0,False
TAP,TAP_P03821,-56.33452771789151,-6.978100839512077,forest,0.7756796322772969,-0.670370876789093,44.93360846627343,120.0,False
TAP,TAP_P03822,-55.485700124754,-5.48784962020112,forest,0.8342911802200874,-0.7361016273498535,229.02317675132082,335.4101966249685,False
TAP,TAP_P03823,-56.20588380358658,-6.727651971374715,forest,0.7927425082966023,-0.6896551847457886,1896.608348381681,150.0,False
TAP,TAP_P03824,-56.99829504509652,-5.753294270747822,forest,0.6214540919193154,-0.5890928506851196,212.69783850215384,30.0,False
TAP,TAP_P03825,-56.87648511290347,-5.701700124616923,forest,0.5317032782323321,-0.4411157369613647,1287.902270433891,30.0,False
TAP,TAP_P03826,-57.17116624471517,-5.187843793177394,forest,0.8143016371835461,-0.7183777093887329,291.03607280138067,201.24611797498108,False
TAP,TAP_P03827,-56.36799759370319,-5.765927104191152,forest,0.7901616721558528,-0.692307710647583,272.783459296162,60.0,False
TAP,TAP_P03828,-57.07029049279871,-5.572099692999645,forest,0.8599622612197432,-0.745765745639801,105.60607111347544,84.8528137423857,False
TAP,TAP_P03829,-57.03476605189259,-5.779331875770476,forest,0.8254322380627048,-0.7080917954444885,2348.048398524063,42.42640687119285,False
TAP,TAP_P03832,-57.18032325746769,-7.27588515294271,forest,0.8599630728018767,-0.7514522075653076,191.11012352923873,127.27922061357854,False
TAP,TAP_P03833,-56.6142305102766,-6.839682300924801,forest,0.7546423266231582,-0.6658807396888733,1126.0796245100512,108.16653826391968,False
TAP,TAP_P03834,-56.61515935595287,-5.766247315360003,forest,0.8143250594222311,-0.7101588845252991,410.9512644248099,94.86832980505139,False
TAP,TAP_P03835,-56.65881126273748,-7.619105487592546,forest,0.8466606751485881,-0.7425632476806641,9991.219089903321,127.27922061357854,False
TAP,TAP_P03836,-56.70000864442896,-7.585822638431972,bare/non-forest,0.48311548704213814,-0.498034805059433,9991.219089903321,30.0,True
TAP,TAP_P03837,-57.23012096618099,-5.785707287353803,forest,0.8372591044003317,-0.7140411138534546,28.425062680223455,150.0,False
TAP,TAP_P03839,-56.74386709123685,-6.57096351220146,forest,0.7345720149629604,-0.6452353596687317,763.3836055500649,94.86832980505139,False
TAP,TAP_P03843,-56.862145587049206,-5.559378593239708,forest,0.8341089519095886,-0.7070732712745667,459.7917665954982,127.27922061357854,False
TAP,TAP_P03844,-57.589854171130256,-5.533525221312705,forest,0.7903901970826399,-0.6400629878044128,38.808555194040544,240.0,False
TAP,TAP_P03847,-56.93739733634583,-6.049433218315012,forest,0.8527503448901741,-0.7289959192276001,521.811872608449,180.0,False
TAP,TAP_P03848,-57.03196390123852,-7.268000640385366,forest,0.8571236296295099,-0.757381796836853,2175.487275045593,30.0,False
TAP,TAP_P03850,-56.50362872488715,-6.602940285065217,forest,0.799305552829317,-0.696121335029602,1052.397171449675,90.0,False
TAP,TAP_P03851,-57.02089721533604,-7.13683412647438,forest,0.8627671579709232,-0.7505422830581665,656.5650394138568,150.0,False
TAP,TAP_P03852,-57.5524359346618,-6.54843543276413,forest,0.7991316914006907,-0.6920776963233948,781.3254531708121,174.92855684535903,False
TAP,TAP_P03854,-57.56704173660614,-6.878685344775021,forest,0.5534069872084189,-0.5214059352874756,940.4013963372355,30.0,False
TAP,TAP_P03855,-56.55947406801161,-7.023705226348824,forest,0.8079807836265163,-0.7101054787635803,110.99422958628817,180.0,False
TAP,TAP_P03856,-56.68426016783565,-5.742265553024464,forest,0.8453237517081732,-0.724490225315094,1909.7384285300964,150.0,False
TAP,TAP_P03857,-56.56118949738135,-7.2256457132860925,forest,0.8293873062924793,-0.7250117063522339,269.23037233090275,169.7056274847714,False
TAP,TAP_P03859,-56.970572346398185,-7.016496047446595,forest,0.8677870486442885,-0.7555325031280518,202.5154414928615,218.40329667841553,False
TAP,TAP_P03860,-57.51993204209494,-4.909038294403697,forest,0.8232842341656013,-0.721406102180481,462.9757845096954,169.7056274847714,False
TAP,TAP_P03861,-56.90069369160558,-5.706067581386136,forest,0.7865497108510278,-0.662818968296051,1287.902270433891,42.42640687119285,False
TAP,TAP_P03862,-57.64928122929333,-5.1814862144971165,forest,0.8389200692125398,-0.7065917253494263,104.93618691792346,84.8528137423857,False
TAP,TAP_P03863,-57.11431167717411,-5.623589273929501,forest,0.8564857261514187,-0.7137148380279541,439.3920696679941,60.0,False
TAP,TAP_P03864,-56.508580250815214,-6.131623245575048,forest,0.832292585619648,-0.7406779527664185,115.49513972289317,161.55494421403512,False
TAP,TAP_P03865,-57.46389218660745,-6.515738222291185,bare/non-forest,0.09607929343460389,-0.0907997637987136,70.15832004336636,30.0,True
TAP,TAP_P03866,-56.51793838822061,-7.009668403169886,forest,0.6093965764256818,-0.5564418435096741,3842.1278497334474,169.7056274847714,False
TAP,TAP_P03867,-56.71698284100125,-7.724683972681462,forest,0.8474984882427846,-0.752913773059845,513.7780987804362,84.8528137423857,False
TAP,TAP_P03868,-57.59297835396299,-6.869419994021276,forest,0.8243125885012551,-0.7107138633728027,940.4013963372355,192.09372712298546,False
TAP,TAP_P03871,-57.13633717053246,-7.263979382128345,forest,0.8408656924692912,-0.7350143790245056,1719.8896589965225,94.86832980505139,False
TAP,TAP_P03872,-56.19887380976856,-6.803533477711593,forest,0.8165987285428318,-0.7259646654129028,108.70144917290474,67.0820393249937,False
TAP,TAP_P03873,-56.85804845090958,-5.678294551339365,forest,0.8366311530293611,-0.7309501767158508,1287.902270433891,276.5863337187866,False
TAP,TAP_P03875,-56.99803709356604,-7.032697013225824,forest,0.8659340671711808,-0.752301037311554,1512.8545122012727,150.0,False
TAP,TAP_P03876,-56.32773045042813,-6.880366340252538,forest,0.8113207350696016,-0.6939495801925659,96.96735554874085,108.16653826391968,False
TAP,TAP_P03877,-56.3745436108746,-6.846810870689977,forest,0.7780061590190529,-0.6971877217292786,1375.8358951947446,94.86832980505139,False
TAP,TAP_P03878,-56.764046281832016,-5.288824581805816,forest,0.8322935831690268,-0.7254297137260437,46.567404671673664,84.8528137423857,False
TAP,TAP_P03879,-57.03471729937429,-5.761590300539707,forest,0.8828440957108296,-0.7469539046287537,2348.048398524063,108.16653826391968,False
TAP,TAP_P03880,-57.40853292968956,-5.661511084441261,forest,0.7851239857317365,-0.6874797940254211,778.7216038360784,324.4996147917591,False
TAP,TAP_P03881,-57.44756594244374,-6.280943667782201,bare/non-forest,-0.025957317268623045,-0.034980833530426,599.5998986372902,30.0,True
TAP,TAP_P03882,-57.27906027421243,-6.094392210655784,forest,0.8139810477398939,-0.7014462947845459,128.6884565108055,123.69316876852982,False
TAP,TAP_P03883,-56.344267306141056,-7.398078650707211,forest,0.6551596270920969,-0.6486174464225769,168.34084003050964,42.42640687119285,False
TAP,TAP_P03884,-56.565672263956216,-7.224596986201511,forest,0.6819452395044555,-0.6299810409545898,269.23037233090275,30.0,False
TAP,TAP_P03885,-56.88353399308103,-7.230364964577546,forest,0.8374455754134082,-0.7456943392753601,205.22709128104563,240.0,False
TAP,TAP_P03886,-57.36966531718611,-6.096630943737761,forest,0.815324715850908,-0.712538480758667,1622.7644649724284,120.0,False
TAP,TAP_P03887,-57.5690262499004,-5.144620057612025,forest,0.8288912656699241,-0.7020853757858276,1039.9103040419293,42.42640687119285,False
TAP,TAP_P03888,-56.0138739598253,-6.207003854040804,forest,0.5159814151261773,-0.4932807087898254,393.60409921027764,30.0,False
TAP,TAP_P03891,-57.02255485341144,-6.874366585523752,forest,0.7559321951137863,-0.592831552028656,336.9340490625738,30.0,False
TAP,TAP_P03892,-57.153093482092366,-7.106853023877063,forest,0.8610203187402222,-0.7613742351531982,429.980921556009,120.0,False
TAP,TAP_P03893,-56.87627648785602,-5.56827840789328,forest,0.7798742186038564,-0.6573619246482849,459.7917665954982,42.42640687119285,False
TAP,TAP_P03894,-57.05534369126836,-7.244559959269622,forest,0.7275813376553025,-0.6437265872955322,2175.487275045593,30.0,False
TAP,TAP_P03895,-57.190659757306,-7.389455358130094,forest,0.8819209015825742,-0.7584994435310364,2430.777471602475,120.0,False
TAP,TAP_P03896,-57.53243486138618,-5.104256197224083,forest,0.7455108318355573,-0.6637382507324219,1039.9103040419293,127.27922061357854,False
TAP,TAP_P03899,-57.02305065187944,-7.464617327378222,forest,0.8041542921739829,-0.691913902759552,33.77097703754117,134.1640786499874,False
TAP,TAP_P03900,-56.349524813800166,-6.521536076280209,forest,0.8227474144324873,-0.7292600870132446,350.0260657632124,201.24611797498108,False
TAP,TAP_P03901,-56.594601306348245,-7.696840591716426,forest,0.8498923475927458,-0.7306520342826843,462.1114501786626,150.0,False
TAP,TAP_P03902,-57.034387400305626,-5.76931252811389,forest,0.6501798407404843,-0.5222799181938171,2348.048398524063,60.0,False
TAP,TAP_P03905,-57.31213352634873,-7.162956709114033,forest,0.8731440084592714,-0.7726146578788757,6532.483013953644,361.2478373637689,False
TAP,TAP_P03906,-56.64357697470763,-7.696383442475395,forest,0.8417287736210188,-0.7218093872070312,71.45163485198529,258.0697580112788,False
TAP,TAP_P03908,-56.44540615157907,-6.161679405490819,forest,0.8326164752802008,-0.7157297134399414,57.070353383948586,30.0,False
TAP,TAP_P03909,-57.25529624218004,-5.911547248143825,forest,0.8382869989504063,-0.7313045263290405,708.4508174728377,123.69316876852982,False
TAP,TAP_P03910,-56.05627469419494,-5.507647539284949,forest,0.7629244491784157,-0.6689116954803467,596.0602670451929,192.09372712298546,False
TAP,TAP_P03912,-56.23633361800437,-6.706268937505558,forest,0.8379813999761175,-0.725450873374939,1138.2805734249494,169.7056274847714,False
TAP,TAP_P03913,-56.521577566711336,-6.528127671533542,forest,0.7950565197486664,-0.7046257853507996,1052.397171449675,30.0,False
TAP,TAP_P03914,-56.31281129959142,-6.792001068241593,forest,0.8299389059983319,-0.7155064344406128,1375.8358951947446,134.1640786499874,False
TAP,TAP_P03915,-56.37628894439915,-6.493110997740011,forest,0.8250154064162512,-0.7225088477134705,287.89069744971806,108.16653826391968,False
TAP,TAP_P03916,-56.2632541819165,-6.27170433855507,forest,0.7905454536522059,-0.6739130616188049,382.36887239380616,30.0,False
TAP,TAP_P03917,-57.393798638749736,-6.072506454649201,forest,0.8099822565941839,-0.7250229120254517,1358.8105955343228,60.0,False
TAP,TAP_P03918,-57.02427952026813,-7.465208876475343,bare/non-forest,0.39654999701501314,-0.4717647135257721,33.77097703754117,30.0,True
TAP,TAP_P03919,-57.15965893878029,-7.090398261264543,forest,0.8849740922941474,-0.7528684735298157,429.980921556009,295.4657340538831,False
TAP,TAP_P03920,-56.62817126980053,-6.991310409822182,forest,0.7558614324528564,-0.6764954328536987,1008.8881937929187,42.42640687119285,False
TAP,TAP_P03921,-57.044857135229705,-6.946640313171879,forest,0.8306878375410769,-0.7339529395103455,383.16344756746946,30.0,False
TAP,TAP_P03922,-57.34926892158754,-5.790663735742714,forest,0.8395996354425919,-0.7269855737686157,96.3159944838031,90.0,False
TAP,TAP_P03923,-56.3622477447057,-5.766519772914178,forest,0.8121900570359718,-0.7195042371749878,272.783459296162,180.0,False
TAP,TAP_P03924,-56.10470389353616,-5.491123970891512,forest,0.8566841235701745,-0.7300441265106201,596.0602670451929,90.0,False
TAP,TAP_P03925,-56.42440873084684,-6.893540653404709,forest,0.862323868114487,-0.7370871305465698,636.8885494985101,67.0820393249937,False
TAP,TAP_P03926,-56.73080196986838,-7.106804747552423,forest,0.8011088056664588,-0.7089715600013733,402.8868986953326,60.0,False
TAP,TAP_P03927,-56.51067387506273,-6.80685343205721,forest,0.8475350028770671,-0.7102740406990051,122.10455455020794,182.48287590894657,False
TAP,TAP_P03928,-56.92393501397777,-4.999364052935463,forest,0.7937413921857533,-0.6889373064041138,94.50235657776149,94.86832980505139,False
TAP,TAP_P03929,-56.61497544622847,-5.237753328383877,forest,0.7572697066108437,-0.6365834474563599,87.9141913095989,123.69316876852982,False
TAP,TAP_P03930,-56.88517179396325,-6.708076721965265,water,-0.21739135093146897,0.1597950458526611,329.9133012600551,67.0820393249937,True
TAP,TAP_P03931,-56.73797101827754,-7.650638814561328,bare/non-forest,0.2628398527080984,-0.2976888418197632,9991.219089903321,30.0,True
TAP,TAP_P03932,-57.3056873255314,-5.8798551682456495,forest,0.6989376418806209,-0.5973497629165649,708.4508174728377,30.0,False
TAP,TAP_P03933,-56.29316881125761,-6.566518429818038,forest,0.819616325387348,-0.7154869437217712,124.97333929354812,442.944691807002,False
TAP,TAP_P03934,-57.062344824066045,-7.250828791695566,forest,0.8556946905726498,-0.755926251411438,2175.487275045593,212.13203435596427,False
TAP,TAP_P03935,-56.42974540167386,-6.53154389295287,forest,0.8169257283939603,-0.6857786774635315,181.80061056683087,90.0,False
TAP,TAP_P03936,-57.4541507340303,-6.275096515156146,bare/non-forest,0.15520627605278772,-0.1878831684589386,599.5998986372902,30.0,True
TAP,TAP_P03937,-56.19459444817112,-6.880523187806305,forest,0.8138138088417879,-0.7102092504501343,168.33808260223276,60.0,False
TAP,TAP_P03938,-56.99319390924081,-5.550227996152542,forest,0.831527556814298,-0.7124525308609009,19.83761049163762,180.0,False
TAP,TAP_P03939,-56.51673050532448,-6.801406443942472,forest,0.808838644270425,-0.6980913281440735,122.10455455020794,192.09372712298546,False
TAP,TAP_P03940,-56.624215952789,-6.88659527840725,forest,0.84132309598775,-0.739297091960907,185.54396190215914,108.16653826391968,False
TAP,TAP_P03941,-57.11782080293595,-5.615972177540863,forest,0.8370888668040944,-0.729253888130188,439.3920696679941,90.0,False
TAP,TAP_P03942,-56.60043794825724,-6.799733236712093,forest,0.5237031556306077,-0.483401745557785,160.07623784075986,30.0,False
TAP,TAP_P03948,-56.66031611118117,-5.7058385476076285,forest,0.7528019705162979,-0.6842781901359558,49.11748598319959,335.4101966249685,False
TAP,TAP_P03949,-56.4345747374829,-6.229053102181976,forest,0.8133812488538706,-0.7073947787284851,252.2390844989058,60.0,False
TAP,TAP_P03950,-57.057973560194114,-5.671764528083536,forest,0.8423223853668467,-0.7220762372016907,2348.048398524063,123.69316876852982,False
TAP,TAP_P03951,-56.68337431549806,-7.644583529615303,forest,0.8405159729196182,-0.7420141696929932,9991.219089903321,150.0,False
TAP,TAP_P03953,-57.34470846046712,-7.152852624885867,forest,0.8504409288203434,-0.7491593956947327,6532.483013953644,258.0697580112788,False
TAP,TAP_P03954,-57.3890795038019,-6.135767455796299,forest,0.7940854365947895,-0.6751457452774048,1393.6647522987732,108.16653826391968,False
TAP,TAP_P03956,-57.00091366481226,-6.892164994630146,forest,0.8459556954928903,-0.7207835912704468,254.83929210721502,152.97058540778355,False
TAP,TAP_P03957,-56.312390671114464,-6.525926858408493,forest,0.8030438700898904,-0.7125850319862366,750.1200483870076,84.8528137423857,False
TAP,TAP_P03958,-56.78051531574567,-7.6184486965375875,forest,0.8173237058404579,-0.7073439955711365,9991.219089903321,152.97058540778355,False
TAP,TAP_P03959,-57.47265718886642,-5.003294564923442,water,-0.30687206139596057,0.2608705461025238,735.601238367819,30.0,True
TAP,TAP_P03960,-56.34191727349709,-7.269942769628741,forest,0.8519989360614659,-0.7321192622184753,93.94813858024095,254.5584412271571,False
TAP,TAP_P03961,-56.32585558391702,-7.005502439471631,forest,0.8021178090125796,-0.67463618516922,225.03716135145635,42.42640687119285,False
TAP,TAP_P03963,-55.95647603495329,-5.433296154964088,forest,0.7059281267644341,-0.6043813228607178,110.91234515002456,67.0820393249937,False
TAP,TAP_P03966,-56.96970641012988,-7.353605371919521,forest,0.8430173307010315,-0.738926351070404,658.7873756486051,30.0,False
TAP,TAP_P03967,-55.48279977827895,-5.427602159199031,forest,0.853460351715222,-0.7255997657775879,371.69104591283815,94.86832980505139,False
TAP,TAP_P03968,-56.16846623120186,-6.813976388685001,forest,0.6758034162249136,-0.5836734771728516,41.330221646088845,30.0,False
TAP,TAP_P03969,-56.651829138311314,-7.54527397690365,forest,0.8178903401808886,-0.7245762348175049,181.34304075640574,180.0,False
TAP,TAP_P03970,-57.59545259522222,-5.220697963457698,forest,0.8170364312375685,-0.7025583386421204,142.46844188902702,90.0,False
TAP,TAP_P03971,-57.119218298388965,-7.448347732973908,forest,0.8299656890529947,-0.7236384749412537,280.96834450664835,108.16653826391968,False
TAP,TAP_P03973,-56.680185026046665,-5.763160036937708,forest,0.8021675575031997,-0.6750926375389099,1909.7384285300964,108.16653826391968,False
TAP,TAP_P03974,-56.68247373119672,-4.869384886997258,forest,0.8380874733507262,-0.7089889049530029,467.49816027068374,123.69316876852982,False
TAP,TAP_P03976,-56.88053237004655,-7.1329716108869095,forest,0.8123364406015607,-0.6948036551475525,40.24529505084242,67.0820393249937,False
TAP,TAP_P03977,-57.44206672465228,-6.157221060254069,forest,0.8180744222796398,-0.702731192111969,1929.2377405479056,212.13203435596427,False
TAP,TAP_P03978,-56.61515335998773,-5.5125674584699045,forest,0.7692160253837874,-0.6653090715408325,306.76637265204636,241.86773244895647,False
TAP,TAP_P03980,-56.647480608491314,-7.234955993911443,forest,0.8523351554996919,-0.7480035424232483,81.49893789168846,60.0,False
TAP,TAP_P03981,-56.96298363735849,-7.145794681002702,forest,0.857395563953339,-0.7370767593383789,94.72791138232658,268.3281572999748,False
TAP,TAP_P03982,-56.919301017851744,-6.052006492593969,forest,0.8496382487074002,-0.7341869473457336,521.811872608449,108.16653826391968,False
TAP,TAP_P03983,-57.154863719797525,-7.255788110496527,forest,0.8323773070482565,-0.7419354915618896,1719.8896589965225,60.0,False
TAP,TAP_P03984,-56.76344617249433,-7.489943852918951,water,-0.040981678437284605,0.0024047484621405,9991.219089903321,30.0,True
TAP,TAP_P03985,-57.52928083631319,-6.539747946062279,forest,0.8298793700763418,-0.724341094493866,781.3254531708121,189.73665961010278,False
TAP,TAP_P03986,-57.14714074696053,-5.529876363821065,forest,0.8696753345945312,-0.7547433376312256,79.9481052800455,67.0820393249937,False
TAP,TAP_P03988,-56.99950751998798,-6.90460283074004,forest,0.7988281355278747,-0.6943749189376831,254.83929210721502,60.0,False
TAP,TAP_P03989,-56.707943264439024,-7.557214506551015,forest,0.8581303446514148,-0.712635338306427,9991.219089903321,276.5863337187866,False
TAP,TAP_P03990,-56.18063759440927,-6.70792665009607,forest,0.8315428874774483,-0.7080672979354858,1896.608348381681,216.33307652783935,False
TAP,TAP_P03991,-56.3046933728571,-6.791803270010439,forest,0.8520820362539414,-0.7487403154373169,1375.8358951947446,94.86832980505139,False
TAP,TAP_P03992,-56.850926649085885,-5.69101674784304,forest,0.8507164362461085,-0.7415981888771057,1287.902270433891,60.0,False
TAP,TAP_P03993,-56.99609918499527,-5.824118253758992,forest,0.8308174253829155,-0.7204693555831909,706.1187034970374,42.42640687119285,False
TAP,TAP_P03994,-57.11840818279861,-5.613171452592976,forest,0.8682903717896631,-0.7217169404029846,439.3920696679941,60.0,False
TAP,TAP_P03995,-57.31294145784003,-7.134093277991033,forest,0.8203042046873554,-0.7037594318389893,42.68097706941025,108.16653826391968,False
TAP,TAP_P03996,-57.61340465405802,-6.857903131539622,forest,0.7887499999708965,-0.6899310350418091,325.31826304198074,30.0,False
TAP,TAP_P03997,-56.70708402078972,-7.780487804747619,forest,0.835251362352581,-0.7286432385444641,1080.1496008580875,276.5863337187866,False
TAP,TAP_P03998,-57.17108406460998,-7.034662600205479,forest,0.8330081855950976,-0.7309417128562927,232.23649866492613,120.0,False
TAP,TAP_P03999,-57.419831862456725,-5.233978102090874,forest,0.8018392214653813,-0.6992389559745789,175.86363897720835,30.0,False
