id,lon,lat,kind,NDVI_p50,NDWI_p50,B11_p50,B12_p50
TAP_P00002,-56.42444928008274,-6.20914510463866,vegetated,0.8190053701400757,-0.7112078666687012,0.152999997138977,0.064699999988079
TAP_P00003,-57.161494849981,-7.2642197538132445,vegetated,0.84969562292099,-0.7443864941596985,0.149399995803833,0.0639000013470649
TAP_P00004,-57.38156732927551,-6.201584116878539,vegetated,0.8358253836631775,-0.7387279868125916,0.1645999997854232,0.0687500014901161
TAP_P00006,-56.271116524743135,-6.713175770398697,vegetated,0.8328102231025696,-0.7134771347045898,0.1472499966621399,0.0621000006794929
TAP_P00007,-56.58449607497098,-5.505562151019106,vegetated,0.8143534064292908,-0.6970645785331726,0.122699998319149,0.0507000014185905
TAP_P00008,-56.882702955356486,-7.076177252782658,vegetated,0.81242835521698,-0.7095965147018433,0.1968999952077865,0.088699996471405
TAP_P00010,-57.37095587917415,-6.218232856047615,vegetated,0.8155991435050964,-0.7155601978302002,0.1733999997377395,0.0755999982357025
TAP_P00011,-56.41526690533049,-5.724755355691315,vegetated,0.8643326163291931,-0.767430305480957,0.1568000018596649,0.063400000333786
TAP_P00012,-56.75669967611866,-7.513483500228767,vegetated,0.805644154548645,-0.6890998482704163,0.139500007033348,0.0582000017166137
TAP_P00013,-57.47388533428744,-6.2017025313589365,vegetated,0.7751169800758362,-0.6836630702018738,0.1669500023126602,0.0729999989271164
TAP_P00015,-57.50255537092832,-6.905411616312231,vegetated,0.837795615196228,-0.7341514229774475,0.1745000034570694,0.0719500035047531
TAP_P00016,-56.70796315597528,-7.118587848779073,vegetated,0.7783187031745911,-0.674972653388977,0.1354999989271164,0.0599000006914138
TAP_P00017,-56.93764735081439,-7.064378714676365,vegetated,0.4975899755954742,-0.5419554114341736,0.238999992609024,0.127700001001358
TAP_P00019,-56.92740448264752,-7.483557583799191,vegetated,0.502611517906189,-0.4958677887916565,0.2545999884605407,0.1651999950408935
TAP_P00021,-57.29582571564053,-7.151069582576668,vegetated,0.8522250056266785,-0.7653030753135681,0.1589999943971634,0.0653999969363212
TAP_P00022,-57.14162489445533,-7.303705367766433,vegetated,0.8542161583900452,-0.7545607089996338,0.1618916690349578,0.0675999969244003
TAP_P00023,-56.22944971290691,-6.711085361753256,vegetated,0.8206192851066589,-0.7053646445274353,0.1333000063896179,0.0552500002086162
TAP_P00025,-57.0130146201455,-7.266231381203008,vegetated,0.8512440919876099,-0.7372382879257202,0.1489800065755844,0.0623000003397464
TAP_P00026,-56.27289681433133,-6.779442102985856,vegetated,0.8245416283607483,-0.7091132402420044,0.1387999951839447,0.0581000000238418
TAP_P00028,-57.62484977216362,-5.151035224233872,vegetated,0.8166289925575256,-0.6971608996391296,0.1970999985933303,0.0890000015497207
TAP_P00031,-56.65437552458138,-7.19939749066787,vegetated,0.8146517276763916,-0.7307108640670776,0.1434500068426132,0.0622499994933605
TAP_P00032,-56.58273758723107,-6.85765166824638,bare — sandbar / spoil / tailings,0.2820756137371063,-0.1793006211519241,0.0771500021219253,0.0359999984502792
TAP_P00033,-56.05211794964272,-5.513768620940988,vegetated,0.4404129385948181,-0.4978323876857757,0.2418999969959259,0.157150000333786
TAP_P00034,-57.26381070913405,-5.786762473609402,vegetated,0.636313259601593,-0.5650220513343811,0.1444499939680099,0.0662999972701072
TAP_P00035,-56.95833460410323,-7.364648692750106,vegetated,0.8240000009536743,-0.7227786779403687,0.1414999961853027,0.0615000016987323
TAP_P00036,-56.70396327552731,-5.652655338588249,vegetated,0.772009015083313,-0.6622613668441772,0.1924999952316284,0.0877000018954277
TAP_P00037,-56.35966995228299,-6.671860997117656,vegetated,0.8131648898124695,-0.7200855016708374,0.1374000012874603,0.060199998319149
TAP_P00039,-56.97359622351304,-7.040594021528027,vegetated,0.8340878486633301,-0.7290600538253784,0.1335500031709671,0.0544999986886978
TAP_P00040,-57.153637597503,-7.2891957023778,vegetated,0.847108006477356,-0.733423113822937,0.1817071437835693,0.0766500011086463
TAP_P00041,-56.63953657579538,-6.928567738891294,vegetated,0.8168931007385254,-0.7149401903152466,0.1553000062704086,0.0640999972820282
TAP_P00042,-57.56526596515493,-6.927351466825587,vegetated,0.8123630285263062,-0.7144830822944641,0.1627999991178512,0.0671499967575073
TAP_P00043,-56.645600163454255,-7.552532094741956,vegetated,0.8187440037727356,-0.7190452814102173,0.1330000013113021,0.0555000007152557
TAP_P00044,-56.31693347697578,-6.684399827040276,vegetated,0.8170894384384155,-0.7108784317970276,0.1371999979019165,0.0586000010371208
TAP_P00045,-56.2432589903115,-6.710650719213907,vegetated,0.8523452877998352,-0.7299465537071228,0.1445000022649765,0.0621000006794929
TAP_P00046,-57.35014244395402,-6.530523019822047,vegetated,0.8262500166893005,-0.727713942527771,0.1712000072002411,0.0706999972462654
TAP_P00047,-56.96661529104343,-7.0515120554121085,vegetated,0.8106821179389954,-0.7139680981636047,0.1691000014543533,0.0706999972462654
TAP_P00048,-57.36089675222351,-6.996704975481162,vegetated,0.8543097972869873,-0.7427323460578918,0.1532499939203262,0.062399998307228
TAP_P00051,-56.83849017631857,-7.122620630906365,vegetated,0.7273332476615906,-0.6816229820251465,0.1643999963998794,0.0805500000715255
TAP_P00052,-56.84754857162953,-6.597425345923878,water / turbid pond,-0.2577165961265564,0.1706964075565338,0.0205499995499849,0.0125500001013278
TAP_P00053,-56.48675720025396,-6.960450979197367,vegetated,0.4451672732830047,-0.4483271539211273,0.2964000105857849,0.211899995803833
TAP_P00055,-56.60443825334352,-7.710291870821755,vegetated,0.8325123190879822,-0.7251377105712891,0.1448999941349029,0.0625
TAP_P00056,-56.10995585386895,-6.685857399059636,water / turbid pond,-0.3922156095504761,0.3582718670368194,0.066500000655651,0.0474999994039535
TAP_P00057,-56.86322271131212,-5.6694526441167055,vegetated,0.6305699944496155,-0.5841071009635925,0.1807000041007995,0.097300000488758
TAP_P00058,-57.28936344642795,-7.200636065347988,vegetated,0.8699237108230591,-0.7498539090156555,0.1628500074148178,0.0666999965906143
TAP_P00059,-56.985905772085786,-5.564576923974211,vegetated,0.8358495831489563,-0.7221480011940002,0.1624999940395355,0.06700000166893
TAP_P00060,-56.15057518271647,-6.740212754318556,vegetated,0.7567164301872253,-0.6650251150131226,0.1394000053405761,0.0607500001788139
TAP_P00061,-56.752846075716086,-7.632322148320426,vegetated,0.5635617971420288,-0.4605353474617004,0.2178999930620193,0.1524000018835067
TAP_P00063,-56.40718406503017,-6.303886777674102,vegetated,0.8053691387176514,-0.7163283824920654,0.1485999971628189,0.062899999320507
TAP_P00064,-57.33661892471375,-7.17585134936296,vegetated,0.6942185759544373,-0.6658197045326233,0.2025499939918518,0.0953999981284141
TAP_P00065,-56.41105813986681,-6.304102545167101,vegetated,0.8264109492301941,-0.7078185677528381,0.1583500057458877,0.0666500031948089
TAP_P00066,-56.38976869510078,-6.39183339756269,vegetated,0.7926304936408997,-0.6834462881088257,0.1436062455177307,0.0613333322107791
TAP_P00067,-57.3522369558146,-7.019145128627335,vegetated,0.8390056490898132,-0.7286936044692993,0.1633999943733215,0.067500002682209
TAP_P00068,-57.085788227564834,-7.186424345053598,vegetated,0.8560221791267395,-0.7616652846336365,0.1828500032424926,0.0810000002384185
TAP_P00069,-57.38413634024378,-5.701748351679196,vegetated,0.8184014558792114,-0.7117193341255188,0.1775999963283538,0.0716999992728233
TAP_P00071,-55.31758839912824,-6.031339801902348,vegetated,0.8184941411018372,-0.717083215713501,0.179199993610382,0.0763999968767166
TAP_P00072,-57.19814291776376,-7.38981787733398,vegetated,0.8374172449111938,-0.7238852381706238,0.1544999927282333,0.0690499991178512
TAP_P00077,-57.40803319174742,-5.951173524643051,vegetated,0.8342575430870056,-0.7124324440956116,0.1800999939441681,0.0725999996066093
TAP_P00078,-56.87361338111097,-5.491720308957756,vegetated,0.7558092474937439,-0.6394410133361816,0.16547691822052,0.0750999972224235
TAP_P00079,-57.30057981481031,-5.81804488424206,vegetated,0.7191653847694397,-0.6753438711166382,0.2160499989986419,0.1016499996185302
TAP_P00080,-57.04522763486059,-5.763672830050404,vegetated,0.8752504587173462,-0.7534764409065247,0.1617999970912933,0.0672499984502792
TAP_P00081,-56.02037039413084,-6.439041219183344,vegetated,0.621502697467804,-0.6028303503990173,0.2295249998569488,0.1205250024795532
TAP_P00083,-57.50388726659314,-5.012822756344107,vegetated,0.8090209364891052,-0.6847714185714722,0.163000002503395,0.0702999979257583
TAP_P00085,-57.44516794922212,-6.365250689369901,vegetated,0.684911847114563,-0.6093506217002869,0.1675000041723251,0.0859000012278556
TAP_P00086,-56.587021806393714,-7.320838358298023,vegetated,0.8301724791526794,-0.7268952131271362,0.1273666620254516,0.0549999997019767
TAP_P00087,-57.3805777155603,-5.998300345903147,vegetated,0.7992584705352783,-0.6960591077804565,0.1873999983072281,0.0764999985694885
TAP_P00088,-56.97626087071233,-5.847631336219652,vegetated,0.8530367016792297,-0.7488524913787842,0.16355000436306,0.0680499970912933
TAP_P00089,-56.86745570071068,-6.732284316189482,vegetated,0.5518871545791626,-0.4946509897708893,0.1509000062942505,0.0639000013470649
TAP_P00090,-56.46654892313804,-7.037706519942373,vegetated,0.8065467476844788,-0.6986225843429565,0.1523000001907348,0.068400003015995
TAP_P00091,-56.35978882470512,-6.667899498815093,vegetated,0.8350381255149841,-0.7310925722122192,0.1597499996423721,0.068850003182888
TAP_P00092,-57.26291680216643,-7.171734856321959,vegetated,0.8346169590950012,-0.740398645401001,0.1524000018835067,0.0654999986290931
TAP_P00093,-57.29669917128115,-6.082444489549997,vegetated,0.8419556617736816,-0.7304465770721436,0.1561000049114227,0.0636999979615211
TAP_P00094,-56.71716581517458,-5.939456504794271,vegetated,0.8270007967948914,-0.7180661559104919,0.1333000063896179,0.0557999983429908
TAP_P00097,-57.322973495809045,-7.146146307398921,vegetated,0.8357234597206116,-0.7377997636795044,0.1582999974489212,0.0669500008225441
TAP_P00098,-56.88297985320944,-6.708906610424839,vegetated,0.82147616147995,-0.7326642274856567,0.1877000033855438,0.0816999971866607
TAP_P00099,-57.44716374947208,-6.935339165839968,vegetated,0.8404439687728882,-0.7280361652374268,0.1616999953985214,0.064699999988079
TAP_P00100,-57.41645786609265,-6.93855428555957,vegetated,0.8447669148445129,-0.7303478121757507,0.1678999960422516,0.0694999992847442
TAP_P00103,-56.67490863473488,-7.098261338742496,vegetated,0.8046370148658752,-0.6771553158760071,0.1597999930381775,0.06700000166893
TAP_P00104,-56.66543003930335,-7.8066268597164195,vegetated,0.8486430048942566,-0.7194832563400269,0.1577000021934509,0.065650001168251
TAP_P00107,-56.30149300860246,-6.571641963460828,vegetated,0.8213069438934326,-0.7111780643463135,0.1282999962568283,0.0551499985158443
TAP_P00108,-56.87155104254418,-5.598677344548479,vegetated,0.8297405242919922,-0.7049897313117981,0.1507000029087066,0.0633499994874
TAP_P00109,-57.44930431174214,-4.824996637923996,vegetated,0.6181274652481079,-0.5618507862091064,0.164000004529953,0.0797000005841255
TAP_P00115,-56.907876307162645,-5.429273540185303,vegetated,0.850416898727417,-0.7492894530296326,0.1713999956846237,0.068850003182888
TAP_P00116,-56.38604987848651,-6.127925796354913,vegetated,0.7859482765197754,-0.6785229444503784,0.1505499929189682,0.0617000013589859
TAP_P00119,-57.15238485130718,-7.132568475204145,vegetated,0.8385093212127686,-0.7488343119621277,0.1525000035762787,0.0640000030398368
TAP_P00120,-56.17597507865458,-6.80031905218759,vegetated,0.8316482305526733,-0.7266911268234253,0.1360000073909759,0.0564999990165233
TAP_P00121,-56.85661725672815,-7.09870116123504,vegetated,0.8555209040641785,-0.7580893039703369,0.1559499949216842,0.0664499998092651
TAP_P00122,-57.54608025498639,-5.2138179678284216,vegetated,0.768278956413269,-0.693965494632721,0.1977999955415725,0.099600002169609
TAP_P00123,-57.14011853000768,-7.257372817512445,vegetated,0.869928777217865,-0.7425323724746704,0.1504999995231628,0.0630000010132789
TAP_P00124,-56.73772465882969,-7.069530164567295,vegetated,0.8244073987007141,-0.6950226426124573,0.165800005197525,0.0714000016450882
TAP_P00125,-57.00083853686498,-5.825455748639993,vegetated,0.8337650299072266,-0.7289031147956848,0.1544000059366226,0.0649999976158142
TAP_P00126,-56.55245848537496,-6.133343673675636,vegetated,0.6166266798973083,-0.591071367263794,0.1986500024795532,0.1021500006318092
TAP_P00127,-56.33392744340896,-7.307680726794734,vegetated,0.8632431030273438,-0.750633955001831,0.1426666676998138,0.0586999990046024
TAP_P00128,-57.03995761292973,-7.208389632201792,vegetated,0.8530625700950623,-0.7361266016960144,0.1526000052690506,0.0658499971032142
TAP_P00129,-55.98478154164841,-6.24067822018783,vegetated,0.824505090713501,-0.730827808380127,0.1643999963998794,0.0694999992847442
TAP_P00130,-56.90709794444789,-5.758194960047167,vegetated,0.8477615118026733,-0.742450475692749,0.1691000014543533,0.068800002336502
TAP_P00131,-56.96538878825778,-7.075676165111634,vegetated,0.8151213526725769,-0.7054404020309448,0.2055000066757202,0.0928714275360107
TAP_P00132,-55.471509354649385,-5.477253002799877,vegetated,0.8037888407707214,-0.6929083466529846,0.123999997973442,0.05180000141263
TAP_P00134,-56.892298334428425,-5.015033600401271,vegetated,0.8300235271453857,-0.7129917740821838,0.1555999964475631,0.0646499991416931
TAP_P00135,-56.91743517893831,-5.449501770746832,vegetated,0.8605695366859436,-0.7303082346916199,0.1609666645526886,0.0628333315253257
TAP_P00136,-56.23894193980635,-6.755227992727701,vegetated,0.8068345785140991,-0.6943444609642029,0.1668000072240829,0.0761500000953674
TAP_P00137,-57.35604027001594,-6.20812268174085,vegetated,0.8528359532356262,-0.7428503036499023,0.1713999956846237,0.0749000012874603
TAP_P00138,-56.06460519665284,-5.471618509943656,vegetated,0.383000910282135,-0.3984386920928955,0.1607799977064132,0.0924791693687439
TAP_P00140,-56.29201259852772,-6.137590753250477,vegetated,0.7378048896789551,-0.6328734159469604,0.1328999996185302,0.062399998307228
TAP_P00142,-57.28225878118239,-7.207719870190231,vegetated,0.8243290185928345,-0.726167619228363,0.1814000010490417,0.0825999975204467
TAP_P00143,-57.59849407163051,-5.257934470527669,vegetated,0.8247751593589783,-0.7191267609596252,0.1609999984502792,0.0687000006437301
TAP_P00144,-56.65972737281862,-5.823040203981328,vegetated,0.7974953651428223,-0.6990241408348083,0.170300006866455,0.0736000016331672
TAP_P00145,-56.53348885419713,-7.014793443956581,vegetated,0.7519736886024475,-0.6473863124847412,0.1727000027894973,0.0816000029444694
TAP_P00146,-56.90415654677723,-7.1121315861268135,vegetated,0.8345342874526978,-0.7370159029960632,0.1706999987363815,0.0714000016450882
TAP_P00149,-56.900581043226325,-6.97379364688887,vegetated,0.811838686466217,-0.708286464214325,0.1869000047445297,0.0793000012636184
TAP_P00150,-56.387817625489085,-6.849840636714538,vegetated,0.7992703318595886,-0.7048987150192261,0.1693000048398971,0.0786499977111816
TAP_P00152,-56.567751151633125,-7.706384853526124,vegetated,0.8402241468429565,-0.7294257879257202,0.147949993610382,0.0623500011861324
TAP_P00153,-56.99807150921482,-6.97615252304355,vegetated,0.8169262409210205,-0.700251579284668,0.1747799962759018,0.0800099968910217
TAP_P00155,-57.30049872783678,-7.171278957153456,vegetated,0.8190205693244934,-0.7346869707107544,0.1636999994516372,0.0688999965786933
TAP_P00156,-56.2790390903718,-6.785493747817191,vegetated,0.768223226070404,-0.6706915497779846,0.1852000057697296,0.0925000011920929
TAP_P00157,-56.39667995126327,-6.878673351962684,vegetated,0.8244618773460388,-0.7239454388618469,0.1255999952554702,0.0573000013828277
TAP_P00158,-56.50644133871978,-6.640879632660012,vegetated,0.7823964953422546,-0.6902974843978882,0.1818500012159347,0.0793000012636184
TAP_P00159,-56.9935109402656,-5.551037744650754,vegetated,0.792256236076355,-0.6968604326248169,0.1632499992847442,0.0713500007987022
TAP_P00160,-57.45313785716411,-5.262565804120244,vegetated,0.8175612688064575,-0.6957001090049744,0.1624000072479248,0.0684999972581863
TAP_P00161,-56.70111143762642,-7.811426486261332,vegetated,0.8262898325920105,-0.7273781299591064,0.1384499967098236,0.0583500005304813
TAP_P00162,-56.97763021652594,-7.340835112489127,vegetated,0.8345748782157898,-0.7453999519348145,0.1548999994993209,0.0655499994754791
TAP_P00163,-56.87448450016988,-7.0691013904529525,vegetated,0.5426219701766968,-0.537013828754425,0.2892999947071075,0.1757999956607818
TAP_P00164,-56.737528341898525,-7.6567335542854575,vegetated,0.4382767379283905,-0.4933163821697235,0.2773999869823456,0.146599993109703
TAP_P00166,-56.63689070762496,-7.827757391097216,vegetated,0.8212966322898865,-0.725533664226532,0.1591999977827072,0.0662999972701072
TAP_P00167,-57.025742406134576,-7.267272832176451,vegetated,0.801699697971344,-0.719924807548523,0.1620000004768371,0.0710999965667724
TAP_P00168,-57.42000781414267,-5.94679629898923,vegetated,0.534963071346283,-0.4790468513965606,0.262499988079071,0.1746000051498413
TAP_P00169,-56.91331622859622,-7.035284141973761,vegetated,0.8659383058547974,-0.7474274635314941,0.2116499990224838,0.0886000022292137
TAP_P00170,-56.91976540518895,-7.1388375840955,vegetated,0.8314773440361023,-0.722750723361969,0.131850004196167,0.0538499988615512
TAP_P00171,-57.27354684358048,-6.085532121603319,vegetated,0.8216760754585266,-0.7030154466629028,0.1425500065088272,0.0569499991834163
TAP_P00172,-56.158971428698194,-6.737209923823039,vegetated,0.7509195804595947,-0.634056031703949,0.1336999982595443,0.0571999996900558
TAP_P00174,-56.93396549456617,-5.456278774072723,vegetated,0.8006700873374939,-0.6973268985748291,0.1725833266973495,0.0752374976873397
TAP_P00176,-57.29090806859387,-5.406764019285018,vegetated,0.7938585877418518,-0.6849740743637085,0.2080000042915344,0.0923999994993209
TAP_P00178,-56.60379625315271,-7.689202737080371,vegetated,0.3181141316890716,-0.2042006999254226,0.1049000024795532,0.0546999983489513
TAP_P00181,-56.80571864869394,-7.031647504800803,vegetated,0.8189326524734497,-0.7211635112762451,0.1491000056266784,0.0640000030398368
TAP_P00182,-57.03818785996414,-6.953890519060306,vegetated,0.8487207889556885,-0.7278158664703369,0.1685999929904937,0.0754999965429306
TAP_P00183,-57.47805458141796,-6.934882878950377,vegetated,0.7899910807609558,-0.7132247686386108,0.1544999927282333,0.06700000166893
TAP_P00184,-57.3494691803332,-5.716909652050473,vegetated,0.8260427117347717,-0.7195189595222473,0.1731999963521957,0.0734499990940094
TAP_P00185,-56.35558451206295,-7.368564979597116,vegetated,0.801127016544342,-0.7037806510925293,0.1606499999761581,0.0758500024676323
TAP_P00187,-57.60704392227828,-5.649339177723625,vegetated,0.8414710760116577,-0.7220683693885803,0.1645999997854232,0.0704500004649162
TAP_P00188,-56.30352176282223,-6.349729226398989,vegetated,0.7822476625442505,-0.6666945815086365,0.186499997973442,0.084157146513462
TAP_P00189,-55.97506807741954,-6.186671613084674,vegetated,0.8255608677864075,-0.7207643985748291,0.1463000029325485,0.0599500015377998
TAP_P00190,-57.27778447455142,-7.185277545455928,vegetated,0.8191841244697571,-0.721439778804779,0.1900999993085861,0.0837000012397766
TAP_P00192,-56.43001779220511,-5.764256490067509,vegetated,0.8279337882995605,-0.7336050271987915,0.1424999982118606,0.0653500035405159
TAP_P00193,-56.63288772352144,-5.642403810126595,vegetated,0.7874858379364014,-0.6797795295715332,0.1448500007390976,0.0606000013649463
TAP_P00194,-57.32709499608438,-6.067931208515571,vegetated,0.5452842116355896,-0.5492185354232788,0.1879000067710876,0.0874999985098838
TAP_P00196,-57.47396764268793,-6.93938192127604,vegetated,0.5920562744140625,-0.5502392053604126,0.1428000032901764,0.063799999654293
TAP_P00197,-57.00210744654171,-6.932284277115077,vegetated,0.8666133880615234,-0.7620594501495361,0.1568499952554702,0.0612500011920928
TAP_P00198,-57.00200481258979,-7.486115166089428,vegetated,0.8447186350822449,-0.7386877536773682,0.1595000028610229,0.065600000321865
TAP_P00199,-56.981970690611234,-5.829027252006524,vegetated,0.8315854668617249,-0.702619194984436,0.1545999944210052,0.064750000834465
TAP_P00200,-57.043294421593934,-7.264545860509743,vegetated,0.8099839091300964,-0.720605731010437,0.1425999999046325,0.0601000003516674
TAP_P00203,-56.33860410171469,-7.225264073991129,vegetated,0.3800675570964813,-0.3898895978927612,0.2304999977350235,0.1430000066757202
TAP_P00204,-56.36438655190907,-6.36148537883683,vegetated,0.8201023936271667,-0.71490478515625,0.1747000068426132,0.073035717010498
TAP_P00205,-57.525448948372095,-6.924011189214837,vegetated,0.5652318000793457,-0.5472034811973572,0.2202499955892563,0.1194500029087066
TAP_P00206,-57.477612660274005,-6.9352414344496855,vegetated,0.8446657061576843,-0.727144181728363,0.1659999936819076,0.0697999969124794
TAP_P00207,-56.67888126443679,-5.339985768575482,vegetated,0.7834142446517944,-0.6911464333534241,0.1962999999523162,0.0800999999046325
TAP_P00208,-57.16769640243475,-5.507500664687382,vegetated,0.8321438431739807,-0.7262351512908936,0.1652999967336654,0.0696000009775161
TAP_P00209,-55.9320124869189,-6.218379094845105,vegetated,0.7936210036277771,-0.7018970251083374,0.1679999977350235,0.0705000013113021
TAP_P00210,-57.2895354245243,-7.111515839091726,vegetated,0.8151759505271912,-0.7212506532669067,0.1800000071525573,0.0816000029444694
TAP_P00211,-57.18371363469401,-5.1761012248814176,vegetated,0.791722297668457,-0.6876257658004761,0.1315000057220459,0.0553000010550022
TAP_P00213,-56.9089193794944,-7.481791715060917,vegetated,0.8492239713668823,-0.7483516335487366,0.1448999941349029,0.0595999993383884
TAP_P00214,-57.26386225710464,-7.167308840428305,vegetated,0.8706516027450562,-0.7711410522460938,0.1688999980688095,0.0724499970674514
TAP_P00215,-56.74060079838379,-7.059287082306606,vegetated,0.8369318246841431,-0.7381720542907715,0.1715999990701675,0.0710000023245811
TAP_P00216,-57.29857193711596,-6.082500587140116,vegetated,0.7578121423721313,-0.6729361414909363,0.1551000028848648,0.0637499988079071
TAP_P00217,-56.71703861942071,-5.803858304361393,vegetated,0.8435682058334351,-0.7239026427268982,0.186499997973442,0.090999998152256
TAP_P00218,-57.24440005114117,-5.910016059406531,vegetated,0.8091327548027039,-0.7180143594741821,0.1575500071048736,0.0702499970793724
TAP_P00219,-56.59576066199087,-7.306697633750904,vegetated,0.8103308081626892,-0.714948296546936,0.1560000032186508,0.0657500028610229
TAP_P00220,-56.61187266219879,-7.32894087427598,vegetated,0.8374802470207214,-0.7456547617912292,0.1317999958992004,0.0560000017285347
TAP_P00221,-56.41470562245951,-7.216865569113754,vegetated,0.7754809260368347,-0.7210031151771545,0.2063000053167343,0.0974999964237213
TAP_P00222,-56.85906607359828,-7.095271574135267,vegetated,0.7844011187553406,-0.6836902499198914,0.1655000001192093,0.0750000029802322
TAP_P00223,-57.443878519493055,-6.252560092921247,vegetated,0.8024916052818298,-0.7076792120933533,0.1758999973535537,0.0770500004291534
TAP_P00224,-56.7727260343668,-7.3583809883857665,vegetated,0.774326503276825,-0.6795855760574341,0.1793999969959259,0.0852999985218048
TAP_P00226,-57.42262779381476,-6.942283051823615,vegetated,0.8458529114723206,-0.7473683953285217,0.1488000005483627,0.0597999989986419
TAP_P00227,-57.15612821693122,-7.251540321795052,vegetated,0.3145518004894256,-0.3588306903839111,0.2504999935626983,0.1724999994039535
TAP_P00228,-57.48583375090281,-5.153831717395391,vegetated,0.7792847752571106,-0.6590312123298645,0.1597000062465667,0.0688999965786933
TAP_P00231,-56.64000973532202,-6.89813937942595,vegetated,0.7609673738479614,-0.6714609861373901,0.1620000004768371,0.0737000033259391
TAP_P00233,-56.9335577806752,-5.45405783565585,vegetated,0.8576483130455017,-0.7398931980133057,0.1630250066518783,0.0673749968409538
TAP_P00234,-57.46007046662068,-5.021759940757167,vegetated,0.8038153052330017,-0.7086446285247803,0.1661500036716461,0.0714500024914741
TAP_P00235,-56.55955659100142,-5.508693477617495,vegetated,0.8427938222885132,-0.7169334888458252,0.1564999967813491,0.0675999969244003
TAP_P00237,-56.52456462532589,-6.522172825605896,vegetated,0.8107750415802002,-0.7035355567932129,0.1338499933481216,0.0545499995350837
TAP_P00238,-56.485729624673375,-6.976735373980684,vegetated,0.5009310841560364,-0.553892195224762,0.3172999918460846,0.1823000013828277
TAP_P00239,-57.34282403617097,-7.045770529022958,vegetated,0.555222749710083,-0.5848912596702576,0.2347999960184097,0.1212000027298927
TAP_P00242,-56.35777867608466,-7.644976382745106,vegetated,0.4125973284244537,-0.3038194179534912,0.1115999966859817,0.0678000003099441
TAP_P00243,-56.89554393730036,-6.700658649107659,vegetated,0.6463415026664734,-0.5912286043167114,0.1370500028133392,0.0597999989986419
TAP_P00245,-57.00326100883531,-7.112386742615065,vegetated,0.8075953722000122,-0.7329408526420593,0.138150006532669,0.0596500001847744
TAP_P00247,-57.02566734621978,-6.671044670193612,vegetated,0.7852062582969666,-0.6959772109985352,0.1343999952077865,0.0553999990224838
TAP_P00249,-56.90324299305358,-5.79401025434241,vegetated,0.8289473652839661,-0.7109798192977905,0.1650999933481216,0.0693999975919723
TAP_P00250,-56.30038521847877,-7.292980363153982,vegetated,0.8258178234100342,-0.7165679335594177,0.1269299983978271,0.050050001591444
TAP_P00252,-56.15350443576441,-6.7120923377384285,vegetated,0.8026509881019592,-0.6888582110404968,0.1393000036478042,0.061999998986721
TAP_P00253,-57.42466102809081,-5.731875824927082,vegetated,0.7765591144561768,-0.6790751218795776,0.1897000074386596,0.0825000032782554
TAP_P00254,-56.43155642080959,-6.53210819168388,vegetated,0.7814362645149231,-0.6783042550086975,0.1369999945163726,0.0557999983429908
TAP_P00256,-56.32845477505019,-6.244260525675783,vegetated,0.791773796081543,-0.6854884028434753,0.2152999937534332,0.0998999997973442
TAP_P00257,-56.56178175784655,-6.500582309283357,vegetated,0.8053151965141296,-0.7277392148971558,0.1683000028133392,0.0771000012755394
TAP_P00258,-56.768974825855466,-7.560613578211579,vegetated,0.8287222385406494,-0.7449910640716553,0.1685999929904937,0.0738499984145164
TAP_P00259,-57.3278940086972,-5.888599276976576,vegetated,0.8011624217033386,-0.6817806959152222,0.1598999947309494,0.0659999996423721
TAP_P00260,-56.43694668852277,-7.066816554167752,vegetated,0.5116564631462097,-0.5005820989608765,0.2569000124931335,0.1394000053405761
TAP_P00261,-56.23961864508944,-6.760015896935949,vegetated,0.8111696243286133,-0.7075939774513245,0.162650004029274,0.0732500031590461
TAP_P00262,-56.729699162087925,-7.165491612323899,vegetated,0.8275404572486877,-0.7280481457710266,0.1480000019073486,0.0612999983131885
TAP_P00263,-57.39359494539922,-5.664574958723985,vegetated,0.7949873208999634,-0.6844608783721924,0.1652999967336654,0.069700002670288
TAP_P00264,-57.00247560468676,-5.8399960952925385,vegetated,0.8420605659484863,-0.7326943278312683,0.1618999987840652,0.0683000013232231
TAP_P00267,-56.48328657271641,-6.155390080134664,vegetated,0.5233002305030823,-0.5066405534744263,0.1781000047922134,0.0980499982833862
TAP_P00268,-56.506792205837804,-6.992356641865056,vegetated,0.8048220276832581,-0.6981335878372192,0.2144999951124191,0.101000003516674
TAP_P00270,-56.67843679903614,-7.794024130383805,vegetated,0.8070130348205566,-0.7059523463249207,0.1456000059843063,0.0649000033736229
TAP_P00272,-56.428315565104846,-6.975087512236136,vegetated,0.7872515916824341,-0.6788302659988403,0.1462499946355819,0.0654499977827072
TAP_P00273,-56.977127864908525,-7.078383228064263,bare — sandbar / spoil / tailings,0.0708547234535217,-0.0364546179771423,0.1944999992847442,0.1318999975919723
TAP_P00274,-57.45635830989129,-4.941218277905454,vegetated,0.3055285513401031,-0.3013997673988342,0.138150006532669,0.0970999971032142
TAP_P00275,-56.43415287036578,-6.53428318315405,vegetated,0.8278812170028687,-0.699181318283081,0.1429000049829483,0.0577000007033348
TAP_P00278,-56.48447517382416,-6.995030373935538,vegetated,0.4158492684364319,-0.4162230193614959,0.2935999929904938,0.1768500059843063
TAP_P00279,-57.1667005398697,-5.512547870360651,vegetated,0.8176544904708862,-0.7135751247406006,0.1683000028133392,0.0734999999403953
TAP_P00280,-56.836910724345145,-5.481523706187063,vegetated,0.7885714173316956,-0.6840277910232544,0.1517000049352646,0.0688999965786933
TAP_P00282,-56.66378087753058,-6.786851851932572,vegetated,0.5113019943237305,-0.498727411031723,0.3094500005245209,0.1713500022888183
TAP_P00283,-56.976916028029656,-6.891335198718378,vegetated,0.8318835496902466,-0.7248713970184326,0.1589999943971634,0.0672499984502792
TAP_P00284,-57.56032268585912,-5.124400294583695,vegetated,0.3639882206916809,-0.2421430200338363,0.1306499987840652,0.0667999982833862
TAP_P00287,-56.31588049654406,-7.27830018168496,vegetated,0.6228240132331848,-0.6087321639060974,0.1848636418581009,0.0917000025510788
TAP_P00288,-56.21376747255962,-6.728468627208309,vegetated,0.79889976978302,-0.6761326789855957,0.1909500062465667,0.0882999971508979
TAP_P00289,-56.53058011765128,-7.046816064120894,vegetated,0.5041932463645935,-0.5138888955116272,0.2797000110149383,0.166700005531311
TAP_P00292,-57.06214902107136,-5.796792600313456,vegetated,0.8441003561019897,-0.7321785688400269,0.1712000072002411,0.0701000019907951
TAP_P00293,-55.97595216628525,-6.199404314525206,vegetated,0.828157365322113,-0.7269307374954224,0.1679999977350235,0.0719999969005584
TAP_P00294,-56.17322169391564,-6.712514380241972,vegetated,0.8219509124755859,-0.7001839280128479,0.1621499955654144,0.0680000036954879
TAP_P00295,-57.25753341917586,-7.167731525699716,vegetated,0.854850709438324,-0.7583544850349426,0.1876000016927719,0.0814500004053115
TAP_P00296,-56.254925504502495,-6.701922997797143,vegetated,0.7959326505661011,-0.7142857313156128,0.1409000009298324,0.0612000003457069
TAP_P00299,-56.933941263999145,-7.074200802559666,vegetated,0.6591640114784241,-0.5600757002830505,0.2223999947309494,0.1099999994039535
TAP_P00300,-56.33563738525451,-6.809974829805171,vegetated,0.5194592475891113,-0.464244544506073,0.1020999997854232,0.0469500012695789
TAP_P00303,-57.351255971144354,-6.086018228906667,vegetated,0.839951753616333,-0.7319573163986206,0.1849499940872192,0.0767000019550323
TAP_P00304,-57.35740779148993,-6.095385448214025,vegetated,0.8052061796188354,-0.7084563970565796,0.2142000049352646,0.1004000008106231
TAP_P00305,-56.71707850263065,-7.123684560673807,vegetated,0.8200775980949402,-0.7212616801261902,0.1627500057220459,0.0700500011444091
TAP_P00306,-56.64262621158364,-7.146441503424744,vegetated,0.4208846092224121,-0.4690693616867065,0.2926999926567077,0.1555999964475631
TAP_P00307,-56.58573536346972,-7.237910838395066,vegetated,0.5177571177482605,-0.4896796345710754,0.2114000022411346,0.1219500005245208
TAP_P00308,-56.99443086548512,-7.388613832228876,vegetated,0.8309939503669739,-0.7158680558204651,0.1712999939918518,0.0731000006198883
TAP_P00309,-57.16855072863749,-7.041729156815283,vegetated,0.8525015115737915,-0.7437365651130676,0.1739999949932098,0.0727500021457672
TAP_P00310,-57.02174547362609,-7.489324018014279,vegetated,0.857181966304779,-0.7654096484184265,0.1605000048875808,0.0715999975800514
TAP_P00311,-56.29438991013356,-7.24951207439436,vegetated,0.7966451644897461,-0.6966081261634827,0.1428571492433548,0.0611444450914859
TAP_P00313,-57.25847075283587,-5.777015126532081,vegetated,0.8432956337928772,-0.7489492893218994,0.1651999950408935,0.0672999992966651
TAP_P00314,-56.7286824750248,-7.570191985007028,vegetated,0.8289839029312134,-0.7217019200325012,0.1437000036239624,0.0566999986767768
TAP_P00315,-56.66294164938168,-7.807662690004902,vegetated,0.6651735901832581,-0.6202852725982666,0.1967999935150146,0.0891000032424926
TAP_P00316,-57.025034765045774,-7.274151063938181,vegetated,0.8411628007888794,-0.7238839268684387,0.1523000001907348,0.0644999966025352
TAP_P00317,-56.10178224122063,-5.4952462214904765,vegetated,0.7989703416824341,-0.6879307627677917,0.1624999940395355,0.0770500004291534
TAP_P00318,-56.87762382353745,-7.004573436469702,vegetated,0.8563773036003113,-0.7503789663314819,0.1701000034809112,0.0737000033259391
TAP_P00320,-56.33714845191608,-6.495642934298714,vegetated,0.7728442549705505,-0.6651556491851807,0.1406999975442886,0.0612000003457069
TAP_P00321,-56.50587800975975,-7.302368471753024,vegetated,0.7755565643310547,-0.6815329194068909,0.1356571465730667,0.0592000000178813
TAP_P00322,-56.9196059240968,-7.485441925241029,vegetated,0.8170766830444336,-0.6963580250740051,0.1407500058412552,0.0592500008642673
TAP_P00326,-56.7325571008974,-7.393129280538178,vegetated,0.8091451525688171,-0.7239336371421814,0.1709000021219253,0.0746999979019165
TAP_P00327,-57.32100034239209,-7.180247569813833,vegetated,0.831584632396698,-0.75,0.1410000026226043,0.0586000010371208
TAP_P00328,-56.724959410504994,-7.575255501399124,vegetated,0.8213836550712585,-0.7368735074996948,0.1442999988794326,0.0590999983251094
TAP_P00329,-55.31091656210761,-6.020189459699558,vegetated,0.3831296563148498,-0.3895108997821808,0.2900499999523163,0.1903000026941299
TAP_P00330,-56.620379163136825,-7.845562893328151,vegetated,0.8385864496231079,-0.7169811129570007,0.1710000038146972,0.0751999989151954
TAP_P00331,-57.001129698375074,-7.089636200687468,vegetated,0.8323952555656433,-0.6979542970657349,0.1632999926805496,0.0692000016570091
TAP_P00332,-57.2913102602587,-7.118033734302043,vegetated,0.861129105091095,-0.7549044489860535,0.162100002169609,0.0688999965786933
TAP_P00334,-56.76683519694932,-7.462892780397478,vegetated,0.8038980960845947,-0.684608519077301,0.1527999937534332,0.0692000016570091
TAP_P00335,-56.348967494726686,-6.127219891272757,vegetated,0.7533577680587769,-0.6597402691841125,0.2190999984741211,0.1072999984025955
TAP_P00336,-56.65536500569085,-6.949117861577711,vegetated,0.7745336294174194,-0.6493616700172424,0.130400002002716,0.0564000010490417
TAP_P00337,-57.6563637083924,-5.595492731585067,vegetated,0.8488821983337402,-0.7411382794380188,0.1601999998092651,0.0653500035405159
TAP_P00338,-57.52020560526688,-6.546113579904048,vegetated,0.7920097708702087,-0.7071470022201538,0.1629000008106231,0.0734999999403953
TAP_P00339,-57.253622446203885,-5.7783164964010325,vegetated,0.8589703440666199,-0.7595983147621155,0.1616999953985214,0.0640000030398368
TAP_P00340,-56.97479504801311,-7.039651782815736,vegetated,0.8416666388511658,-0.7358185052871704,0.1379333287477493,0.0562999993562698
TAP_P00341,-55.47712813286208,-5.410073660032974,vegetated,0.8502573370933533,-0.7394787073135376,0.1652999967336654,0.0672499984502792
TAP_P00343,-56.62564259504996,-5.7112517371338,vegetated,0.8320037722587585,-0.7228596806526184,0.1414999961853027,0.0627000033855438
TAP_P00346,-56.12954609730088,-5.86366390345533,vegetated,0.8615560531616211,-0.7570194602012634,0.1651999950408935,0.070200003683567
TAP_P00347,-56.28419936857078,-6.7830188688900135,vegetated,0.8279001116752625,-0.7185015678405762,0.1490499973297119,0.0603500008583068
TAP_P00348,-56.58329950012732,-5.727769011515119,vegetated,0.8195077776908875,-0.7130750417709351,0.1428000032901764,0.0575999990105629
TAP_P00349,-57.36543185245403,-6.15292950802671,vegetated,0.7939464449882507,-0.6996134519577026,0.1550000011920929,0.0672999992966651
TAP_P00351,-57.33613578003104,-7.144058737436067,vegetated,0.8970464468002319,-0.786881685256958,0.1861000061035156,0.0720999985933303
TAP_P00352,-56.26036682370201,-6.797198412338025,vegetated,0.8265454173088074,-0.7252873778343201,0.152549996972084,0.0653000026941299
TAP_P00354,-56.341082484494684,-5.757809205910677,vegetated,0.8370091319084167,-0.7208823561668396,0.1443500071763992,0.0597000010311603
TAP_P00356,-57.1408646146483,-7.268463343825402,vegetated,0.8544260859489441,-0.7328705191612244,0.160300001502037,0.06700000166893
TAP_P00358,-56.65428202682662,-6.804685271757577,vegetated,0.4599643647670746,-0.4913576245307922,0.2203000038862228,0.1371500045061111
TAP_P00363,-57.36590548840461,-5.859445357141255,vegetated,0.8089758157730103,-0.7034482955932617,0.1598999947309494,0.0707999989390373
TAP_P00364,-57.2767497556648,-7.125134466423542,vegetated,0.8231974840164185,-0.735243558883667,0.1412999927997589,0.0610000006854534
TAP_P00365,-56.75822763273801,-7.542701026276187,vegetated,0.8331242799758911,-0.7168742418289185,0.1562999933958053,0.0658000037074089
TAP_P00366,-55.31747202863416,-6.045584998890682,vegetated,0.795152485370636,-0.7057949304580688,0.1512999981641769,0.0706000030040741
TAP_P00367,-56.71209496506365,-7.443173147907892,vegetated,0.8318088054656982,-0.7396783232688904,0.1301500052213668,0.0557000003755092
TAP_P00369,-56.85765221290619,-6.587770775317956,water / turbid pond,-0.2618055045604706,0.1689632534980774,0.02364999987185,0.0130000002682209
TAP_P00370,-57.51369103604992,-6.917577240839974,vegetated,0.8000511527061462,-0.7378000617027283,0.1894000023603439,0.0835999995470047
TAP_P00371,-57.061861521493874,-5.688476853850891,bare — sandbar / spoil / tailings,0.1785095483064651,-0.1877535879611969,0.217299997806549,0.1535000056028366
TAP_P00372,-56.34401425791335,-6.518899133007908,vegetated,0.3787747919559479,-0.424339234828949,0.2930000126361847,0.2097000032663345
TAP_P00373,-56.64305669938831,-7.691139786364716,vegetated,0.8474374413490295,-0.7359773516654968,0.1483000069856643,0.0631999969482421
TAP_P00374,-56.61549283006292,-7.658173090593846,vegetated,0.8656763434410095,-0.7648753523826599,0.1398999989032745,0.0575999990105629
TAP_P00375,-57.26240861820616,-7.168329382377207,vegetated,0.8526687622070312,-0.7587586641311646,0.1615999937057495,0.0681999996304512
TAP_P00376,-56.83630295587711,-5.492985878558299,vegetated,0.8391384482383728,-0.7258997559547424,0.1689833402633667,0.0697666630148887
TAP_P00377,-56.90085480037943,-7.090213997363775,vegetated,0.8244097232818604,-0.7271479368209839,0.1587000042200088,0.065700002014637
TAP_P00378,-56.30880132797606,-6.529730366212158,vegetated,0.7847176194190979,-0.675513505935669,0.1818999946117401,0.0781000033020973
TAP_P00382,-56.53264658528637,-6.899892076975663,vegetated,0.7476155757904053,-0.6240860223770142,0.1554999947547912,0.068800002336502
TAP_P00383,-56.41135924814719,-7.280350489426117,vegetated,0.8261101841926575,-0.7329687476158142,0.133755549788475,0.0568999983370304
TAP_P00384,-57.69682920284429,-5.505859939968016,vegetated,0.7666046023368835,-0.6450374126434326,0.1801500022411346,0.0778999999165535
TAP_P00385,-56.47988817077149,-7.010014378013699,vegetated,0.8310126662254333,-0.7291609048843384,0.1366000026464462,0.0586999990046024
TAP_P00387,-57.51941951088134,-6.905061394150589,vegetated,0.8225077390670776,-0.7183998227119446,0.15625,0.0636999979615211
TAP_P00388,-56.526909448604414,-6.29893101334073,vegetated,0.8620690703392029,-0.7482092976570129,0.1628500074148178,0.0705500021576881
TAP_P00389,-56.41734669906997,-7.693231725758501,vegetated,0.7757731676101685,-0.6851115822792053,0.1479000002145767,0.0631000027060508
TAP_P00390,-56.74019007625556,-7.575638054923709,vegetated,0.795168399810791,-0.7067620158195496,0.1467999964952469,0.064300000667572
TAP_P00392,-56.45766036975744,-6.952789557060131,vegetated,0.8133227229118347,-0.7013500332832336,0.1449999958276748,0.0610500015318393
TAP_P00393,-57.261525203019474,-5.804929858256183,vegetated,0.3062957227230072,-0.313495397567749,0.1940000057220459,0.1071500033140182
TAP_P00394,-57.58104564280601,-5.212789187718644,vegetated,0.8435353636741638,-0.7321471571922302,0.1679999977350235,0.0724000036716461
TAP_P00395,-56.35773985092865,-6.50023799043624,vegetated,0.7826617956161499,-0.678935706615448,0.1360000073909759,0.0593000017106533
TAP_P00396,-56.98948503403596,-7.088407816055523,bare — sandbar / spoil / tailings,0.0544991344213485,-0.1223453059792518,0.0863749980926513,0.0426249988377094
TAP_P00398,-56.72644862517328,-6.898858583980593,vegetated,0.8003442287445068,-0.6916441917419434,0.1548999994993209,0.0668999999761581
TAP_P00399,-56.751893609221234,-7.652951112611974,vegetated,0.8108075857162476,-0.7236285209655762,0.1394000053405761,0.0588999986648559
TAP_P00401,-56.81213913955857,-5.2335252758564375,vegetated,0.840988039970398,-0.712080717086792,0.1551000028848648,0.063799999654293
TAP_P00404,-57.02868413199782,-7.472555566197946,vegetated,0.8158544898033142,-0.7141858339309692,0.1558499932289123,0.0700500011444091
TAP_P00405,-57.32460074656808,-7.169721106940533,vegetated,0.8105470538139343,-0.72479248046875,0.1846500039100647,0.0830999985337257
TAP_P00406,-57.518392951412544,-6.915267382228432,vegetated,0.7517656683921814,-0.6783621311187744,0.15625,0.0680499970912933
TAP_P00407,-57.42619590352015,-6.927368909024799,vegetated,0.6229603290557861,-0.5703301429748535,0.2365500032901764,0.1198500022292137
TAP_P00408,-57.42997540285433,-5.12161383959683,vegetated,0.7068150043487549,-0.6304294466972351,0.1523000001907348,0.0750999972224235
TAP_P00411,-57.48693028133779,-6.516361889635468,vegetated,0.670285165309906,-0.6184125542640686,0.1537999957799911,0.0699499994516372
TAP_P00412,-56.71774523472424,-6.927411209987907,vegetated,0.7713062167167664,-0.6533327698707581,0.1728499978780746,0.0834000036120414
TAP_P00414,-57.3421054017269,-7.127793728212527,vegetated,0.845479428768158,-0.7332951426506042,0.1693499982357025,0.069750003516674
TAP_P00415,-57.18859396021033,-7.378362983780366,vegetated,0.7904437184333801,-0.7130412459373474,0.1976000070571899,0.0920000001788139
TAP_P00416,-57.35048776741005,-7.0366147453937815,vegetated,0.8433018326759338,-0.7422784566879272,0.1695999950170517,0.0763000026345253
TAP_P00418,-56.51480781340689,-7.4040240333542,vegetated,0.8011093139648438,-0.7059186697006226,0.2074500024318695,0.101400002837181
TAP_P00419,-57.32339034048524,-6.169122411069114,vegetated,0.8420316576957703,-0.7294682264328003,0.1714500039815902,0.0697999969124794
TAP_P00421,-56.16188825183804,-6.788646490939175,vegetated,0.8097962141036987,-0.6922252178192139,0.1260000020265579,0.0509999990463256
TAP_P00422,-56.47455432567752,-6.994855148004436,vegetated,0.7147147059440613,-0.6803727149963379,0.2599999904632568,0.1636999994516372
TAP_P00423,-56.42078723329854,-6.276566410359166,vegetated,0.8213507533073425,-0.7048177123069763,0.1404000073671341,0.0593999996781349
TAP_P00431,-56.64372484909079,-5.8288689891139,vegetated,0.8511730432510376,-0.748847246170044,0.1509999930858612,0.0604499988257885
TAP_P00432,-55.31362184196372,-6.046764355468097,vegetated,0.780409038066864,-0.6826042532920837,0.1544999927282333,0.0707999989390373
TAP_P00434,-56.59621798946095,-5.8559839797917626,vegetated,0.7891139984130859,-0.6769617795944214,0.1432999968528747,0.0639000013470649
TAP_P00435,-56.92997371697654,-7.485803587564912,vegetated,0.8455213904380798,-0.7322404980659485,0.1425999999046325,0.0594500005245208
TAP_P00436,-55.86026618264223,-7.046323006035196,vegetated,0.8247109055519104,-0.7083786725997925,0.1562999933958053,0.066600002348423
TAP_P00438,-56.26550340458651,-6.708232483991618,vegetated,0.788690447807312,-0.6969476938247681,0.1419000029563903,0.062899999320507
TAP_P00439,-57.492900100982254,-5.135433013379108,vegetated,0.7749022245407104,-0.680137574672699,0.191100001335144,0.0870999991893768
TAP_P00440,-57.525700679621565,-6.957067128204214,vegetated,0.7653136253356934,-0.6630221605300903,0.153899997472763,0.0715999975800514
TAP_P00441,-56.707671176703776,-5.655343475721229,vegetated,0.7400065064430237,-0.6562261581420898,0.1820999979972839,0.0874999985098838
TAP_P00442,-57.07006907128638,-6.956799696250161,vegetated,0.8297526836395264,-0.7228792309761047,0.1400000005960464,0.0623000003397464
TAP_P00443,-57.34308602789337,-6.129603423446143,vegetated,0.8024932742118835,-0.6851005554199219,0.181099995970726,0.0728000029921531
TAP_P00444,-55.91899797221655,-6.226110883583804,vegetated,0.7522765398025513,-0.6453083157539368,0.1836500018835067,0.0844499990344047
TAP_P00445,-55.94357997445979,-6.211896924718326,vegetated,0.7892095446586609,-0.7082958817481995,0.166700005531311,0.0694999992847442
TAP_P00446,-57.45440014768825,-4.842699435893098,water / turbid pond,-0.350949615240097,0.2963294684886932,0.0309999994933605,0.0138999996706843
TAP_P00447,-56.77170873241484,-7.637230504497985,water / turbid pond,-0.3243265151977539,0.2421570867300033,0.0529499985277652,0.0396500006318092
TAP_P00448,-56.680760780962245,-4.863668350383124,vegetated,0.8788228631019592,-0.768721342086792,0.1548999994993209,0.0630000010132789
TAP_P00449,-56.33653341118211,-6.9830566594218055,vegetated,0.7765740156173706,-0.6921380162239075,0.1438499987125396,0.067050002515316
TAP_P00450,-56.42408008987999,-7.707275017606489,vegetated,0.554490327835083,-0.5214651823043823,0.1886000037193298,0.098300002515316
TAP_P00451,-56.35628294701788,-6.089976862549251,vegetated,0.5947329998016357,-0.5028396844863892,0.1486999988555908,0.06700000166893
TAP_P00453,-57.65116763780402,-5.11262708046277,vegetated,0.8110187649726868,-0.6932380199432373,0.1754000037908554,0.0798999965190887
TAP_P00456,-56.50034114921953,-6.312757521472666,vegetated,0.8322847485542297,-0.7065146565437317,0.130850002169609,0.0528500005602836
TAP_P00457,-56.47655488489116,-7.025141281409582,vegetated,0.6793250441551208,-0.5492900609970093,0.2017499953508377,0.1127500012516975
TAP_P00458,-57.527041417294015,-5.178036715002246,vegetated,0.8103161454200745,-0.6911447048187256,0.1601999998092651,0.0715000033378601
TAP_P00459,-57.443267673378365,-4.959170623113548,vegetated,0.8525611758232117,-0.7418893575668335,0.1759500056505203,0.0731500014662742
TAP_P00460,-57.49886008846851,-5.7989067660256,vegetated,0.8084973096847534,-0.6915602087974548,0.177849993109703,0.0775000005960464
TAP_P00462,-56.74149839289728,-7.639425731151577,vegetated,0.3451506793498993,-0.3887172639369964,0.2522999942302704,0.1958499997854232
TAP_P00463,-56.40174588247331,-6.895394952684257,vegetated,0.7346233129501343,-0.6430633068084717,0.1618999987840652,0.0776999965310096
TAP_P00464,-57.25172616673609,-7.184939877917072,vegetated,0.8003870844841003,-0.7151065468788147,0.1597999930381775,0.0700000002980232
TAP_P00465,-57.46603702093002,-6.558995818250864,bare — sandbar / spoil / tailings,0.2551020085811615,-0.2998413443565368,0.3149000108242035,0.2028000056743621
TAP_P00466,-56.10092205942394,-5.495611697761071,vegetated,0.8470850586891174,-0.7434343099594116,0.1482000052928924,0.0631000027060508
TAP_P00467,-56.40987309009248,-6.132595733291523,vegetated,0.8241990804672241,-0.7423409223556519,0.1886000037193298,0.0838999971747398
TAP_P00468,-56.42308914041465,-7.089888444709971,vegetated,0.7388034462928772,-0.660677433013916,0.1832000017166137,0.0838999971747398
TAP_P00469,-57.50638663659688,-5.374688269904784,vegetated,0.7997678518295288,-0.685326099395752,0.18019999563694,0.0768999978899955
TAP_P00470,-56.68123026882479,-7.83767821842457,vegetated,0.8549883961677551,-0.743789553642273,0.1624999940395355,0.0746000036597251
TAP_P00472,-56.52394858138821,-7.03870385206153,bare — sandbar / spoil / tailings,0.2198869884014129,-0.3159394860267639,0.2714000046253204,0.1476999968290329
TAP_P00473,-56.866298257288186,-6.656549966091412,vegetated,0.8369198441505432,-0.7194538712501526,0.1621499955654144,0.0673500001430511
TAP_P00475,-57.43498196434423,-5.7291376696091145,vegetated,0.7344260811805725,-0.6662667989730835,0.1782499998807907,0.0834999978542327
TAP_P00476,-57.502929411239045,-5.23045905603566,water / turbid pond,-0.1436676979064941,0.0857966840267181,0.1164000034332275,0.0723000019788742
TAP_P00477,-56.43758556957298,-6.535255642312018,vegetated,0.6737067699432373,-0.6297895908355713,0.1598999947309494,0.0716499984264373
TAP_P00479,-57.03864862744396,-7.2652005399805795,vegetated,0.8140130043029785,-0.7298399806022644,0.1294499933719635,0.0529000014066696
TAP_P00480,-56.356382786155365,-6.840607808387639,vegetated,0.8063414692878723,-0.7266083359718323,0.1431999951601028,0.0644999966025352
TAP_P00481,-57.50754634175054,-6.941594511624031,vegetated,0.6515026092529297,-0.6203389763832092,0.196600005030632,0.1041999980807304
TAP_P00482,-57.09431392138254,-4.962300635611384,vegetated,0.8606356978416443,-0.7414187788963318,0.1562000066041946,0.0671999976038932
TAP_P00484,-56.65701650280055,-7.576842434152062,vegetated,0.768157422542572,-0.6659436225891113,0.1362999975681305,0.0604999996721744
TAP_P00488,-56.23353849704778,-6.76283712784244,vegetated,0.8508397340774536,-0.7447108626365662,0.1607999950647354,0.0653999969363212
TAP_P00490,-57.30854810795616,-7.176235740083711,vegetated,0.8173168301582336,-0.7254326939582825,0.1528999954462051,0.0649000033736229
TAP_P00491,-56.837154884262894,-7.133405032221758,vegetated,0.8277190923690796,-0.711208701133728,0.1733999997377395,0.0789000019431114
TAP_P00492,-57.14025386626535,-7.283755400539782,vegetated,0.8505035042762756,-0.7200034260749817,0.1492000073194503,0.0626000016927719
TAP_P00494,-57.467815654433096,-5.695939161416009,vegetated,0.8115947842597961,-0.6999483704566956,0.170750007033348,0.0705500021576881
TAP_P00496,-56.602703819130525,-5.8124905635837445,vegetated,0.3450036942958832,-0.3722302615642547,0.2083999961614608,0.1018500030040741
TAP_P00497,-57.1031138417634,-5.500830583156988,vegetated,0.3603964447975158,-0.3690631985664367,0.2110999971628189,0.135900005698204
TAP_P00499,-55.92622027419523,-6.999411623781596,vegetated,0.8420318365097046,-0.7402667999267578,0.1651999950408935,0.0675999969244003
TAP_P00500,-57.1218050620061,-7.244945699353264,vegetated,0.712243914604187,-0.6425676345825195,0.2061000019311905,0.09740000218153
TAP_P00501,-56.56462209662383,-5.510158054236212,vegetated,0.8115362524986267,-0.6994252800941467,0.1491000056266784,0.0644000023603439
TAP_P00502,-56.52368869718035,-7.041795463876172,bare — sandbar / spoil / tailings,0.0547015182673931,-0.1345690637826919,0.2533999979496002,0.1578499972820282
TAP_P00503,-56.993271076564,-7.087719820940449,vegetated,0.474823385477066,-0.4456402957439422,0.1152833327651023,0.0572599992156028
TAP_P00504,-56.876119816985074,-7.004115303187835,vegetated,0.8254310488700867,-0.7113401889801025,0.1842000037431717,0.0813999995589256
TAP_P00505,-57.08386700035711,-5.672377856572725,vegetated,0.8266384601593018,-0.7391077280044556,0.1632999926805496,0.067500002682209
TAP_P00507,-56.06079111012996,-6.345527972599982,vegetated,0.8138929009437561,-0.7136597037315369,0.1683333367109298,0.0694666653871536
TAP_P00509,-57.14872137429476,-7.210523021480843,vegetated,0.8500055074691772,-0.748327910900116,0.1841000020503997,0.0850500017404556
TAP_P00510,-57.06814305294706,-5.696918369043829,vegetated,0.8040403723716736,-0.7045084238052368,0.1728000044822693,0.0740000009536743
TAP_P00512,-56.49590747313549,-6.983816567805476,vegetated,0.8212617039680481,-0.70010906457901,0.1606999933719635,0.0772000029683113
TAP_P00513,-56.32709079473907,-6.801322697468899,vegetated,0.4309844672679901,-0.4385778903961181,0.1624999940395355,0.0872000008821487
TAP_P00514,-56.73081883814006,-7.08684633598196,water / turbid pond,-0.0519402883946895,0.0201612971723079,0.0948999971151351,0.0419000014662742
TAP_P00515,-56.82883449303491,-5.4514768171655135,vegetated,0.8234285712242126,-0.6986737251281738,0.1718000024557113,0.0698999986052513
TAP_P00516,-56.76099902505408,-7.500607984523388,vegetated,0.7532228231430054,-0.6674999594688416,0.1559000015258789,0.0724000036716461
TAP_P00517,-56.28966083223898,-7.326602161418745,vegetated,0.8260869383811951,-0.705834686756134,0.1298999935388565,0.0540000014007091
TAP_P00518,-56.92547411031338,-5.746061069944373,vegetated,0.824853241443634,-0.7231641411781311,0.1787199974060058,0.0773599967360496
TAP_P00519,-56.9236547970686,-6.885201443211971,vegetated,0.8275224566459656,-0.7157400846481323,0.1868399977684021,0.0807500034570694
TAP_P00520,-57.036178685280746,-6.807557344471148,vegetated,0.8352324366569519,-0.7351816296577454,0.1404999941587448,0.0582499988377094
TAP_P00521,-56.390768688226565,-6.8581154029483615,vegetated,0.7186759114265442,-0.6555564403533936,0.1897000074386596,0.0906499996781349
TAP_P00522,-55.92254885472431,-6.237931003788764,vegetated,0.5663588643074036,-0.5461782813072205,0.26664999127388,0.1475500017404556
TAP_P00523,-56.22348149619173,-6.725901259870692,vegetated,0.7064393758773804,-0.6128700375556946,0.3012000024318695,0.176499992609024
TAP_P00524,-56.00974923851985,-6.452066723152461,vegetated,0.5146703720092773,-0.5141116976737976,0.1966599971055984,0.1110199987888336
TAP_P00525,-57.49176524435508,-5.365672124287375,vegetated,0.8208862543106079,-0.7047619223594666,0.1682000011205673,0.0715999975800514
TAP_P00527,-56.39313514368206,-6.378906601415946,vegetated,0.8152599930763245,-0.7044171094894409,0.1494999974966049,0.0656400024890899
TAP_P00528,-56.84675559048427,-5.766720293820968,vegetated,0.8309527039527893,-0.7391142249107361,0.1623000055551529,0.0696000009775161
TAP_P00529,-57.517236516822514,-6.957751644071484,vegetated,0.8416628241539001,-0.7379151582717896,0.1504999995231628,0.0599999986588954
TAP_P00530,-56.76782178956058,-7.477411660950781,vegetated,0.8275110721588135,-0.7364625930786133,0.1425500065088272,0.0590000003576278
TAP_P00531,-56.68902132833194,-5.702359674809742,vegetated,0.8259899616241455,-0.7105719447135925,0.1702000051736831,0.0719999969005584
TAP_P00532,-57.274629442044585,-7.146985257222996,vegetated,0.8366115093231201,-0.7371090650558472,0.1706500053405761,0.0722000002861023
TAP_P00533,-56.52858071138533,-7.037119714822142,vegetated,0.558635413646698,-0.5385621190071106,0.2757000029087066,0.1536999940872192
TAP_P00535,-56.72446560588241,-7.531485999370323,vegetated,0.8412814140319824,-0.7383116483688354,0.1400000005960464,0.0564000010490417
TAP_P00536,-57.01991880633488,-6.96428441117642,vegetated,0.8190076947212219,-0.7243589758872986,0.1392000019550323,0.0568999983370304
TAP_P00537,-57.613194263499935,-6.860191527847344,vegetated,0.8264532685279846,-0.7268993854522705,0.1569000035524368,0.068800002336502
TAP_P00541,-56.89420879881536,-6.07569647883432,vegetated,0.7833660244941711,-0.6792327165603638,0.1724500060081482,0.0838000029325485
TAP_P00542,-57.30966200463557,-7.177636253996304,vegetated,0.8409531712532043,-0.7301537394523621,0.154799997806549,0.0615000016987323
TAP_P00543,-56.48966405247481,-5.775027894546621,vegetated,0.8411609530448914,-0.7343407273292542,0.1712999939918518,0.0728999972343444
TAP_P00544,-56.75100049053866,-6.678910579207086,vegetated,0.793880820274353,-0.7002294063568115,0.1818999946117401,0.0833000019192695
TAP_P00545,-56.698558585537015,-7.1953540307574855,vegetated,0.8259671330451965,-0.7334698438644409,0.1431999951601028,0.0599000006914138
TAP_P00546,-56.88043343267511,-7.219177569472649,vegetated,0.8336924314498901,-0.7211449146270752,0.1483000069856643,0.0597999989986419
TAP_P00548,-56.65907245438204,-6.78528280662006,vegetated,0.4688749015331268,-0.4737513363361358,0.2901000082492828,0.1652999967336654
TAP_P00549,-56.7682375388686,-7.627525171336392,vegetated,0.8181372880935669,-0.7342276573181152,0.2493000030517578,0.1385000050067901
TAP_P00550,-56.479143728534666,-6.576439665279311,vegetated,0.857653796672821,-0.752439558506012,0.1367499977350235,0.0555000007152557
TAP_P00551,-57.524448729172406,-6.508646185558434,vegetated,0.5821511149406433,-0.5164024829864502,0.2459000051021576,0.13680000603199
TAP_P00553,-56.8322005060944,-7.083522561693558,vegetated,0.8392478823661804,-0.7285473942756653,0.1544999927282333,0.066550001502037
TAP_P00554,-56.828713559953485,-7.022857243338104,vegetated,0.8202898502349854,-0.7330710887908936,0.1834000051021576,0.0800999999046325
TAP_P00555,-57.39996600694964,-6.192118109827293,vegetated,0.8171926140785217,-0.7037254571914673,0.1687999963760376,0.0710000023245811
TAP_P00556,-57.46591593619684,-5.011988925000988,vegetated,0.809485912322998,-0.7115192413330078,0.1845500022172927,0.0805500000715255
TAP_P00557,-57.001186605672906,-6.930964160936501,vegetated,0.8477043509483337,-0.7342763543128967,0.1620000004768371,0.065700002014637
TAP_P00558,-57.1729814522623,-7.372149600766181,vegetated,0.843137264251709,-0.7343999743461609,0.1723999977111816,0.0701000019907951
TAP_P00559,-56.51938687727453,-7.393546036469721,vegetated,0.7226207256317139,-0.6738826632499695,0.1967999935150146,0.0962999984622001
TAP_P00560,-56.487715734508754,-5.774857584687734,vegetated,0.8115684390068054,-0.6984219551086426,0.1492500007152557,0.0623000003397464
TAP_P00561,-56.471543851973735,-5.798206450172104,vegetated,0.8371328711509705,-0.7205145359039307,0.1576499938964843,0.0640000030398368
TAP_P00562,-57.3053546300024,-7.087040570869503,vegetated,0.8560231924057007,-0.7667863965034485,0.2030999958515167,0.0966999977827072
TAP_P00563,-56.64417175799716,-6.977099670744652,vegetated,0.6536127924919128,-0.5836493968963623,0.2313999980688095,0.1254999935626983
TAP_P00564,-57.47554451127724,-5.350621161261115,vegetated,0.7426931262016296,-0.6650452017784119,0.210899993777275,0.1019999980926513
TAP_P00565,-56.83459505353539,-5.19106141504364,bare — sandbar / spoil / tailings,0.1340640932321548,-0.1338013857603073,0.1616999953985214,0.0873500034213066
TAP_P00567,-57.15491124768753,-5.516139528384305,vegetated,0.8645957112312317,-0.7618091106414795,0.1940499991178512,0.0794000029563903
TAP_P00568,-57.147241324813656,-7.307600565692266,vegetated,0.849656879901886,-0.7440627217292786,0.1477500051259994,0.0561500005424022
TAP_P00569,-56.01624352069451,-6.18558036678407,vegetated,0.8661191463470459,-0.7682499885559082,0.1568000018596649,0.0636999979615211
TAP_P00570,-56.98062357400221,-6.972967309788208,vegetated,0.7960368990898132,-0.7014448642730713,0.1592714339494705,0.0735300034284591
TAP_P00571,-57.27655945949313,-7.130658627783638,vegetated,0.7700412273406982,-0.6866256594657898,0.2107000052928924,0.1018999963998794
TAP_P00572,-57.5596330752567,-6.561185670514716,vegetated,0.824669361114502,-0.709510087966919,0.181099995970726,0.0755999982357025
TAP_P00573,-57.17997381379527,-7.0244386749363805,vegetated,0.8590006828308105,-0.7408278584480286,0.1722999960184097,0.0706999972462654
TAP_P00574,-57.17609492004384,-7.026375047346444,vegetated,0.8335101008415222,-0.7272727489471436,0.1517000049352646,0.0606000013649463
TAP_P00576,-56.16553224899644,-5.8475895925608725,vegetated,0.8593395352363586,-0.7400330305099487,0.1498000025749206,0.065200001001358
TAP_P00579,-57.14555885151185,-5.533433836332683,vegetated,0.8763636350631714,-0.7624273896217346,0.1659999936819076,0.0663999989628791
TAP_P00580,-57.37318382982284,-6.138733409641759,vegetated,0.8321194648742676,-0.7182186841964722,0.1789000034332275,0.0747999995946884
TAP_P00582,-57.42898825452591,-6.275834198780846,bare — sandbar / spoil / tailings,0.1883116662502288,-0.1825716197490692,0.1055999994277954,0.0535000003874301
TAP_P00583,-56.712580984002926,-7.126742639814077,vegetated,0.790858268737793,-0.710485577583313,0.1412999927997589,0.0597000010311603
TAP_P00584,-56.72568998675499,-7.0952706808676576,vegetated,0.7435272932052612,-0.6653332114219666,0.1536000072956085,0.0659499987959861
TAP_P00585,-56.60855479019104,-7.322790761968885,vegetated,0.837010383605957,-0.7193825840950012,0.1137999966740608,0.0451500006020069
TAP_P00586,-57.34940586829972,-5.7183266415448974,vegetated,0.8307552337646484,-0.7133125066757202,0.1710000038146972,0.0712999999523162
TAP_P00587,-56.56646980247426,-5.508154251189257,vegetated,0.7809469699859619,-0.689393937587738,0.1354999989271164,0.0590999983251094
TAP_P00588,-57.16417383868031,-7.361561544104635,vegetated,0.8493093252182007,-0.724812388420105,0.1492999941110611,0.0621000006794929
TAP_P00590,-56.912107900153536,-7.098224677213416,vegetated,0.8127081394195557,-0.7120333909988403,0.1359200030565261,0.0566250011324882
TAP_P00591,-56.89371334766172,-5.4376883112563,water / turbid pond,-0.0355169102549552,0.1536555141210556,0.1028999984264373,0.0590000003576278
TAP_P00592,-57.284973862192864,-7.135812537819182,vegetated,0.8412240147590637,-0.7411066889762878,0.1736000031232834,0.0729999989271164
TAP_P00593,-56.58788320322639,-7.708117607746863,vegetated,0.8374568819999695,-0.731261134147644,0.1491000056266784,0.0636000037193298
TAP_P00594,-56.899796442781785,-7.056864130429213,vegetated,0.7520899176597595,-0.6338672637939453,0.2043000012636184,0.0961000025272369
TAP_P00595,-57.1010687161398,-5.498160424056438,vegetated,0.8108916878700256,-0.7125411033630371,0.1592999994754791,0.065700002014637
TAP_P00596,-57.39841457611482,-6.193598162813901,vegetated,0.6190712451934814,-0.5737344026565552,0.2334000021219253,0.126800000667572
TAP_P00597,-54.96030884711253,-7.4840595362899665,vegetated,0.5742944478988647,-0.4901757836341858,0.1611000001430511,0.0834999978542327
TAP_P00598,-56.698050050719154,-7.606638843563888,vegetated,0.7927049994468689,-0.7033531665802002,0.1729499995708465,0.0782999992370605
TAP_P00600,-56.22128598922335,-6.804728355916607,vegetated,0.8118951916694641,-0.7040922045707703,0.1521500051021576,0.063799999654293
TAP_P00601,-56.34833080217176,-7.291313948572757,vegetated,0.8187946677207947,-0.7091819643974304,0.1356499940156936,0.0581333339214324
TAP_P00602,-56.02024183227266,-6.189027015473218,vegetated,0.8034777641296387,-0.7212317585945129,0.1899999976158142,0.0838000029325485
TAP_P00605,-56.592450268334815,-7.327799767569788,vegetated,0.7914283275604248,-0.6883816123008728,0.1234999969601631,0.0546000003814697
TAP_P00607,-56.64843127158458,-6.902397583504379,vegetated,0.8083434104919434,-0.7045057415962219,0.161200001835823,0.0696500018239021
TAP_P00608,-56.68630358143564,-7.627432741974779,vegetated,0.3811913728713989,-0.489636093378067,0.2506000101566314,0.1458999961614608
TAP_P00609,-57.03902100282982,-5.807500803477212,vegetated,0.8261370062828064,-0.715059220790863,0.1736000031232834,0.0736000016331672
TAP_P00610,-56.61561421921713,-5.725741807567457,vegetated,0.6502578258514404,-0.5917090177536011,0.162100002169609,0.0781999975442886
TAP_P00614,-56.67516967511419,-6.942798280131697,vegetated,0.7972928285598755,-0.6905845403671265,0.1561000049114227,0.0667999982833862
TAP_P00615,-56.89373329445489,-6.994658445463135,vegetated,0.7723605632781982,-0.7021233439445496,0.1946499943733215,0.0930500030517578
TAP_P00616,-56.67405209489856,-6.948455620246402,vegetated,0.7931655049324036,-0.6788832545280457,0.1538500040769577,0.0689999982714653
TAP_P00618,-57.549520068102986,-6.5350996489566855,vegetated,0.825951337814331,-0.7225033044815063,0.1580000072717666,0.0703999996185302
TAP_P00619,-56.28282746548246,-6.166515296371874,vegetated,0.8137977123260498,-0.6932185292243958,0.1409000009298324,0.061099998652935
TAP_P00620,-56.98928581366651,-7.148684145989691,vegetated,0.8336771130561829,-0.7299832701683044,0.176333338022232,0.0769333317875862
TAP_P00622,-57.57696883594223,-6.858055388416076,vegetated,0.8102564215660095,-0.7015967965126038,0.1633999943733215,0.0678000003099441
TAP_P00623,-57.321680028719214,-6.174687058177709,vegetated,0.821952223777771,-0.7119024395942688,0.1676999926567077,0.0692000016570091
TAP_P00625,-56.5223218037481,-6.52048236949247,vegetated,0.8304048776626587,-0.7432885766029358,0.1474000066518783,0.0612000003457069
TAP_P00627,-56.33762444230224,-7.311974600461724,vegetated,0.8564878702163696,-0.7615401148796082,0.1903125047683715,0.079066663980484
TAP_P00628,-57.55943539774919,-6.873290943912684,vegetated,0.7971848845481873,-0.694720983505249,0.1617999970912933,0.0728000029921531
TAP_P00631,-56.60434978012707,-6.877974637808542,vegetated,0.8108581304550171,-0.7119204998016357,0.1273999959230423,0.0527999997138977
TAP_P00632,-56.84370737248372,-6.085698179336756,vegetated,0.8341968655586243,-0.7254248261451721,0.151199996471405,0.0659999996423721
TAP_P00635,-56.50128290741614,-6.98604720466899,vegetated,0.5689950585365295,-0.5259820818901062,0.2479999959468841,0.1697500050067901
TAP_P00636,-57.57070218147313,-6.877846704485225,vegetated,0.7410780191421509,-0.6574206948280334,0.1805000007152557,0.0749500021338462
TAP_P00640,-57.4118657483948,-6.012737639152533,vegetated,0.8044987320899963,-0.682990312576294,0.1724999994039535,0.0763999968767166
TAP_P00641,-57.43436169993439,-5.215996352324439,vegetated,0.7749106884002686,-0.6669005751609802,0.218299999833107,0.0986000001430511
TAP_P00642,-56.05413742496725,-5.511986496287171,vegetated,0.8639652132987976,-0.7449153065681458,0.170860007405281,0.0745923072099685
TAP_P00643,-57.553378271427576,-6.929335167364024,vegetated,0.7033454179763794,-0.6304970383644104,0.1573999971151352,0.065700002014637
TAP_P00644,-57.425888477696,-6.934544052168806,vegetated,0.8486031889915466,-0.7220288515090942,0.1586000025272369,0.0640999972820282
TAP_P00646,-56.26309386916539,-6.275671553224656,vegetated,0.8133247494697571,-0.7016007304191589,0.1564999967813491,0.0728999972343444
TAP_P00647,-56.87681248301461,-7.005382900564157,vegetated,0.8208476305007935,-0.7000705599784851,0.145699992775917,0.065200001001358
TAP_P00648,-56.76678532827778,-7.567763203713662,vegetated,0.8393426537513733,-0.7478376626968384,0.1417499929666519,0.0630500018596649
TAP_P00649,-57.03806698536445,-5.832532384212303,vegetated,0.7418181896209717,-0.6513864994049072,0.1677999943494796,0.0746000036597251
TAP_P00650,-56.77871363938865,-6.814226324571623,vegetated,0.4698145091533661,-0.4351496398448944,0.1723999977111816,0.0813999995589256
TAP_P00651,-56.22928678384074,-6.73257919367058,vegetated,0.8277795314788818,-0.7137772440910339,0.1527500003576278,0.0659999996423721
TAP_P00652,-56.60349440873385,-7.875865757469006,vegetated,0.8213058710098267,-0.7345454692840576,0.1625999957323074,0.0734999999403953
TAP_P00654,-56.87755798742888,-5.702241297420595,vegetated,0.8001381158828735,-0.7232067584991455,0.214599996805191,0.0989999994635582
TAP_P00655,-57.16213574564917,-5.537598049829435,vegetated,0.852996826171875,-0.7672562003135681,0.1670999974012375,0.069300003349781
TAP_P00656,-56.63452252741442,-5.536866586539258,vegetated,0.7682512402534485,-0.6512088775634766,0.1532000005245208,0.0705000013113021
TAP_P00657,-56.90815259212052,-7.102760359345815,vegetated,0.8170841932296753,-0.7000847458839417,0.1488000005483627,0.0621000006794929
TAP_P00659,-57.13240827146719,-7.407948139882958,vegetated,0.7080610394477844,-0.6149510145187378,0.1903000026941299,0.0948999971151351
TAP_P00660,-56.42441557036643,-6.286103334877478,vegetated,0.8254666328430176,-0.7091965675354004,0.1679500043392181,0.0715499967336654
TAP_P00661,-56.74360131298907,-6.5913383497788285,vegetated,0.7980005145072937,-0.6818743944168091,0.1578499972820282,0.0676499977707862
TAP_P00662,-56.709880203054304,-7.28118786304838,vegetated,0.8112822771072388,-0.7173421382904053,0.1463000029325485,0.0631000027060508
TAP_P00663,-56.86940016411859,-5.653551200434433,vegetated,0.8314041495323181,-0.7299738526344299,0.1705999970436096,0.0756999999284744
TAP_P00664,-56.1968206599096,-6.825759197373409,vegetated,0.8268726468086243,-0.7348880171775818,0.1555999964475631,0.0641999989748001
TAP_P00667,-57.48826830112536,-5.152846593660821,vegetated,0.8014877438545227,-0.7075822353363037,0.1635999977588653,0.0699499994516372
TAP_P00668,-56.35268514068449,-6.687275094431236,vegetated,0.7637709975242615,-0.6715301275253296,0.1556500047445297,0.0738999992609024
TAP_P00669,-57.628462487078224,-6.8225915050403385,vegetated,0.8071772456169128,-0.6949028372764587,0.1967000067234039,0.0864999964833259
TAP_P00670,-56.710469737057615,-7.180087535130811,vegetated,0.8221752047538757,-0.7261492609977722,0.1485999971628189,0.0615000016987323
TAP_P00671,-54.96121004296998,-7.484850597012664,vegetated,0.6220930218696594,-0.5636489987373352,0.1620000004768371,0.0790000036358833
TAP_P00673,-55.37620430044227,-6.009100244132444,vegetated,0.7944789528846741,-0.6839134097099304,0.1900500059127807,0.0876000002026557
TAP_P00674,-55.86899662753637,-7.0337716911617125,vegetated,0.8581257462501526,-0.7611661553382874,0.1905000060796737,0.0776000022888183
TAP_P00675,-57.362190041716346,-5.97286242676309,vegetated,0.8344148397445679,-0.7262802124023438,0.1626999974250793,0.069300003349781
TAP_P00676,-57.45644529579792,-5.281123332474653,vegetated,0.5661785006523132,-0.5122725367546082,0.1822499930858612,0.096850000321865
TAP_P00678,-56.69647909539724,-7.616568290657578,vegetated,0.815918505191803,-0.707412600517273,0.1298999935388565,0.0533000007271766
TAP_P00680,-57.06893793882122,-7.2081777505585665,vegetated,0.8433241248130798,-0.7410556077957153,0.1789499968290329,0.0746000036597251
TAP_P00681,-57.376579117545546,-7.03309172860759,vegetated,0.8252286911010742,-0.7277711629867554,0.1735000014305114,0.0753000006079673
TAP_P00683,-57.11227807614556,-5.63166438766645,vegetated,0.8289376497268677,-0.7177218198776245,0.1696999967098236,0.0707999989390373
TAP_P00686,-56.35331170112974,-5.760842887094364,vegetated,0.8331688046455383,-0.7351694703102112,0.1462000012397766,0.0615000016987323
TAP_P00687,-57.45320754652841,-6.276772153712959,vegetated,0.8298397064208984,-0.7045992016792297,0.1613000035285949,0.0662999972701072
TAP_P00688,-57.368392645228695,-5.815170451273421,vegetated,0.827390193939209,-0.719275951385498,0.1721999943256378,0.0741999968886375
TAP_P00689,-56.969289216449496,-5.739904863293212,vegetated,0.8670388460159302,-0.74349445104599,0.1788000017404556,0.0737999975681305
TAP_P00691,-57.4058151400231,-6.057908518968618,vegetated,0.836100697517395,-0.7211213111877441,0.1767999976873397,0.0754999965429306
TAP_P00692,-56.58428184414981,-7.319715391410218,vegetated,0.8342640399932861,-0.7097651958465576,0.1622374951839447,0.0711499974131584
TAP_P00693,-57.30633114633158,-7.085961500750912,vegetated,0.3476786017417907,-0.3809198439121246,0.2960500121116638,0.1976999938488006
TAP_P00695,-55.97585924006632,-6.1989296070904025,vegetated,0.8173463344573975,-0.719565212726593,0.130400002002716,0.0549000017344951
TAP_P00697,-56.43064094147184,-6.977990541093537,vegetated,0.8001833558082581,-0.6833611726760864,0.1826999932527542,0.0834999978542327
TAP_P00698,-57.43449838631386,-6.248042888948768,vegetated,0.7204299569129944,-0.6629316210746765,0.191550001502037,0.0926000028848648
TAP_P00700,-57.07598931952822,-5.669215537039872,vegetated,0.8376768827438354,-0.7270574569702148,0.1581999957561493,0.0659999996423721
TAP_P00701,-57.34646221146645,-6.076875587094108,vegetated,0.8188178539276123,-0.7086203098297119,0.1727499961853027,0.0732000023126602
TAP_P00703,-56.55941250932866,-7.888708396617882,vegetated,0.8396005630493164,-0.7395434379577637,0.1545999944210052,0.0668499991297721
TAP_P00704,-56.26488611633554,-6.6798081353180265,vegetated,0.8047276139259338,-0.7064515948295593,0.1305000036954879,0.0553000010550022
TAP_P00706,-56.61314309860533,-7.322814036434255,vegetated,0.8452696800231934,-0.7486575841903687,0.1339333355426788,0.0562999993562698
TAP_P00707,-57.34073703027034,-6.103167111427153,vegetated,0.8438617587089539,-0.7298349738121033,0.1842000037431717,0.0803000032901763
TAP_P00708,-57.427826275605575,-5.700930814736347,vegetated,0.8299948573112488,-0.7148358225822449,0.1793999969959259,0.0770500004291534
TAP_P00709,-56.25928652051248,-6.241731699559077,vegetated,0.4601408839225769,-0.5126825571060181,0.1635999977588653,0.0734999999403953
TAP_P00711,-56.715775314344704,-7.622956819812164,vegetated,0.8442577123641968,-0.741601824760437,0.1599999964237213,0.0671499967575073
TAP_P00712,-56.67936511055734,-5.952228737048127,vegetated,0.6007891893386841,-0.5321010947227478,0.1752000004053115,0.0925000011920929
TAP_P00713,-57.45363552014575,-6.157486869832082,vegetated,0.7952202558517456,-0.6727182269096375,0.1843000054359436,0.0829000025987625
TAP_P00714,-55.85644684277051,-7.081353456196214,vegetated,0.8361819982528687,-0.6943352818489075,0.159400001168251,0.0659999996423721
TAP_P00715,-55.994318121882976,-6.195879417825136,bare — sandbar / spoil / tailings,0.2789360284805298,-0.2170439213514328,0.1305000036954879,0.0631999969482421
TAP_P00716,-56.663850822529554,-5.361055435304575,vegetated,0.8522279858589172,-0.6905664205551147,0.1515000015497207,0.0619000010192394
TAP_P00717,-55.31361919296915,-6.04038431732392,vegetated,0.8462516665458679,-0.7370030283927917,0.1456499993801117,0.0579500012099742
TAP_P00718,-57.52751960323084,-4.904233930490606,vegetated,0.7960221767425537,-0.7069025635719299,0.155349999666214,0.0671499967575073
TAP_P00719,-56.403749669218776,-6.863131335778133,vegetated,0.7811849117279053,-0.6771767735481262,0.1383499950170517,0.0617000013589859
TAP_P00720,-57.41840409107661,-6.022760808808238,vegetated,0.8262424468994141,-0.7281097173690796,0.168950006365776,0.0724999979138374
TAP_P00721,-56.86982803275495,-7.0714575533800215,vegetated,0.530709981918335,-0.448332279920578,0.148049995303154,0.0760499984025955
TAP_P00722,-56.991066943966594,-7.32515663741509,vegetated,0.8498154878616333,-0.7578076124191284,0.1546833366155624,0.0634363666176796
TAP_P00724,-56.63107420659804,-6.92092041614563,vegetated,0.7966654896736145,-0.701999306678772,0.1297499984502792,0.0533500015735626
TAP_P00725,-57.03865744448628,-7.172374899872732,water / turbid pond,-0.1850828677415847,0.0800359547138214,0.0461000017821788,0.0210999995470047
TAP_P00726,-56.84265036103273,-5.7037463064595935,vegetated,0.8085947036743164,-0.6993513107299805,0.1504500061273574,0.063400000333786
TAP_P00727,-57.02663051699791,-7.266322268585445,vegetated,0.8305662274360657,-0.7266607880592346,0.147499993443489,0.0627000033855438
TAP_P00728,-56.02549355189298,-5.496990413888962,vegetated,0.8263667225837708,-0.7087479829788208,0.1299666613340377,0.0557200014591217
TAP_P00729,-56.75921161846069,-7.056878469594234,vegetated,0.7814494967460632,-0.6763250827789307,0.1400000005960464,0.0579999983310699
TAP_P00730,-56.64460834902303,-7.231346120890482,vegetated,0.8482924699783325,-0.755287766456604,0.1863500028848648,0.0808499976992607
TAP_P00731,-56.48944954668501,-6.150052710101351,vegetated,0.771518349647522,-0.6798058748245239,0.1712500005960464,0.0784500017762184
TAP_P00732,-56.795205229385616,-5.154212486465435,vegetated,0.8284942507743835,-0.7287735939025879,0.1645999997854232,0.0658000037074089
TAP_P00733,-56.79750629088902,-7.032056536262532,vegetated,0.7356321811676025,-0.6768447756767273,0.149399995803833,0.0734999999403953
TAP_P00734,-57.33434439016659,-5.7924347020954015,vegetated,0.8304847478866577,-0.7199031710624695,0.1641499996185302,0.066550001502037
TAP_P00737,-56.679233040225874,-5.794906909057217,vegetated,0.842191755771637,-0.7230210304260254,0.1499000042676925,0.0614000000059604
TAP_P00738,-56.319722927380845,-6.686977027620678,vegetated,0.8515769839286804,-0.7436940670013428,0.181999996304512,0.0812999978661537
TAP_P00740,-57.4500357964526,-5.2036510982114645,vegetated,0.8295004963874817,-0.7148968577384949,0.1836999952793121,0.0821499973535537
TAP_P00742,-56.805934667684994,-5.24010524089981,vegetated,0.8532735705375671,-0.7317777872085571,0.1564500033855438,0.0641499981284141
TAP_P00744,-57.38095512687698,-6.020538501610637,vegetated,0.6284946203231812,-0.5901722311973572,0.1909999996423721,0.0926000028848648
TAP_P00745,-56.28004399804153,-6.544378896238274,vegetated,0.8046578168869019,-0.703825056552887,0.157600000500679,0.067050002515316
TAP_P00746,-56.761500515410354,-7.058622414281758,vegetated,0.8240469098091125,-0.7248759865760803,0.1486999988555908,0.0617000013589859
TAP_P00748,-56.57898566201254,-7.904655960517118,vegetated,0.7832193374633789,-0.6632117629051208,0.1816000044345855,0.0853499993681907
TAP_P00749,-56.7546651909218,-6.651990746759442,vegetated,0.7697712779045105,-0.6666421890258789,0.1897999942302703,0.0832000002264976
TAP_P00750,-57.11367717536159,-5.595333357052869,vegetated,0.7868492007255554,-0.6795610785484314,0.1982000023126602,0.0870499983429908
TAP_P00751,-56.67169051263797,-7.098616050214289,bare — sandbar / spoil / tailings,0.2522487938404083,-0.2942737936973572,0.2811500132083893,0.1803999990224838
TAP_P00752,-55.9057930496756,-6.223603799584082,vegetated,0.5922370553016663,-0.5530220866203308,0.2460999935865402,0.132200002670288
TAP_P00753,-57.00283817101111,-5.809931079339477,vegetated,0.8727636337280273,-0.7752905488014221,0.1502500027418136,0.0633499994874
TAP_P00756,-57.590821627443184,-5.570368438438101,vegetated,0.7906336188316345,-0.6743946075439453,0.1869000047445297,0.0843999981880188
TAP_P00757,-57.423643445259735,-5.91853633244651,vegetated,0.8018674850463867,-0.6909481883049011,0.2012999951839447,0.0891000032424926
TAP_P00759,-56.36097730131716,-6.831654492710817,vegetated,0.7757847905158997,-0.6796846985816956,0.1378999948501587,0.0631999969482421
TAP_P00760,-56.54927199823857,-6.9957519498973095,bare — sandbar / spoil / tailings,0.2537831962108612,-0.2933686971664428,0.218299999833107,0.1333999931812286
TAP_P00761,-56.24639187413432,-6.784630929742688,vegetated,0.8247833847999573,-0.7159281969070435,0.157600000500679,0.0655499994754791
TAP_P00762,-56.67796406746055,-7.598768024843636,vegetated,0.8282294869422913,-0.7456390857696533,0.1451999992132187,0.0577999986708164
TAP_P00764,-56.7130479716587,-7.588803824503572,vegetated,0.8129458427429199,-0.7110899686813354,0.1577000021934509,0.066600002348423
TAP_P00765,-56.2015420607656,-6.062636496399447,vegetated,0.7026178240776062,-0.6398324966430664,0.1655000001192093,0.0856000036001205
TAP_P00766,-56.83057244980929,-7.092575397129651,vegetated,0.8176888823509216,-0.7178496718406677,0.1397500038146972,0.0569499991834163
TAP_P00768,-56.62563612484363,-7.82251269105116,vegetated,0.8349775671958923,-0.7373337149620056,0.1521999984979629,0.0626000016927719
TAP_P00769,-56.63240775347951,-7.631671243543026,vegetated,0.8625386953353882,-0.7434104084968567,0.135000005364418,0.0544999986886978
TAP_P00770,-56.76527491628357,-7.580488955892449,vegetated,0.7703947424888611,-0.6681551337242126,0.1932999938726425,0.0854000002145767
TAP_P00771,-55.84920236142757,-6.197103114529864,bare — sandbar / spoil / tailings,0.031187780201435,-0.0291913859546184,0.1070000007748603,0.0584999993443489
TAP_P00772,-57.50295177547222,-5.180763333633098,vegetated,0.7166025638580322,-0.6079413890838623,0.1609999984502792,0.0676999986171722
TAP_P00774,-57.39113464742464,-6.962805459358957,vegetated,0.8613629937171936,-0.7452958822250366,0.1611000001430511,0.0658000037074089
TAP_P00775,-57.00600036697008,-6.939401616661306,vegetated,0.8418829441070557,-0.7433246970176697,0.1617999970912933,0.065600000321865
TAP_P00776,-56.74155313123044,-7.664706395865579,vegetated,0.8210756778717041,-0.7091982960700989,0.158500000834465,0.0702499970793724
TAP_P00777,-57.408514744509766,-6.094457775882694,vegetated,0.8580735921859741,-0.7315497398376465,0.160300001502037,0.0689999982714653
TAP_P00779,-56.7265619336647,-7.614924838275004,vegetated,0.8361678123474121,-0.7233306765556335,0.1553999930620193,0.0688999965786933
TAP_P00780,-56.82911607412082,-7.112021740674893,vegetated,0.7940926551818848,-0.6908621191978455,0.1488000005483627,0.0627000033855438
TAP_P00781,-56.38037132198268,-6.846815034809973,vegetated,0.7939296960830688,-0.7034764885902405,0.1720000058412552,0.0758000016212463
TAP_P00784,-57.043306843553175,-7.1427803864217,vegetated,0.8432919979095459,-0.7309393882751465,0.1723999977111816,0.0725999996066093
TAP_P00787,-56.466899400980544,-7.033577348046296,vegetated,0.8407445549964905,-0.7380668520927429,0.1455000042915344,0.0615999996662139
TAP_P00788,-57.17277861742383,-5.488612539362421,vegetated,0.7410356402397156,-0.6733118891716003,0.2242999970912933,0.1092000007629394
TAP_P00789,-55.29742787387274,-6.044524762854032,vegetated,0.8327566385269165,-0.7241191267967224,0.164000004529953,0.068800002336502
TAP_P00790,-56.36837401050199,-6.367672935681311,vegetated,0.5467366576194763,-0.5365086793899536,0.2269333302974701,0.1204999983310699
TAP_P00791,-57.2676502595672,-5.806018135123595,vegetated,0.5093390345573425,-0.5822327136993408,0.2081000059843063,0.1023000031709671
TAP_P00792,-56.9859837471348,-7.156532982698313,vegetated,0.853390097618103,-0.7481718063354492,0.1383499950170517,0.0553000010550022
TAP_P00794,-56.11780677379532,-5.490508361636538,vegetated,0.8278876543045044,-0.7371149063110352,0.1474500000476837,0.0622499994933605
TAP_P00795,-56.72270449713277,-7.729788736966518,vegetated,0.812957763671875,-0.7205683588981628,0.1351000070571899,0.0582000017166137
TAP_P00796,-57.64060359791411,-5.696844897735471,vegetated,0.7244405746459961,-0.6364686489105225,0.2154500037431717,0.1038499996066093
TAP_P00797,-57.17407348157864,-7.353538046172973,vegetated,0.837837815284729,-0.73384028673172,0.1632999926805496,0.0683000013232231
TAP_P00798,-56.385533429900114,-7.722124646875757,bare — sandbar / spoil / tailings,0.2220227569341659,-0.2376450151205063,0.0878000035881996,0.0566999986767768
TAP_P00799,-57.08404815346619,-5.441952750251738,vegetated,0.8409631848335266,-0.7126023769378662,0.150749996304512,0.066050000488758
TAP_P00801,-57.07065305180713,-5.669004233981843,water / turbid pond,-0.0457763113081455,0.0025687862653285,0.0948999971151351,0.0502000004053115
TAP_P00802,-56.495428409599896,-5.798641847740503,vegetated,0.8130579590797424,-0.6958540081977844,0.1548999994993209,0.0650499984622001
TAP_P00803,-56.39679969737958,-7.256128395569886,vegetated,0.8387935757637024,-0.7289514541625977,0.1430500000715255,0.0591666661202907
TAP_P00804,-57.61574171490052,-5.149302940928978,vegetated,0.8267293572425842,-0.7158263921737671,0.2046499997377395,0.0956000015139579
TAP_P00805,-56.56324814545916,-6.902891922966703,bare — sandbar / spoil / tailings,0.1863476037979126,-0.2663819491863251,0.1870999932289123,0.1099499985575676
TAP_P00808,-55.898208956129736,-6.2957502938325485,vegetated,0.7876269817352295,-0.6840019822120667,0.154799997806549,0.0653000026941299
TAP_P00809,-57.42220553505785,-6.009980948455008,vegetated,0.8098990321159363,-0.7074846625328064,0.1797000020742416,0.0767000019550323
TAP_P00810,-56.63860293546789,-6.931198763030354,vegetated,0.4489436447620392,-0.4597810804843902,0.1753000020980835,0.1002499982714653
TAP_P00811,-57.49876740865973,-4.887462744729194,vegetated,0.6820458769798279,-0.6053986549377441,0.1758999973535537,0.0846000015735626
TAP_P00812,-56.99430191200831,-6.898336915869822,vegetated,0.8423342704772949,-0.7316890954971313,0.1453125029802322,0.0611571446061134
TAP_P00815,-56.6896704405539,-6.618856386752782,vegetated,0.5963764190673828,-0.5269526839256287,0.2443999946117401,0.1225000023841857
TAP_P00817,-57.44176518124277,-6.15234650208042,vegetated,0.7949060201644897,-0.6998172998428345,0.2091500014066696,0.0957000032067298
TAP_P00818,-57.46244699661324,-4.843004112103882,vegetated,0.8222187757492065,-0.7103849649429321,0.1694499999284744,0.0730499997735023
TAP_P00820,-57.56998769098078,-6.493031119682292,vegetated,0.7899980545043945,-0.6991495490074158,0.1732500046491623,0.0780500024557113
TAP_P00821,-56.28870773224447,-7.330758056405636,vegetated,0.8472214341163635,-0.732010543346405,0.1550499945878982,0.063850000500679
TAP_P00823,-57.3196190476388,-7.197732762339028,vegetated,0.8392000198364258,-0.7477578520774841,0.1438000053167343,0.0597999989986419
TAP_P00825,-57.55492413803362,-5.216525996876589,vegetated,0.5885915756225586,-0.5102874040603638,0.1638000011444091,0.0772000029683113
TAP_P00826,-57.36550362487714,-6.199829430137594,vegetated,0.8236744999885559,-0.717587947845459,0.1632000058889389,0.0681999996304512
TAP_P00827,-57.43389041189786,-5.213817499822471,vegetated,0.7902855277061462,-0.6909501552581787,0.1719499975442886,0.0759499967098236
TAP_P00828,-56.063487797190206,-6.338071150294549,bare — sandbar / spoil / tailings,0.1076104044914245,-0.0959441289305687,0.1426499933004379,0.0860973224043846
TAP_P00829,-56.91454015227988,-6.884632815877208,vegetated,0.8144614696502686,-0.7049926519393921,0.148267850279808,0.0642333328723907
TAP_P00830,-57.41898689065528,-5.901878061844105,vegetated,0.7655847668647766,-0.6622784733772278,0.2551999986171722,0.1291999965906143
TAP_P00831,-57.50797152490273,-6.94981377995086,vegetated,0.8267220258712769,-0.7212710976600647,0.1624500006437301,0.0688999965786933
TAP_P00832,-57.571419731690746,-6.87508978442428,vegetated,0.8091254234313965,-0.6841692328453064,0.1971500068902969,0.0838499963283538
TAP_P00835,-56.95202305694559,-7.138607000617822,vegetated,0.8300896883010864,-0.720991313457489,0.1651374995708465,0.0711999982595443
TAP_P00837,-57.373891022889126,-5.872600233629048,vegetated,0.8405144810676575,-0.7127468585968018,0.1546999961137771,0.0625
TAP_P00838,-56.17317285479998,-5.867338270167095,vegetated,0.8290574550628662,-0.72480309009552,0.1376499980688095,0.0592000000178813
TAP_P00840,-56.70107855706771,-7.280005570748784,vegetated,0.8365644812583923,-0.7253206968307495,0.1450749933719635,0.060649998486042
TAP_P00841,-56.31551473668952,-6.234186778957835,vegetated,0.8031979203224182,-0.6894939541816711,0.1379999965429306,0.0583500005304813
TAP_P00843,-56.69804501797327,-7.776663674040797,vegetated,0.7543649673461914,-0.6372456550598145,0.2415499985218048,0.1223499998450279
TAP_P00844,-56.60148050441008,-6.847370927807028,vegetated,0.3306092917919159,-0.4081754088401794,0.3154500126838684,0.1894000023603439
TAP_P00845,-56.60389907237276,-6.8032555743566805,water / turbid pond,-0.0507462359964847,0.2349137812852859,0.0423000007867813,0.0219999998807907
TAP_P00848,-56.74516648919564,-5.5908443831507,vegetated,0.8294806480407715,-0.7112274765968323,0.159850001335144,0.0662000030279159
TAP_P00849,-57.98309699019137,-5.948993306340132,vegetated,0.8086536526679993,-0.7038127779960632,0.159850001335144,0.0714000016450882
TAP_P00851,-57.430284936863366,-5.982822437216499,vegetated,0.8243257403373718,-0.7222210764884949,0.1597000062465667,0.0705500021576881
TAP_P00853,-56.62330034206792,-6.916863680262031,vegetated,0.4056179821491241,-0.4130794703960418,0.2820999920368194,0.1754000037908554
TAP_P00854,-56.75518329989086,-7.090496489026044,vegetated,0.7990671992301941,-0.7020944952964783,0.1412999927997589,0.0603500008583068
TAP_P00855,-57.41478333347679,-6.249971411499034,vegetated,0.8385899662971497,-0.717720627784729,0.1949999928474426,0.0903000012040138
TAP_P00856,-56.38278108972848,-7.718918510726477,water / turbid pond,-0.304503470659256,0.2416853904724121,0.0422499999403953,0.0206499993801116
TAP_P00857,-56.84539345206573,-5.799685071525996,vegetated,0.8160083293914795,-0.6994314193725586,0.1710499972105026,0.0738499984145164
TAP_P00858,-57.41115137896689,-5.0999272874591846,vegetated,0.8085790872573853,-0.7082805633544922,0.1689999997615814,0.0719999969005584
TAP_P00859,-56.55911469257692,-7.894121342722976,vegetated,0.8287104368209839,-0.7343531847000122,0.1551499962806701,0.0673500001430511
TAP_P00861,-57.02456979374104,-7.130526218562132,water / turbid pond,-0.2972612977027893,0.440083235502243,0.0332500003278255,0.0228000003844499
TAP_P00863,-57.06860817173931,-7.232010819734365,vegetated,0.3763433694839477,-0.3552739322185516,0.2091500014066696,0.1255999952554702
TAP_P00864,-56.10984538194145,-6.68881505269154,vegetated,0.79564368724823,-0.6786882877349854,0.1518500000238418,0.0675999969244003
TAP_P00867,-56.01497125219162,-6.174258491866854,vegetated,0.8262912034988403,-0.7305208444595337,0.1344999969005584,0.0558499991893768
TAP_P00868,-56.74732061523505,-6.602510897737628,vegetated,0.7287058234214783,-0.6088384389877319,0.1694499999284744,0.0782999992370605
TAP_P00869,-56.5052083912852,-5.793280746254517,vegetated,0.8113217353820801,-0.7174556851387024,0.1668000072240829,0.0711499974131584
TAP_P00870,-55.96609284576791,-6.195667644609579,vegetated,0.8286470174789429,-0.7269662618637085,0.1424999982118606,0.0588999986648559
TAP_P00872,-57.36749819381998,-7.004223292286371,vegetated,0.8412299156188965,-0.7333589792251587,0.1564500033855438,0.067500002682209
TAP_P00873,-56.92372351528289,-6.050265336044016,vegetated,0.7980968952178955,-0.6882073283195496,0.1544999927282333,0.0649000033736229
TAP_P00874,-57.31881198836037,-7.093921972693865,vegetated,0.8315965533256531,-0.732998788356781,0.1556500047445297,0.0680499970912933
TAP_P00875,-56.65462759945063,-7.593594203024192,vegetated,0.8365409970283508,-0.7519589066505432,0.1645999997854232,0.0707999989390373
TAP_P00876,-56.850133172490416,-6.538255341452125,vegetated,0.7581983208656311,-0.6608310341835022,0.1772000044584274,0.0828500017523765
TAP_P00877,-56.43746488567786,-6.178538410421636,vegetated,0.7905114889144897,-0.6836108565330505,0.1543000042438507,0.065200001001358
TAP_P00878,-56.868154606390775,-5.660314433601934,vegetated,0.8359721899032593,-0.7302138805389404,0.1592500060796737,0.0663999989628791
TAP_P00879,-56.83152793846114,-5.199837304746781,vegetated,0.8031815886497498,-0.6930909156799316,0.1612499952316284,0.0696500018239021
TAP_P00881,-57.27230024646687,-7.144996432471528,vegetated,0.8519557118415833,-0.7386195063591003,0.1632000058889389,0.0680499970912933
TAP_P00882,-56.96337165158162,-6.89633227977553,vegetated,0.7857561111450195,-0.6830641627311707,0.1388666629791259,0.0630199983716011
TAP_P00884,-57.58643640586431,-5.570667057399645,vegetated,0.6159548163414001,-0.5277777910232544,0.1181999966502189,0.0546999983489513
TAP_P00885,-56.57708422032259,-7.341057229495353,vegetated,0.8244320154190063,-0.71820068359375,0.12950000166893,0.0538000017404556
TAP_P00887,-57.483127411862185,-5.695445112210446,vegetated,0.8118022084236145,-0.7150455713272095,0.1599999964237213,0.0663999989628791
TAP_P00888,-56.894989878031886,-7.061298846671085,vegetated,0.3761035203933716,-0.4307769536972046,0.3064000010490417,0.1873999983072281
TAP_P00889,-56.85163066334246,-5.71985225161917,vegetated,0.8301754593849182,-0.7194029688835144,0.1362999975681305,0.0577999986708164
TAP_P00891,-57.60461632119373,-6.8933848635445,vegetated,0.8209769129753113,-0.717110276222229,0.1731999963521957,0.0723000019788742
TAP_P00894,-56.907138105540575,-6.0615558208002485,vegetated,0.8143885135650635,-0.7005537152290344,0.1956000030040741,0.0855000019073486
TAP_P00895,-57.14968305428439,-7.393801800228751,vegetated,0.8144335746765137,-0.7261209487915039,0.1655499935150146,0.0763999968767166
TAP_P00896,-56.49220214623713,-6.581491613321149,vegetated,0.8131284117698669,-0.7264583110809326,0.1635999977588653,0.0683000013232231
TAP_P00899,-56.76137583440017,-7.6196192923829855,vegetated,0.7964994311332703,-0.7088800668716431,0.1398999989032745,0.060199998319149
TAP_P00900,-57.38465970090467,-6.975367337539997,vegetated,0.8282791376113892,-0.72367262840271,0.1506000012159347,0.064300000667572
TAP_P00902,-56.72877647017208,-6.896818682826443,vegetated,0.5084124207496643,-0.5207672715187073,0.2643499970436096,0.1532000005245208
TAP_P00903,-56.58789930893317,-7.695936256900062,vegetated,0.7893165946006775,-0.7089638710021973,0.1530500054359436,0.0699499994516372
TAP_P00904,-57.08570780926126,-5.6581800808217935,bare — sandbar / spoil / tailings,-0.0604444406926631,-0.0085324086248874,0.100100003182888,0.0472999997437
TAP_P00905,-57.15868511344716,-7.268630399738846,vegetated,0.8611695170402527,-0.7612467408180237,0.1455499976873397,0.0562000013887882
TAP_P00906,-55.97627694448137,-6.232955223760336,vegetated,0.3535484075546264,-0.3438141047954559,0.1247999966144561,0.061999998986721
TAP_P00907,-56.26717937512528,-6.691070983148947,vegetated,0.8277100920677185,-0.7206940650939941,0.1456000059843063,0.0606999993324279
TAP_P00908,-56.38271395850257,-7.714880877544509,water / turbid pond,-0.287494421005249,0.2348619401454925,0.0498499982059001,0.0341500006616115
TAP_P00909,-57.56666905053123,-6.93381506340707,vegetated,0.8305275440216064,-0.7299684882164001,0.1484500020742416,0.0601000003516674
TAP_P00910,-56.86873603666276,-5.455318430612085,vegetated,0.64952152967453,-0.5301363468170166,0.1582999974489212,0.0754999965429306
TAP_P00911,-56.67295793392878,-7.663572691572472,vegetated,0.8434860706329346,-0.7399116158485413,0.1519500017166137,0.0632499977946281
TAP_P00912,-57.42641819848006,-6.2771863420694585,vegetated,0.8338887095451355,-0.7330426573753357,0.1688999980688095,0.0716999992728233
TAP_P00914,-56.41162864450472,-5.712003109974462,bare — sandbar / spoil / tailings,0.1436421126127243,-0.0912196859717369,0.1074000000953674,0.0575499981641769
TAP_P00915,-57.42295124352378,-6.033733003342978,vegetated,0.8187246918678284,-0.710136353969574,0.1631499975919723,0.0705000013113021
TAP_P00916,-57.0426492120802,-7.200173354302791,vegetated,0.5694047212600708,-0.4590170383453369,0.1687500029802322,0.0767500028014183
TAP_P00917,-57.311738620112685,-7.189188691167081,vegetated,0.840738832950592,-0.7328200936317444,0.1506499946117401,0.0622499994933605
TAP_P00918,-57.07846128910021,-5.675420775408797,vegetated,0.8028799891471863,-0.701252818107605,0.1570000052452087,0.0671000033617019
TAP_P00920,-56.73775815780438,-7.7045021068721296,bare — sandbar / spoil / tailings,0.2216606885194778,-0.2494108080863952,0.2399999946355819,0.1330000013113021
TAP_P00921,-57.32493734500479,-7.117409882258962,vegetated,0.8707782626152039,-0.7628671526908875,0.1543000042438507,0.0627000033855438
TAP_P00922,-57.17096598547997,-5.142818765698194,vegetated,0.8399765491485596,-0.7327281832695007,0.1682000011205673,0.0681999996304512
TAP_P00923,-56.71423847109701,-7.633350672432282,vegetated,0.8716385960578918,-0.7656756043434143,0.1410000026226043,0.0560000017285347
TAP_P00924,-56.804996409197535,-5.153684663177557,vegetated,0.8207604289054871,-0.7147007584571838,0.1504999995231628,0.0644999966025352
TAP_P00925,-56.27894203827586,-6.783459810504083,vegetated,0.8259404897689819,-0.712884783744812,0.135900005698204,0.0597999989986419
TAP_P00926,-57.11729435309976,-5.610809203445488,bare — sandbar / spoil / tailings,0.1191914454102516,-0.1434280276298523,0.2164500057697296,0.1539999991655349
TAP_P00927,-57.3602041300005,-7.135220004452111,vegetated,0.828301191329956,-0.7415107488632202,0.1650999933481216,0.0671999976038932
TAP_P00928,-57.171786702671305,-7.034210649642328,vegetated,0.8470748066902161,-0.7549513578414917,0.1536000072956085,0.0619000010192394
TAP_P00929,-56.47426221250706,-5.791805854532576,vegetated,0.8134987354278564,-0.7134019732475281,0.1918500065803527,0.0878000035881996
TAP_P00930,-57.39229483368379,-6.979438519171454,vegetated,0.8463337421417236,-0.7423425316810608,0.1534000039100647,0.0636999979615211
TAP_P00931,-57.55770592563236,-6.87607845793462,vegetated,0.8173647522926331,-0.7216827869415283,0.14894999563694,0.0617499984800815
TAP_P00932,-56.596561517089896,-5.853764202708204,vegetated,0.7322424054145813,-0.6382208466529846,0.1437000036239624,0.0612500011920928
TAP_P00934,-56.66311630753797,-6.9561381285023,vegetated,0.8125272989273071,-0.7027744650840759,0.1435499936342239,0.0604000017046928
TAP_P00936,-56.71909621788738,-7.72835983827293,vegetated,0.7573035955429077,-0.6885947585105896,0.1516000032424926,0.0662999972701072
TAP_P00937,-56.882951469474285,-7.227463016037949,vegetated,0.8426966071128845,-0.7309091091156006,0.1536000072956085,0.0639000013470649
TAP_P00938,-56.9826412994314,-5.826637675313017,vegetated,0.7384411096572876,-0.6541534066200256,0.1574999988079071,0.0754999965429306
TAP_P00940,-57.13310829557246,-7.454979016701766,vegetated,0.8085393309593201,-0.7337239384651184,0.1290999948978424,0.0537000000476837
TAP_P00941,-56.34167364836915,-7.271251192628345,vegetated,0.8424006104469299,-0.732580840587616,0.161200001835823,0.0671666637063026
TAP_P00942,-56.86656514034308,-7.009021470569763,vegetated,0.8500440120697021,-0.7522550821304321,0.1589999943971634,0.0682500004768371
TAP_P00944,-57.11896252498599,-7.446462005167142,water / turbid pond,-0.0768164098262786,0.2162146568298339,0.0230500008910894,0.0138999996706843
TAP_P00945,-57.3172545394858,-7.079542114566188,vegetated,0.8139204382896423,-0.7239284515380859,0.150299996137619,0.0649999976158142
TAP_P00946,-57.416293240919615,-5.942991265235257,vegetated,0.8625954389572144,-0.7543217539787292,0.1876000016927719,0.0782999992370605
TAP_P00947,-56.65320034840659,-7.627552882447412,vegetated,0.8192852735519409,-0.7208752632141113,0.1406999975442886,0.0579999983310699
TAP_P00949,-57.1713789582928,-7.2488626236622995,vegetated,0.8602107167243958,-0.7392678260803223,0.1568399965763092,0.0641999989748001
TAP_P00951,-56.180660691135415,-6.836793790137622,vegetated,0.8458982706069946,-0.7397394180297852,0.1515499949455261,0.0632499977946281
TAP_P00952,-56.29160087363001,-7.32092411149412,vegetated,0.8488781452178955,-0.7464777231216431,0.1457166671752929,0.0595499984920024
TAP_P00953,-57.34088549138197,-6.194315065495797,vegetated,0.8476088643074036,-0.7426634430885315,0.1620499938726425,0.06700000166893
TAP_P00954,-56.62158869775082,-5.672274926244121,vegetated,0.3155457377433777,-0.2802399396896362,0.121799997985363,0.0645999982953071
TAP_P00955,-57.369861022031365,-7.014444692955877,vegetated,0.7847796082496643,-0.7140755653381348,0.1613499969244003,0.0693999975919723
TAP_P00957,-56.37275730257562,-5.763998250105436,vegetated,0.8382133841514587,-0.7154281735420227,0.1580000072717666,0.0649000033736229
TAP_P00958,-56.898905727433466,-5.686077818353334,vegetated,0.8528062701225281,-0.7109770178794861,0.1822499930858612,0.0767500028014183
TAP_P00959,-57.30479888453867,-7.188917614443193,vegetated,0.8694792985916138,-0.7560101747512817,0.1459500044584274,0.0597000010311603
TAP_P00960,-56.48523272837621,-6.951197015908737,vegetated,0.7751181125640869,-0.7062215805053711,0.1534000039100647,0.0732999965548515
TAP_P00961,-56.980923260738514,-7.076826090684097,vegetated,0.8401374816894531,-0.7367711067199707,0.1503199934959411,0.065211109817028
TAP_P00962,-57.36107664595716,-6.996444784323188,vegetated,0.7908604145050049,-0.7188639044761658,0.1536500006914138,0.064300000667572
TAP_P00963,-56.762439853213486,-7.481209595523904,vegetated,0.8337336182594299,-0.7328639626502991,0.1480000019073486,0.0630500018596649
TAP_P00965,-56.20898492915135,-6.720946637225815,vegetated,0.5246490240097046,-0.5255570411682129,0.2155999988317489,0.1215000003576278
TAP_P00966,-57.45895883479907,-6.245531008099181,vegetated,0.8197725415229797,-0.7085545659065247,0.1645999997854232,0.0709000006318092
TAP_P00967,-56.84293303155104,-5.465235504563528,vegetated,0.8019296526908875,-0.6791773438453674,0.1684000045061111,0.0744000002741813
TAP_P00969,-56.99489800913494,-7.03133579159511,vegetated,0.811011016368866,-0.7110552191734314,0.1599750071763992,0.0745166689157486
TAP_P00970,-56.59380036490155,-5.366999088497393,vegetated,0.8329099416732788,-0.7285068035125732,0.1409000009298324,0.0560000017285347
TAP_P00971,-57.38498239350512,-5.185163045749125,vegetated,0.6769046783447266,-0.5828313231468201,0.2157000005245208,0.1032999977469444
TAP_P00973,-57.50416097378525,-5.177731001287324,vegetated,0.7752287983894348,-0.6761531233787537,0.1724999994039535,0.0766500011086463
TAP_P00974,-57.00730064153919,-7.492762666726789,vegetated,0.8359041810035706,-0.7290836572647095,0.1542000025510788,0.0653000026941299
TAP_P00975,-56.69007239824531,-7.592056903106748,vegetated,0.6811438202857971,-0.604280412197113,0.2160000056028366,0.1214499995112419
TAP_P00976,-55.855836079105664,-7.067899361164452,vegetated,0.8287575840950012,-0.7066219449043274,0.1709000021219253,0.0716999992728233
TAP_P00977,-55.9218651706225,-6.192235352619415,vegetated,0.774556040763855,-0.6953355073928833,0.1550499945878982,0.0631999969482421
TAP_P00979,-57.0029492873162,-6.797718216253,vegetated,0.8246795535087585,-0.7160991430282593,0.1627500057220459,0.0722500011324882
TAP_P00980,-56.8742557621097,-5.693212628020875,vegetated,0.8514789342880249,-0.7409965395927429,0.1606999933719635,0.0716999992728233
TAP_P00982,-56.5710418837777,-7.287408480757379,vegetated,0.830438494682312,-0.7202438712120056,0.1239499971270561,0.0531499981880188
TAP_P00983,-56.25964826775738,-6.721658256771816,vegetated,0.8169753551483154,-0.7324910759925842,0.1479000002145767,0.0621000006794929
TAP_P00984,-57.52201384989484,-6.513380446692312,vegetated,0.8327015042304993,-0.7262225151062012,0.1627500057220459,0.0663499981164932
TAP_P00985,-56.422535914047664,-6.137509447618229,vegetated,0.7770935893058777,-0.6735268831253052,0.1450999975204467,0.0644999966025352
TAP_P00986,-56.38770803908811,-6.476421979348354,vegetated,0.6099679470062256,-0.6139035224914551,0.1865500062704086,0.0907500013709068
TAP_P00987,-57.0529239197525,-4.95387321716572,vegetated,0.805576503276825,-0.6988054513931274,0.1489000022411346,0.0627000033855438
TAP_P00988,-55.86484344340066,-7.03515325222195,vegetated,0.5859689712524414,-0.5164698362350464,0.2270999997854232,0.1307999938726425
TAP_P00989,-57.3525790914272,-5.859415713761809,vegetated,0.832238495349884,-0.7094818353652954,0.1736499965190887,0.0736000016331672
TAP_P00990,-57.372478756081456,-6.012958007304964,vegetated,0.8395026922225952,-0.7348813414573669,0.186049997806549,0.0760999992489814
TAP_P00991,-56.73057858323351,-7.523342599564864,vegetated,0.8296329379081726,-0.7408216595649719,0.1572500020265579,0.0632999986410141
TAP_P00993,-57.35278953126931,-6.548326696672586,vegetated,0.7596866488456726,-0.7007191777229309,0.1638000011444091,0.070200003683567
TAP_P00994,-56.19285394974669,-6.785392995252564,vegetated,0.8259428143501282,-0.7248803973197937,0.1309999972581863,0.0529999993741512
TAP_P00995,-56.79989734200288,-7.033662327665337,vegetated,0.8420680165290833,-0.7511961460113525,0.1578000038862228,0.0650999993085861
TAP_P00997,-56.4711509445442,-6.497157861137202,vegetated,0.7254987955093384,-0.5930073857307434,0.1658499985933303,0.0778499990701675
TAP_P00998,-56.65888988778858,-6.971947047159167,vegetated,0.7541989684104919,-0.6494179964065552,0.120399996638298,0.0505999997258186
TAP_P01000,-57.47758116917351,-6.935103676108283,vegetated,0.8406983017921448,-0.7293835282325745,0.1659999936819076,0.0697999969124794
TAP_P01001,-56.41179724290004,-7.691503107388177,vegetated,0.84765625,-0.7514893412590027,0.1386999934911728,0.0577000007033348
TAP_P01002,-56.69244036335186,-7.226665067775388,vegetated,0.779711902141571,-0.6686893105506897,0.1741999983787536,0.0753000006079673
TAP_P01003,-55.282443525322414,-6.084132056961746,vegetated,0.7787660956382751,-0.6918098330497742,0.2001499980688095,0.1001999974250793
TAP_P01005,-56.69083426695561,-7.587580111254314,vegetated,0.8389350771903992,-0.7231365442276001,0.1340499967336654,0.0535999983549118
TAP_P01007,-56.4102095459256,-6.3036164864335325,vegetated,0.85537189245224,-0.7137404680252075,0.1571999937295913,0.0617999993264675
TAP_P01008,-57.31023238875717,-5.4370639937190735,vegetated,0.7855289578437805,-0.6804183721542358,0.1659999936819076,0.0737000033259391
TAP_P01009,-57.34334388660708,-6.537568358480352,vegetated,0.7870343327522278,-0.6887905597686768,0.1639000028371811,0.0689999982714653
TAP_P01010,-56.7122624705776,-7.799556012558218,vegetated,0.8399443030357361,-0.7357414364814758,0.138600006699562,0.0597000010311603
TAP_P01011,-56.76604565247557,-7.060137471069322,vegetated,0.8390999436378479,-0.7361525893211365,0.1441999971866607,0.0593999996781349
TAP_P01015,-56.68425146031886,-5.788091037780188,vegetated,0.8507357835769653,-0.720785915851593,0.1477999985218048,0.0592000000178813
TAP_P01016,-56.83727487388907,-5.766913446779951,vegetated,0.785200834274292,-0.6726643443107605,0.1468999981880188,0.0649999976158142
TAP_P01017,-56.69195268797222,-5.70001506329148,vegetated,0.7815209031105042,-0.6588003635406494,0.1996999979019165,0.0930000022053718
TAP_P01018,-56.76317430957634,-7.550678889953039,water / turbid pond,-0.2029776573181152,0.0958904176950454,0.0408000014722347,0.0260000005364418
TAP_P01019,-56.991866177731296,-7.411973444263801,vegetated,0.8326413631439209,-0.7273726463317871,0.1504666656255722,0.061524998396635
TAP_P01021,-56.72407843498321,-5.600806449289274,vegetated,0.774193525314331,-0.6584281921386719,0.1689999997615814,0.0724000036716461
TAP_P01022,-57.5813920822111,-5.703565742581684,vegetated,0.8208966851234436,-0.7055965065956116,0.2023999989032745,0.0856999978423118
TAP_P01023,-57.186658835825135,-7.36484078585346,vegetated,0.8362907767295837,-0.7373629212379456,0.161200001835823,0.0703999996185302
TAP_P01024,-56.45204445837229,-6.922738386257724,vegetated,0.5217052102088928,-0.5315268635749817,0.2931999862194061,0.1746000051498413
TAP_P01025,-57.41827359698183,-5.748652087601705,vegetated,0.8059096336364746,-0.6788915991783142,0.191100001335144,0.0829000025987625
TAP_P01026,-56.60257191208377,-5.374157397274226,vegetated,0.777388870716095,-0.6859229803085327,0.1469999998807907,0.0631000027060508
TAP_P01027,-56.98883977183443,-7.155852596381295,vegetated,0.8571274280548096,-0.7458339333534241,0.1586333364248275,0.068033330142498
TAP_P01028,-56.39467972099329,-6.86436254515189,vegetated,0.8385313153266907,-0.7310977578163147,0.1645500063896179,0.0723500028252601
TAP_P01030,-57.18243558632895,-7.27511756721331,vegetated,0.8582637906074524,-0.7523907423019409,0.148399993777275,0.0578749999403953
TAP_P01031,-56.73593318756496,-7.662497957938318,vegetated,0.7411568760871887,-0.6631001234054565,0.1367000043392181,0.0587499998509883
TAP_P01032,-55.85401856557392,-6.200916756516855,vegetated,0.8015530705451965,-0.6718146800994873,0.1808999925851822,0.0772000029683113
TAP_P01033,-56.50139031293796,-6.548837806728107,vegetated,0.8457879424095154,-0.7262392044067383,0.2064500004053115,0.09094999730587
TAP_P01034,-56.78050060466562,-5.15367199047987,vegetated,0.8150711059570312,-0.7053606510162354,0.1612499952316284,0.0705000013113021
TAP_P01035,-56.61169289829943,-6.880550973876832,vegetated,0.7511408925056458,-0.6374561786651611,0.1926999986171722,0.0910999998450279
TAP_P01037,-57.35631854812335,-6.081664475871199,vegetated,0.7697820663452148,-0.6946831941604614,0.1682000011205673,0.0697999969124794
TAP_P01038,-56.91664893478302,-5.431623544284896,vegetated,0.8275545835494995,-0.7045571208000183,0.1824833303689956,0.0815142840147018
TAP_P01039,-56.67117529301674,-6.733177184860273,vegetated,0.7583892345428467,-0.6604612469673157,0.1787000000476837,0.0807000026106834
TAP_P01040,-56.67898027899257,-5.7230025022437445,vegetated,0.8426748514175415,-0.7325096130371094,0.1463000029325485,0.0617499984800815
TAP_P01042,-56.771335153620136,-7.642454387775269,bare — sandbar / spoil / tailings,0.0591790378093719,-0.0794602483510971,0.0778999999165535,0.050000000745058
TAP_P01044,-56.45616185525768,-5.828347687627218,vegetated,0.8547486066818237,-0.7522508502006531,0.1572999954223632,0.065600000321865
TAP_P01047,-57.92975946769121,-6.021313747634901,vegetated,0.7773216962814331,-0.6401869058609009,0.1532000005245208,0.0719999969005584
TAP_P01048,-56.06055096831562,-5.510448715000591,vegetated,0.8144647479057312,-0.7133716344833374,0.14614999294281,0.0618333332240581
TAP_P01049,-56.71753465929689,-7.624997098356228,vegetated,0.8039113879203796,-0.7113804221153259,0.1412999927997589,0.0590500012040138
TAP_P01051,-56.27377144663775,-7.262264295386405,vegetated,0.5286553502082825,-0.51884526014328,0.2825999855995178,0.1570000052452087
TAP_P01052,-57.02075569501174,-7.268573757386146,vegetated,0.7665862441062927,-0.6286177635192871,0.1331399977207183,0.0559818185865879
TAP_P01054,-57.14222703622703,-7.396237346451286,vegetated,0.7371613383293152,-0.6346153616905212,0.1702000051736831,0.0785999968647956
TAP_P01056,-57.48263096703203,-6.20087967196867,vegetated,0.7851959466934204,-0.6785570979118347,0.1645999997854232,0.0731000006198883
TAP_P01057,-56.31049291452707,-7.267989540511631,vegetated,0.8191683292388916,-0.721326470375061,0.1435000002384185,0.0594222210347652
TAP_P01058,-57.27413332276249,-7.189072575845499,vegetated,0.8380398750305176,-0.7309448719024658,0.1483000069856643,0.061999998986721
TAP_P01060,-57.034765825677965,-7.259292142253862,vegetated,0.8174811005592346,-0.7288760542869568,0.1504999995231628,0.0631000027060508
TAP_P01061,-56.64858587892855,-7.625410233320064,vegetated,0.8035405874252319,-0.7062755823135376,0.1799000054597854,0.0803999975323677
TAP_P01062,-57.1218622418507,-7.20858399971292,vegetated,0.8087407946586609,-0.691473662853241,0.215049996972084,0.1026000007987022
TAP_P01064,-57.17581281183441,-5.497560576815648,vegetated,0.7717504501342773,-0.7047039270401001,0.1498000025749206,0.066500000655651
TAP_P01066,-56.63423800387055,-7.61386949333031,vegetated,0.8417860865592957,-0.7304844260215759,0.135450005531311,0.0555999986827373
TAP_P01067,-56.1272523189388,-5.483876528235392,bare — sandbar / spoil / tailings,0.2728159427642822,-0.2362866401672363,0.1173499971628189,0.0722500011324882
TAP_P01068,-56.79282309004637,-5.252939251466622,vegetated,0.6779661178588867,-0.6038306355476379,0.1835999935865402,0.0917999967932701
TAP_P01069,-57.002607196225206,-6.821028834928894,vegetated,0.8150250315666199,-0.7130651473999023,0.1331000030040741,0.0577999986708164
TAP_P01070,-56.83628170965072,-5.478317878656376,vegetated,0.8257887363433838,-0.7009584903717041,0.1570000052452087,0.0668999999761581
TAP_P01071,-56.77507420566113,-7.556282123449173,vegetated,0.8267804384231567,-0.7406541705131531,0.1352500021457672,0.0587499998509883
TAP_P01072,-57.05591842256971,-7.261358801063971,vegetated,0.8314669728279114,-0.7308248281478882,0.1524499952793121,0.0664499998092651
TAP_P01073,-56.603267048525645,-5.79776546056495,vegetated,0.3752945363521576,-0.3388804793357849,0.1412000060081482,0.0722000002861023
TAP_P01074,-56.74285565980989,-6.603322552204994,vegetated,0.8261261582374573,-0.710037112236023,0.1798000037670135,0.0769499987363815
TAP_P01076,-56.855924323664105,-5.472280116216454,vegetated,0.7735617756843567,-0.6623376607894897,0.1689999997615814,0.0760999992489814
TAP_P01078,-56.7640146711902,-7.564127361011295,vegetated,0.8622660040855408,-0.74772047996521,0.1555500030517578,0.062950000166893
TAP_P01079,-57.39522178767544,-6.077404733595737,vegetated,0.813829779624939,-0.6914672255516052,0.1738999933004379,0.0727000012993812
TAP_P01080,-56.29500191159919,-7.317348025683941,vegetated,0.8258503079414368,-0.7287092208862305,0.1330333352088928,0.0542000010609626
TAP_P01081,-56.57092303229879,-7.338909755281677,vegetated,0.78630530834198,-0.6736840605735779,0.1462000012397766,0.0667999982833862
TAP_P01082,-56.30901749977703,-6.530727380930331,vegetated,0.4082125425338745,-0.4381395280361175,0.3009000122547149,0.1905000060796737
TAP_P01083,-56.73753788687307,-7.6497174793816,bare — sandbar / spoil / tailings,0.27072274684906,-0.354367047548294,0.2700999975204468,0.2093999981880188
TAP_P01088,-57.313213829400425,-7.073748933236196,vegetated,0.6812353134155273,-0.6303549408912659,0.1914000064134597,0.0905999988317489
TAP_P01089,-57.341399965389165,-7.055519388307463,vegetated,0.8389022350311279,-0.7320491671562195,0.1702499985694885,0.0728499963879585
TAP_P01090,-56.72665903706096,-7.584122336523264,vegetated,0.8186579346656799,-0.7319298386573792,0.1546999961137771,0.0663999989628791
TAP_P01092,-55.8678937229809,-6.2520894468587365,vegetated,0.8066822290420532,-0.6902629733085632,0.1503500044345855,0.0608999989926815
TAP_P01093,-56.65913398740443,-6.951204144728621,vegetated,0.8297173380851746,-0.712147057056427,0.1583500057458877,0.0709500014781951
TAP_P01094,-56.66374024009527,-7.620736290972254,vegetated,0.8583532571792603,-0.7521772384643555,0.147049993276596,0.0608499981462955
TAP_P01095,-57.44266581679879,-6.252438037444708,vegetated,0.8416860103607178,-0.7453117370605469,0.1777999997138977,0.0732000023126602
TAP_P01098,-56.42361524967741,-6.166810295464628,vegetated,0.8373897671699524,-0.7459816336631775,0.1491499990224838,0.0606999993324279
TAP_P01102,-57.12166004274951,-7.140230051156115,vegetated,0.7866281867027283,-0.7076034545898438,0.1539999991655349,0.06615000218153
TAP_P01104,-56.11471715002161,-5.4870613774440224,vegetated,0.8461403250694275,-0.7347456812858582,0.1391000002622604,0.0573999993503093
TAP_P01105,-57.3347705571667,-6.1596447193704185,vegetated,0.8237483501434326,-0.7314053773880005,0.1711000055074691,0.070150002837181
TAP_P01106,-57.06864950844747,-5.667370153459644,vegetated,0.869138777256012,-0.7593023777008057,0.1912000030279159,0.0781499966979026
TAP_P01107,-57.25917546647344,-5.756895167105571,vegetated,0.8548553586006165,-0.7478005886077881,0.1570000052452087,0.0614000000059604
TAP_P01109,-56.48721061523216,-6.169310154810466,vegetated,0.7760847806930542,-0.6956174373626709,0.1905999928712844,0.0896999984979629
TAP_P01110,-56.74647984284218,-6.606577294944839,vegetated,0.7969686388969421,-0.6854860782623291,0.1519999951124191,0.0658000037074089
TAP_P01111,-57.36201544285944,-7.032946059886324,vegetated,0.826815664768219,-0.7195020914077759,0.160300001502037,0.065600000321865
TAP_P01112,-56.97526475734799,-7.222726259326594,vegetated,0.8732485175132751,-0.7639409899711609,0.1416999995708465,0.0577000007033348
TAP_P01113,-56.9894343080996,-7.158984985319642,vegetated,0.813660740852356,-0.7028277516365051,0.1510857194662094,0.0612999983131885
TAP_P01114,-56.43384940114096,-5.702355601014404,vegetated,0.8125960230827332,-0.7047052383422852,0.1472000032663345,0.065600000321865
TAP_P01115,-56.65020122518857,-6.799007285365216,vegetated,0.7452285885810852,-0.6512017846107483,0.1885000020265579,0.0839999988675117
TAP_P01116,-56.3837186788549,-6.893425531913597,vegetated,0.8305553197860718,-0.7446836829185486,0.1397500038146972,0.0595000013709068
TAP_P01117,-57.19051453310834,-7.386725253386697,vegetated,0.8596026301383972,-0.7498628497123718,0.1578000038862228,0.068400003015995
TAP_P01119,-57.38880042221719,-6.205056566958236,vegetated,0.8382299542427063,-0.7345111966133118,0.1746000051498413,0.0759499967098236
TAP_P01120,-56.04519242083608,-5.471719001860228,vegetated,0.8245620131492615,-0.7147224545478821,0.1517499983310699,0.0654333308339119
TAP_P01122,-57.56284062793772,-6.871115724814165,bare — sandbar / spoil / tailings,0.2658997476100921,-0.3097797632217407,0.325300008058548,0.2025499939918518
TAP_P01123,-57.059955545098944,-5.688604940769366,vegetated,0.8458715677261353,-0.7379786968231201,0.1662999987602234,0.0690999999642372
TAP_P01124,-57.15236559987238,-7.2066266546028706,vegetated,0.832882285118103,-0.7270122170448303,0.1488000005483627,0.0627999976277351
TAP_P01125,-56.629922749702445,-7.604326128807065,vegetated,0.8532721996307373,-0.734088659286499,0.1392000019550323,0.0573999993503093
TAP_P01126,-56.31890564526884,-6.522543852903588,vegetated,0.6952129006385803,-0.6083630919456482,0.1885000020265579,0.0943000018596649
TAP_P01127,-57.01548629803703,-7.479272153629979,vegetated,0.8322707414627075,-0.7336108088493347,0.1508000046014785,0.0641999989748001
TAP_P01128,-57.18070451359163,-7.198065035837892,vegetated,0.8567714691162109,-0.7516099214553833,0.1885000020265579,0.0825000032782554
TAP_P01129,-57.70664635876043,-5.445381359973187,vegetated,0.7549721598625183,-0.6397885084152222,0.1462000012397766,0.0676999986171722
TAP_P01130,-56.02572390207934,-6.441333265080451,vegetated,0.7689893245697021,-0.702346920967102,0.1927333325147628,0.0880500003695488
TAP_P01131,-56.61750065015472,-7.667331263002616,vegetated,0.8258655071258545,-0.7183732390403748,0.1592500060796737,0.0714500024914741
TAP_P01132,-56.20946495865744,-6.876238163772827,vegetated,0.8167939186096191,-0.7081462144851685,0.1392000019550323,0.0584999993443489
TAP_P01134,-56.76824127493024,-7.568337414285034,vegetated,0.3147644698619842,-0.3664437532424927,0.2916499972343445,0.1978500038385391
TAP_P01136,-57.4341549831322,-4.991346699749681,vegetated,0.8391984105110168,-0.6882574558258057,0.1986999958753585,0.0869999974966049
TAP_P01137,-56.973802809733485,-7.0714015235617,bare — sandbar / spoil / tailings,0.1614255756139755,-0.1039577722549438,0.100550003349781,0.0557200014591217
TAP_P01138,-56.09096039026409,-5.499589545307607,vegetated,0.8464106917381287,-0.7326442003250122,0.1616999953985214,0.0671800002455711
TAP_P01139,-56.18227151737247,-6.707981937296549,vegetated,0.8176230788230896,-0.7314519286155701,0.1631499975919723,0.0731000006198883
TAP_P01140,-57.12292487752828,-7.141654857242659,vegetated,0.8995189666748047,-0.8027955889701843,0.1738999933004379,0.0705000013113021
TAP_P01141,-56.596670402094766,-6.853193743604348,vegetated,0.7421931624412537,-0.6529715061187744,0.1907500028610229,0.090549997985363
TAP_P01143,-56.54904936092366,-5.698958183043165,vegetated,0.8536585569381714,-0.7296251654624939,0.1852999925613403,0.0842000022530555
TAP_P01147,-56.886291978697066,-6.938813080299323,vegetated,0.7905698418617249,-0.6880055665969849,0.1852000057697296,0.0855000019073486
TAP_P01148,-56.422416901333605,-6.284738323062643,vegetated,0.8407628536224365,-0.7373021245002747,0.1749999970197677,0.0764499977231025
TAP_P01149,-56.46443795683195,-5.806431268176679,vegetated,0.8294174671173096,-0.7125861048698425,0.1606999933719635,0.0680000036954879
TAP_P01150,-56.69093390855737,-5.694787872512155,vegetated,0.81686931848526,-0.7282255291938782,0.153899997472763,0.0662999972701072
TAP_P01151,-57.22270568398509,-5.514443094989721,vegetated,0.8485379815101624,-0.7337124943733215,0.1720000058412552,0.0728000029921531
TAP_P01152,-56.13245641337571,-5.850315804279088,vegetated,0.7804171442985535,-0.6920788884162903,0.1765500009059906,0.0855000019073486
TAP_P01153,-56.56657685650672,-5.396553741214254,vegetated,0.8401036858558655,-0.7311086654663086,0.1330499947071075,0.0555000007152557
TAP_P01155,-57.02280569722132,-7.278648595191748,vegetated,0.8386306166648865,-0.7390817999839783,0.1545500010251999,0.0662999972701072
TAP_P01156,-57.3828943750705,-5.182915229353644,vegetated,0.810240626335144,-0.7083559632301331,0.1654500067234039,0.069250002503395
TAP_P01157,-57.1670000233464,-7.278909160162064,vegetated,0.8148266077041626,-0.7017596364021301,0.1494999974966049,0.0617999993264675
TAP_P01159,-57.34791433596834,-7.016040850279745,vegetated,0.7246821522712708,-0.6766245365142822,0.1608999967575073,0.0710999965667724
TAP_P01161,-57.488879402353255,-4.882421683290355,vegetated,0.8210666179656982,-0.7106119394302368,0.1722999960184097,0.0728499963879585
TAP_P01165,-57.2143119177448,-5.51731023170239,vegetated,0.8321261405944824,-0.7394277453422546,0.1697999984025955,0.0714000016450882
TAP_P01166,-57.27966663284825,-6.104785723161413,vegetated,0.8446939587593079,-0.7308275103569031,0.1552000045776367,0.0631999969482421
TAP_P01168,-56.56289060970198,-7.059521807527176,vegetated,0.8472964763641357,-0.7261658310890198,0.1439999938011169,0.0608999989926815
TAP_P01169,-55.29750226578466,-5.991122957256644,vegetated,0.8175876140594482,-0.7151331305503845,0.1819500029087066,0.0865999981760978
TAP_P01170,-56.240475849407225,-6.717038561796361,vegetated,0.7979012727737427,-0.6969919204711914,0.148499995470047,0.0640999972820282
TAP_P01171,-56.45772800695102,-6.328478621932648,vegetated,0.8125205039978027,-0.7083719372749329,0.1361999958753585,0.0570000000298023
TAP_P01173,-54.58058553247411,-5.704426530500345,water / turbid pond,-0.0533642508089542,0.0589147359132766,0.0560999996960163,0.0270000007003545
TAP_P01174,-56.83561287487567,-5.492959836007752,vegetated,0.8183388710021973,-0.7119266390800476,0.1705999970436096,0.0708199962973594
TAP_P01175,-56.72501219245,-7.53165280447972,vegetated,0.8530734777450562,-0.7471016645431519,0.1387999951839447,0.0566000007092952
TAP_P01176,-57.06079667038235,-7.244545780873726,vegetated,0.7627795338630676,-0.6969153881072998,0.1914999932050705,0.0908999964594841
TAP_P01177,-56.69986201950568,-7.894321136721237,vegetated,0.7915794253349304,-0.6703622937202454,0.1782000064849853,0.0867500007152557
TAP_P01178,-56.60488511148794,-5.813756154127715,vegetated,0.7945048809051514,-0.6969645023345947,0.1752000004053115,0.0768499970436096
TAP_P01179,-56.89951351769017,-5.795665253235852,vegetated,0.8508371114730835,-0.737412691116333,0.1460999995470047,0.0584000013768672
TAP_P01181,-56.333963834689264,-7.297788688461376,vegetated,0.7795653939247131,-0.7043024301528931,0.164450004696846,0.0824000015854835
TAP_P01182,-56.50993460315045,-7.002675282355467,vegetated,0.7208498120307922,-0.632976233959198,0.2128999978303909,0.1031000018119812
TAP_P01185,-57.55409429197846,-5.33014691927886,vegetated,0.8466076850891113,-0.7158176898956299,0.1788000017404556,0.0785999968647956
TAP_P01188,-56.73472551596323,-7.637850784015136,bare — sandbar / spoil / tailings,0.2618483006954193,-0.3258178830146789,0.2461999952793121,0.1968500018119812
TAP_P01189,-56.432997448160336,-6.229454701877222,vegetated,0.5267398953437805,-0.4797980487346649,0.2120500057935714,0.1271000057458877
TAP_P01192,-56.35571002773531,-7.646614542541328,water / turbid pond,-0.3326203227043152,0.2845528423786163,0.0329000018537044,0.0171000007539987
TAP_P01193,-57.39956832174321,-5.973858465183067,vegetated,0.806111216545105,-0.698439359664917,0.1734499931335449,0.0741999968886375
TAP_P01194,-56.9697348561391,-7.063770863466009,vegetated,0.7700413465499878,-0.6881530284881592,0.2332800030708313,0.1149595230817794
TAP_P01196,-56.99888568649676,-5.837927748067004,vegetated,0.845396101474762,-0.7260331511497498,0.1587000042200088,0.0636000037193298
TAP_P01197,-56.05969754627644,-6.346231908417517,vegetated,0.817725658416748,-0.708987295627594,0.1515222191810608,0.0598714277148246
TAP_P01199,-57.18729031104983,-7.285256469299374,vegetated,0.8426576256752014,-0.738895058631897,0.1482000052928924,0.0601000003516674
TAP_P01201,-56.38926997885467,-6.992694305505131,vegetated,0.7935515642166138,-0.7117214798927307,0.147499993443489,0.0657500028610229
TAP_P01202,-57.4858677695328,-4.920558984819205,vegetated,0.8108233213424683,-0.6872547268867493,0.1852999925613403,0.0847499966621398
TAP_P01203,-56.94679251345588,-7.049820099793823,water / turbid pond,-0.202846959233284,0.103162445127964,0.0483499988913536,0.0349499993026256
TAP_P01204,-57.16342629889887,-5.492592283727799,vegetated,0.8177888989448547,-0.7014627456665039,0.2245499938726425,0.1102000027894973
TAP_P01206,-56.901266818990834,-5.776518751304301,vegetated,0.8404542803764343,-0.7307578325271606,0.1604000031948089,0.064300000667572
TAP_P01207,-57.33600768985968,-6.061242134168862,vegetated,0.8551506996154785,-0.7413339018821716,0.2035000026226043,0.0847999975085258
TAP_P01208,-56.53790814235488,-7.045821632838739,vegetated,0.8361759185791016,-0.7064683437347412,0.1843000054359436,0.0781999975442886
TAP_P01209,-56.64518698519929,-6.975938665117396,vegetated,0.6862837076187134,-0.6296914219856262,0.2730999886989593,0.138600006699562
TAP_P01210,-57.46218268261431,-4.8561768846283,vegetated,0.4939569234848022,-0.4963157773017883,0.2485000044107437,0.1402000039815902
TAP_P01212,-56.24222696827584,-6.784972896404844,vegetated,0.7764555811882019,-0.6955177783966064,0.1897999942302703,0.089149996638298
TAP_P01214,-57.291224020482254,-5.822135707900251,vegetated,0.5451738834381104,-0.5759714841842651,0.2037499994039535,0.1027500033378601
TAP_P01215,-57.49301892378605,-5.287200522537962,vegetated,0.8197501301765442,-0.712335467338562,0.1738999933004379,0.0731000006198883
TAP_P01216,-56.84295856370117,-7.0898146060875336,vegetated,0.7116250991821289,-0.6351487040519714,0.2020999938249588,0.1014999970793724
TAP_P01218,-57.61145282106504,-6.880268276135177,vegetated,0.8275154232978821,-0.7142062783241272,0.1521999984979629,0.0615000016987323
TAP_P01219,-57.1948335131275,-7.400567764048826,vegetated,0.8212061524391174,-0.7284716963768005,0.1341499984264373,0.0529499985277652
TAP_P01220,-56.86631702652468,-5.553482618370351,vegetated,0.8310340046882629,-0.701166033744812,0.1342000067234039,0.0546500012278556
TAP_P01221,-57.45770834774317,-5.0109991629728485,vegetated,0.7526674270629883,-0.6488586664199829,0.1978500038385391,0.096000000834465
TAP_P01222,-57.024685073429936,-6.84872553835759,vegetated,0.8112359642982483,-0.722087025642395,0.1374000012874603,0.0559500008821487
TAP_P01223,-55.48752766585251,-5.415796315787345,vegetated,0.7653958797454834,-0.6776677966117859,0.1500999927520752,0.0701000019907951
TAP_P01224,-57.01178671861971,-7.119723432946011,vegetated,0.8659301996231079,-0.7630755305290222,0.1809999942779541,0.0772000029683113
TAP_P01226,-56.49989204405991,-6.598066204270707,vegetated,0.8028169274330139,-0.6861289143562317,0.1403000056743621,0.0615999996662139
TAP_P01227,-56.20280326111847,-6.7226622892319,vegetated,0.8320554494857788,-0.7159175872802734,0.1609500050544738,0.067500002682209
TAP_P01229,-56.471532956422,-5.781542629338738,vegetated,0.8276873826980591,-0.7201241850852966,0.1605000048875808,0.064699999988079
TAP_P01230,-57.03600990242129,-7.161878322211012,vegetated,0.8455498218536377,-0.7383002042770386,0.1247999966144561,0.0509999990463256
TAP_P01232,-56.80678475653911,-5.416737771059789,vegetated,0.8171514868736267,-0.7076244354248047,0.1499000042676925,0.0678000003099441
TAP_P01234,-57.30049311670502,-7.126644349427941,vegetated,0.4253586530685425,-0.3269813656806946,0.1213999986648559,0.0593999996781349
TAP_P01235,-56.85775283576419,-7.048142713575569,vegetated,0.8080838918685913,-0.7103597521781921,0.1581500023603439,0.0684499964118003
TAP_P01237,-56.40436510002895,-6.489442302192235,vegetated,0.8247563242912292,-0.7306170463562012,0.1564500033855438,0.0667999982833862
TAP_P01238,-57.589320895687926,-5.16507635057903,vegetated,0.7772518396377563,-0.6712959408760071,0.199750006198883,0.091849997639656
TAP_P01239,-56.41154018974071,-6.815142404613621,vegetated,0.8164172768592834,-0.7023351192474365,0.125,0.0535999983549118
TAP_P01240,-56.95177230038031,-7.087822097411235,vegetated,0.8062829375267029,-0.7131180763244629,0.1613000035285949,0.0694499984383583
TAP_P01241,-57.04622483814199,-5.763924705980199,vegetated,0.8733024001121521,-0.7633533477783203,0.1602499932050705,0.066550001502037
TAP_P01242,-57.180888011059736,-7.269869130773097,vegetated,0.8334277272224426,-0.7345559000968933,0.149849995970726,0.059749998152256
TAP_P01243,-56.53283673104757,-7.012092138878944,vegetated,0.7807620167732239,-0.6821221709251404,0.1543000042438507,0.0667999982833862
TAP_P01244,-56.719285729758965,-7.066082539756286,vegetated,0.8241820931434631,-0.7271317839622498,0.1471000015735626,0.0579000003635883
TAP_P01245,-57.61455493858244,-6.859237864963277,vegetated,0.8089568018913269,-0.7075292468070984,0.169400006532669,0.0715999975800514
TAP_P01246,-57.04704959523245,-6.950437494975905,vegetated,0.7235550284385681,-0.6631999611854553,0.1783999949693679,0.0860499963164329
TAP_P01248,-56.59073638464372,-5.417950217791084,vegetated,0.8498936295509338,-0.7346186637878418,0.1465000063180923,0.065200001001358
TAP_P01249,-56.93428590252356,-6.885578280673835,vegetated,0.8071712851524353,-0.6699826121330261,0.1395500004291534,0.0595333315432071
TAP_P01250,-57.42144687738692,-6.285715157304256,vegetated,0.7868413329124451,-0.6817035675048828,0.1641999930143356,0.0693999975919723
TAP_P01252,-56.78237914546006,-7.55357096156703,vegetated,0.8417977690696716,-0.745955228805542,0.121299996972084,0.0502000004053115
TAP_P01253,-56.8270419876215,-5.209937581805171,vegetated,0.8515093922615051,-0.7292354702949524,0.1439000070095062,0.0612000003457069
TAP_P01254,-56.565203244210906,-7.333236422031968,vegetated,0.5307246446609497,-0.508963942527771,0.2445999979972839,0.1406999975442886
TAP_P01255,-57.48753126485574,-5.160220375218702,vegetated,0.833844780921936,-0.7207642793655396,0.1590999960899353,0.0671000033617019
TAP_P01256,-56.8821170553486,-5.735681000453857,vegetated,0.8438152074813843,-0.7271364331245422,0.1455000042915344,0.0612000003457069
TAP_P01257,-55.953993399054696,-6.207629235321357,vegetated,0.5408560037612915,-0.5090521574020386,0.2037000060081482,0.1211000010371208
TAP_P01258,-56.1891855581623,-6.833441844339804,vegetated,0.3414367139339447,-0.3175964951515198,0.1085499972105026,0.0492499992251396
TAP_P01259,-56.9679438358755,-6.9030063097083385,vegetated,0.8188393712043762,-0.7201520800590515,0.1666599959135055,0.0685666650533676
TAP_P01260,-56.70469907294287,-5.31383459435169,vegetated,0.8308952450752258,-0.748369038105011,0.1506000012159347,0.062399998307228
TAP_P01261,-56.98142972569302,-7.076394867688795,vegetated,0.8740847706794739,-0.7533019781112671,0.1629499942064285,0.0722749978303909
TAP_P01262,-56.69536667649443,-7.645321381432735,vegetated,0.8213838338851929,-0.7279114723205566,0.122649997472763,0.0598499998450279
TAP_P01263,-57.45048085064817,-5.171564825221297,vegetated,0.8133467435836792,-0.7039132714271545,0.1703999936580658,0.0755999982357025
TAP_P01264,-56.321121670346486,-6.79573823234886,water / turbid pond,-0.1768809407949447,0.0962301567196846,0.1046999990940094,0.0549999997019767
TAP_P01266,-57.35279752230348,-7.0252679733042775,vegetated,0.7863091826438904,-0.6931518316268921,0.1645999997854232,0.0736000016331672
TAP_P01267,-56.73586972763975,-6.042925252619163,vegetated,0.8335251212120056,-0.7211874127388,0.148399993777275,0.0615999996662139
TAP_P01269,-57.08281264250175,-5.559680592132323,vegetated,0.8411459922790527,-0.7079012989997864,0.1563999950885772,0.062899999320507
TAP_P01271,-56.74610838665178,-6.614455576107748,vegetated,0.6673586368560791,-0.5880634784698486,0.1685499995946884,0.0874499976634979
TAP_P01272,-56.91269509196648,-7.054218741016215,vegetated,0.6788251996040344,-0.5995231866836548,0.158050000667572,0.0717500001192092
TAP_P01273,-57.45269962271795,-6.918531654595363,vegetated,0.8412348628044128,-0.7450365424156189,0.1626999974250793,0.064300000667572
TAP_P01274,-56.68380609482889,-5.772209287083647,vegetated,0.7919930219650269,-0.6969913840293884,0.1542000025510788,0.067500002682209
TAP_P01275,-56.3520554263399,-6.12963109792917,vegetated,0.8100979328155518,-0.7153483629226685,0.1887000054121017,0.0813999995589256
TAP_P01276,-56.87844599882041,-5.4718657999467855,vegetated,0.817640483379364,-0.7065537571907043,0.1465000063180923,0.0606999993324279
TAP_P01278,-56.30349333941015,-7.280479953784668,vegetated,0.5418986082077026,-0.5144135355949402,0.3037333190441131,0.1650499999523162
TAP_P01279,-56.33561351854459,-7.306576632375999,vegetated,0.8208138346672058,-0.7143950462341309,0.1446200013160705,0.0613249987363815
TAP_P01280,-56.84255042623263,-7.02573481041351,vegetated,0.7893577814102173,-0.6930555701255798,0.1509999930858612,0.065700002014637
TAP_P01282,-57.26586614257248,-7.15815558250118,vegetated,0.8523659110069275,-0.7419354915618896,0.1543000042438507,0.0644000023603439
TAP_P01283,-57.123784390895615,-7.139647402853102,vegetated,0.8662682175636292,-0.7585808038711548,0.1333999931812286,0.0553000010550022
TAP_P01284,-56.19834311948834,-6.380627233500165,vegetated,0.7552540302276611,-0.6585074067115784,0.1510500013828277,0.0649499967694282
TAP_P01285,-56.4583139048756,-5.708895003703813,vegetated,0.8089378476142883,-0.6891781687736511,0.1561000049114227,0.0659999996423721
TAP_P01286,-56.45317362534581,-6.985510830414201,vegetated,0.8567996025085449,-0.7572992444038391,0.1622000038623809,0.0707999989390373
TAP_P01287,-57.37137632784604,-7.09270120033457,vegetated,0.8496291637420654,-0.7433353662490845,0.1586000025272369,0.0640999972820282
TAP_P01289,-55.9436227204522,-6.207451002841337,vegetated,0.4109483659267425,-0.3713776171207428,0.1224000006914138,0.0610000006854534
TAP_P01290,-57.33304037922365,-6.067795125608743,vegetated,0.81265789270401,-0.735424816608429,0.2087000012397766,0.0921000018715858
TAP_P01292,-56.87705214290187,-5.732928724578799,vegetated,0.8331591486930847,-0.7311835289001465,0.1406999975442886,0.0562499985098838
TAP_P01293,-55.30257507922092,-5.987745880112981,vegetated,0.8546879291534424,-0.7480282783508301,0.1590999960899353,0.0671999976038932
TAP_P01294,-57.355554366570566,-6.084537595485271,vegetated,0.7659702301025391,-0.670005202293396,0.1871500015258789,0.0912500023841857
TAP_P01295,-56.654766593429656,-7.228187254404658,vegetated,0.8542100787162781,-0.7484524250030518,0.1581999957561493,0.0653999969363212
TAP_P01296,-56.6902552743796,-7.221134016061717,vegetated,0.6395820379257202,-0.5812345147132874,0.1517000049352646,0.0802000015974044
TAP_P01297,-56.03605035528012,-6.377160367917708,vegetated,0.8214382529258728,-0.7282220721244812,0.1764615327119827,0.074952632188797
TAP_P01298,-57.32934889730864,-6.082782554274396,vegetated,0.8252290487289429,-0.7243947982788086,0.1859000027179718,0.0816999971866607
TAP_P01300,-57.11442415208096,-5.579466353348139,vegetated,0.8003450632095337,-0.6867933869361877,0.1666000038385391,0.0719000026583671
TAP_P01302,-56.52539399201711,-7.037418798553283,vegetated,0.516292154788971,-0.4814289212226867,0.3375000059604645,0.201100006699562
TAP_P01303,-56.92093495492268,-7.483777894261876,vegetated,0.8005216121673584,-0.6974418759346008,0.1238999962806701,0.0544000007212162
TAP_P01305,-57.332055277715554,-7.149502016088612,bare — sandbar / spoil / tailings,0.0687640383839607,-0.0971625074744224,0.2231999933719635,0.1607999950647354
TAP_P01307,-57.15018135294068,-7.299292356101199,vegetated,0.8710750341415405,-0.7609027028083801,0.154349997639656,0.0611499994993209
TAP_P01308,-56.77295479676292,-7.609517789118638,vegetated,0.8500320911407471,-0.756557822227478,0.1764499992132187,0.0765499994158744
TAP_P01309,-56.84142435177828,-7.103706632130433,vegetated,0.8446115255355835,-0.7462915778160095,0.152999997138977,0.0641999989748001
TAP_P01310,-56.730556084612566,-5.286085512262823,vegetated,0.8687596321105957,-0.7876781821250916,0.1925999969244003,0.0798999965190887
TAP_P01311,-56.79554673088208,-7.637346465559332,vegetated,0.8340893387794495,-0.737663984298706,0.1380500048398971,0.0571999996900558
TAP_P01313,-56.7365011489081,-7.333371414739661,vegetated,0.7917031049728394,-0.6879708170890808,0.1537500023841858,0.0684999972581863
TAP_P01314,-56.68476477235897,-7.6072655759532894,vegetated,0.8382267951965332,-0.7394675612449646,0.1453000009059906,0.0593000017106533
TAP_P01315,-56.81458070005184,-5.423138895258866,vegetated,0.8069977164268494,-0.6885299682617188,0.1523000001907348,0.064750000834465
TAP_P01316,-56.801742908014766,-5.415531124998866,vegetated,0.8214084506034851,-0.7164852619171143,0.1607999950647354,0.0636999979615211
TAP_P01317,-55.30003893766544,-5.982474129511906,vegetated,0.8355902433395386,-0.7195581793785095,0.186599999666214,0.0781999975442886
TAP_P01318,-56.53889804037538,-7.053290645384648,vegetated,0.8159173727035522,-0.7048102617263794,0.1613000035285949,0.0667999982833862
TAP_P01321,-55.98865558848872,-6.183447763026416,bare — sandbar / spoil / tailings,0.2556847631931305,-0.3546311855316162,0.3203499913215637,0.2016000002622604
TAP_P01322,-56.917733539493774,-6.888495387940552,vegetated,0.8354129195213318,-0.7346017956733704,0.1574124991893768,0.0654333308339119
TAP_P01323,-56.75437239968245,-7.308523860084692,vegetated,0.8138644695281982,-0.6996564865112305,0.131400004029274,0.0571000017225742
TAP_P01326,-57.39714562437801,-6.180614143202789,vegetated,0.760838508605957,-0.680770218372345,0.1862999945878982,0.0856000036001205
TAP_P01327,-56.47929890659211,-6.999992200840149,vegetated,0.831210196018219,-0.7209128141403198,0.1636999994516372,0.0720999985933303
TAP_P01328,-57.483327260158816,-4.833173114779596,vegetated,0.8272222280502319,-0.7265092134475708,0.1589999943971634,0.064300000667572
TAP_P01331,-57.4498569126332,-6.198988115380264,vegetated,0.8148049712181091,-0.7177020907402039,0.1708000004291534,0.0719999969005584
TAP_P01332,-57.33880861599855,-6.067547353215725,vegetated,0.7703045606613159,-0.6848763823509216,0.2440000027418136,0.1172000020742416
TAP_P01333,-56.60410172801964,-6.858030957689563,vegetated,0.6717839241027832,-0.6067723631858826,0.193350002169609,0.1022500023245811
TAP_P01334,-56.07015528384102,-6.347527609225796,vegetated,0.8053838014602661,-0.687629222869873,0.201172724366188,0.091628573834896
TAP_P01336,-57.41218033278689,-5.09931148344679,vegetated,0.8098821640014648,-0.6859797835350037,0.1791000068187713,0.0798000022768974
TAP_P01337,-56.986490282056245,-5.816767121121358,vegetated,0.8019728660583496,-0.6931934952735901,0.1841000020503997,0.0830499976873397
TAP_P01342,-57.59077859746116,-5.174857267639988,vegetated,0.7853870391845703,-0.6861732602119446,0.1915999948978424,0.0842000022530555
TAP_P01343,-57.02621549068862,-7.360943186629462,vegetated,0.7913858890533447,-0.6851598620414734,0.1448999941349029,0.0635000020265579
TAP_P01344,-57.46302167190036,-5.69424644951299,vegetated,0.8072458505630493,-0.7064098715782166,0.1651999950408935,0.0694999992847442
TAP_P01347,-56.18405966953464,-6.07744716944412,vegetated,0.830646276473999,-0.7269510626792908,0.1610500067472458,0.065650001168251
TAP_P01348,-57.4219226832767,-5.735092176310252,vegetated,0.780947744846344,-0.6805847883224487,0.1730999946594238,0.0742999985814094
TAP_P01350,-57.24811282230005,-5.9164111789432114,vegetated,0.8607386350631714,-0.7519903182983398,0.1701000034809112,0.068800002336502
TAP_P01351,-57.33659841565616,-7.140161332358412,vegetated,0.8383119702339172,-0.7292069792747498,0.1626999974250793,0.067900002002716
TAP_P01352,-56.394027375504784,-6.255557100820563,vegetated,0.8257393836975098,-0.7229850888252258,0.1675000041723251,0.0709000006318092
TAP_P01353,-56.59159617283748,-7.71602045556845,vegetated,0.8182406425476074,-0.7115225195884705,0.1506000012159347,0.0655499994754791
TAP_P01355,-57.50699250585109,-5.35161179271201,vegetated,0.76057368516922,-0.6589924693107605,0.1587499976158142,0.0668999999761581
TAP_P01356,-57.61013252606087,-5.736231554484292,vegetated,0.7756620049476624,-0.6501457691192627,0.1723999977111816,0.0719999969005584
TAP_P01358,-55.31629393567412,-5.998020777400325,vegetated,0.8295766711235046,-0.7117539644241333,0.1639000028371811,0.0731000006198883
TAP_P01362,-56.651926168853606,-7.585463964594235,vegetated,0.8324633240699768,-0.7303618788719177,0.1489000022411346,0.0641999989748001
TAP_P01363,-56.74097438917168,-7.600808270643971,vegetated,0.7911844253540039,-0.6764231324195862,0.1679999977350235,0.0807000026106834
TAP_P01364,-57.36856757086106,-5.166913479395759,vegetated,0.7622669339179993,-0.6824997663497925,0.1674499958753585,0.0738999992609024
TAP_P01365,-57.02805389690296,-7.266456514671697,vegetated,0.8283624053001404,-0.727350652217865,0.1446000039577484,0.061099998652935
TAP_P01366,-56.91517232231286,-7.087842892782268,vegetated,0.753654956817627,-0.6784698963165283,0.1648399978876114,0.0718749985098838
TAP_P01367,-56.28065485609711,-7.265291667091978,vegetated,0.7094971537590027,-0.6829484701156616,0.1528999954462051,0.069750003516674
TAP_P01368,-56.75646214053311,-7.524969940826354,water / turbid pond,-0.2590991258621216,0.1995994299650192,0.1706999987363815,0.1064499989151954
TAP_P01369,-57.465244282733615,-6.448265007655587,vegetated,0.858883261680603,-0.7509823441505432,0.1728000044822693,0.0703999996185302
TAP_P01370,-56.749142482453216,-7.568118147875885,vegetated,0.5544186234474182,-0.5309207439422607,0.1824000030755996,0.0920000001788139
TAP_P01371,-56.83344082528576,-5.734831654417861,vegetated,0.8429090976715088,-0.7327777743339539,0.1404999941587448,0.0617999993264675
TAP_P01373,-56.484500885909966,-5.7704157752060405,vegetated,0.8324847221374512,-0.7302059531211853,0.1398500055074691,0.0577000007033348
TAP_P01374,-55.956830065599775,-6.213379652702293,vegetated,0.7204751968383789,-0.624550461769104,0.1521999984979629,0.069300003349781
TAP_P01376,-56.33407821468137,-6.240585506540263,vegetated,0.8247871994972229,-0.7232716083526611,0.1399500072002411,0.0584999993443489
TAP_P01377,-56.72748732443216,-7.614490955681967,vegetated,0.8662164807319641,-0.7657948136329651,0.1421499997377395,0.0592000000178813
TAP_P01379,-56.91200023349889,-7.130238155339574,vegetated,0.8069503903388977,-0.6961939930915833,0.162224993109703,0.0692000016570091
TAP_P01381,-57.55011997714415,-6.870870399273173,vegetated,0.7386118173599243,-0.6189993023872375,0.1700499951839447,0.0814500004053115
TAP_P01382,-57.44794562643717,-6.93339488813382,vegetated,0.7680265307426453,-0.6661236882209778,0.1955000013113021,0.0913000032305717
TAP_P01383,-56.72245659579361,-6.615673551604254,vegetated,0.6909272074699402,-0.6145066618919373,0.2208999991416931,0.1165499985218048
TAP_P01386,-56.47820369666382,-5.771439361066683,vegetated,0.8676646947860718,-0.7432211637496948,0.1501999944448471,0.0608999989926815
TAP_P01387,-56.38862616348857,-6.294723028339851,vegetated,0.8009240031242371,-0.6964333057403564,0.1554500013589859,0.0691500008106231
TAP_P01389,-57.59767833296871,-5.704480552986988,vegetated,0.8523432612419128,-0.7398995161056519,0.1699000000953674,0.0698999986052513
TAP_P01390,-56.89117958801288,-5.465995085756477,vegetated,0.8560196757316589,-0.7353825569152832,0.1715999990701675,0.0693999975919723
TAP_P01391,-56.71252614828857,-7.552274855623028,vegetated,0.8341822028160095,-0.7215189933776855,0.1403000056743621,0.060199998319149
TAP_P01392,-56.732465656719626,-7.573119755243248,vegetated,0.7951655387878418,-0.680721640586853,0.1472499966621399,0.0655499994754791
TAP_P01393,-56.99392096823559,-7.0324885035510185,vegetated,0.8239811062812805,-0.7110349535942078,0.1555999964475631,0.0653500035405159
TAP_P01395,-55.91913817751188,-6.224567890229871,vegetated,0.7260909676551819,-0.6388562321662903,0.1238000020384788,0.0551000013947486
TAP_P01396,-56.21036505340644,-6.878859054017457,vegetated,0.8288366794586182,-0.7351091504096985,0.127700001001358,0.0526000000536441
TAP_P01397,-56.96360824845846,-7.2119432231424465,vegetated,0.8135425448417664,-0.7205313444137573,0.1439000070095062,0.0592000000178813
TAP_P01398,-56.998430000516905,-7.402722307809167,vegetated,0.8105146884918213,-0.7111648321151733,0.1438000053167343,0.0625
TAP_P01399,-56.97268787520986,-5.843758489356335,vegetated,0.8752215504646301,-0.7686212658882141,0.160300001502037,0.0640999972820282
TAP_P01400,-57.34161094119113,-5.860694142750954,vegetated,0.8665819764137268,-0.7499440908432007,0.2188999950885772,0.090999998152256
TAP_P01401,-56.87672676325109,-7.218463790868046,vegetated,0.8408304452896118,-0.7287324666976929,0.1425999999046325,0.0615999996662139
TAP_P01403,-56.96060084552057,-7.211568406458767,vegetated,0.8508244156837463,-0.7364764213562012,0.1518999934196472,0.0614000000059604
TAP_P01404,-56.89470077900555,-7.475275363636001,vegetated,0.8220160603523254,-0.7171931862831116,0.1535499989986419,0.0699499994516372
TAP_P01405,-56.65267050937148,-7.635322119484232,vegetated,0.8140589594841003,-0.6907361745834351,0.135000005364418,0.0586999990046024
TAP_P01406,-57.449570474931335,-4.834560944425226,vegetated,0.5863636136054993,-0.5219694972038269,0.1774999946355819,0.0868000015616417
TAP_P01407,-57.28986065728484,-5.421213405638821,vegetated,0.8217774033546448,-0.7124123573303223,0.15344999730587,0.063400000333786
TAP_P01408,-56.20411099674488,-6.059832998803239,vegetated,0.830860435962677,-0.7188035845756531,0.1328500062227249,0.0579500012099742
TAP_P01409,-56.96047401357993,-7.030988280984592,vegetated,0.8372088074684143,-0.7114759087562561,0.1507750004529953,0.0635000020265579
TAP_P01410,-56.33455703702813,-6.983128023267627,vegetated,0.7300028204917908,-0.6543201804161072,0.1312000006437301,0.0583500005304813
TAP_P01411,-57.17168787005204,-5.52496096673396,vegetated,0.8212441205978394,-0.70270836353302,0.179299995303154,0.0718000009655952
TAP_P01412,-56.70084997501442,-5.940354243323963,vegetated,0.8358765840530396,-0.724226713180542,0.1178999990224838,0.0467500016093254
TAP_P01413,-56.39882956099495,-7.256071439380042,vegetated,0.8411270976066589,-0.7433295249938965,0.1626999974250793,0.0711444467306137
TAP_P01414,-56.375112140603896,-6.180994688555243,vegetated,0.783226728439331,-0.6985138058662415,0.181999996304512,0.0820999965071678
TAP_P01415,-56.99631916655616,-6.677027406533731,vegetated,0.8309369683265686,-0.7289218902587891,0.1334333270788192,0.0537200011312961
TAP_P01416,-56.51423891912204,-7.400880511838043,vegetated,0.8248054385185242,-0.7090911865234375,0.1587499976158142,0.0669500008225441
TAP_P01420,-57.15002912243333,-7.386614294853676,vegetated,0.7249318361282349,-0.6467357873916626,0.1946000009775161,0.0957999974489212
TAP_P01421,-57.262764628339774,-7.168926724905446,vegetated,0.8327304720878601,-0.7355393171310425,0.1608500033617019,0.0689999982714653
TAP_P01422,-57.04186855040192,-6.81030040246672,vegetated,0.8013120889663696,-0.7018890380859375,0.1421999931335449,0.0654999986290931
TAP_P01424,-57.27190456375399,-7.150577372984904,vegetated,0.8174469470977783,-0.7342799305915833,0.154799997806549,0.0687000006437301
TAP_P01425,-57.52890753410252,-6.921862087939841,vegetated,0.7188761830329895,-0.6410121917724609,0.1732999980449676,0.0883999988436698
TAP_P01426,-56.32430740227134,-7.295686191981926,vegetated,0.807417094707489,-0.7056490182876587,0.1520333290100097,0.0651800036430358
TAP_P01429,-56.8837759137494,-5.445279453328015,bare — sandbar / spoil / tailings,0.007321298122406,-0.0688072070479393,0.1785999983549118,0.1175500005483627
TAP_P01430,-57.44242095868738,-5.69980432505663,vegetated,0.823189914226532,-0.7048564553260803,0.1768999993801117,0.0742999985814094
TAP_P01432,-57.37932098658743,-5.810102974180859,vegetated,0.7909529805183411,-0.7057320475578308,0.1812999993562698,0.0816000029444694
TAP_P01434,-57.28784354023086,-7.114020644624565,vegetated,0.7950860857963562,-0.6855069994926453,0.1632499992847442,0.0732999965548515
TAP_P01435,-57.16408600752968,-7.361060095845654,vegetated,0.8359257578849792,-0.7521834373474121,0.1607999950647354,0.0701000019907951
TAP_P01436,-56.57626958033599,-5.420031238688517,vegetated,0.8345259428024292,-0.7171717286109924,0.1265999972820282,0.050500001758337
TAP_P01437,-57.563681104014194,-5.1400707354156365,vegetated,0.8157700896263123,-0.6869890093803406,0.196600005030632,0.0883999988436698
TAP_P01438,-57.3263574606776,-7.147368596948953,vegetated,0.7924280166625977,-0.6832337379455566,0.1985500007867813,0.0951500013470649
TAP_P01439,-56.34395249640069,-5.7592142265184165,vegetated,0.7372689247131348,-0.6591179966926575,0.18019999563694,0.0896999984979629
TAP_P01440,-57.48878502018364,-6.525178244420784,vegetated,0.8242510557174683,-0.7100828886032104,0.1283999979496002,0.0516000017523765
TAP_P01443,-56.30196408270663,-6.865069428713421,vegetated,0.8736546635627747,-0.7701796293258667,0.1835000067949295,0.0782999992370605
TAP_P01444,-56.56049813045284,-7.959728461579742,vegetated,0.8070953488349915,-0.6926785111427307,0.1518999934196472,0.0693999975919723
TAP_P01445,-57.38091024469359,-6.084955690541415,vegetated,0.6077561378479004,-0.5840314626693726,0.2193000018596649,0.1152499988675117
TAP_P01447,-56.271266852017696,-6.782578157020149,vegetated,0.8191424012184143,-0.7057724595069885,0.1252000033855438,0.0536499992012977
TAP_P01448,-57.00300864221674,-6.678277011442185,vegetated,0.8406858444213867,-0.7457196712493896,0.1415500044822693,0.0581500008702278
TAP_P01449,-56.74338963644075,-7.513505374993163,vegetated,0.5350738167762756,-0.5628257393836975,0.193800002336502,0.0874499976634979
TAP_P01450,-57.34076362482494,-6.084889714901061,vegetated,0.7075837850570679,-0.6462624073028564,0.2544499933719635,0.1273500025272369
TAP_P01451,-56.871276215594136,-5.693578115517545,vegetated,0.8240528702735901,-0.7174761891365051,0.1401499956846237,0.0582999996840953
TAP_P01452,-57.39935462332792,-6.920488659157691,vegetated,0.6877509951591492,-0.6134228110313416,0.1639000028371811,0.0810000002384185
TAP_P01453,-56.75461700134936,-7.659458984460502,vegetated,0.8628773093223572,-0.7599851489067078,0.1462000012397766,0.059749998152256
TAP_P01454,-56.997758699486376,-7.097350830758535,vegetated,0.8472463488578796,-0.7206186056137085,0.1516533344984054,0.0636000037193298
TAP_P01455,-55.97974203567124,-6.18448735946202,vegetated,0.7580323815345764,-0.6464048624038696,0.1679999977350235,0.0727500021457672
TAP_P01456,-57.21525038774072,-7.204159939772482,vegetated,0.8589698672294617,-0.7481069564819336,0.152999997138977,0.0621999986469745
TAP_P01458,-57.216034673620975,-5.727369727741709,vegetated,0.6792930364608765,-0.6008648872375488,0.1896000057458877,0.0882000029087066
TAP_P01459,-57.49152752552878,-6.517753192851482,vegetated,0.8078720569610596,-0.7040660381317139,0.1672500073909759,0.0707999989390373
TAP_P01460,-56.57028071974671,-7.329471159363203,vegetated,0.8295665383338928,-0.709876537322998,0.1309999972581863,0.0544000007212162
TAP_P01461,-56.20970357814308,-6.873581437960616,vegetated,0.8087969422340393,-0.7067087888717651,0.1355500072240829,0.0584999993443489
TAP_P01464,-57.33020888209772,-7.101004844551269,vegetated,0.8635538220405579,-0.7563627362251282,0.1721999943256378,0.0716999992728233
TAP_P01465,-56.567267611199455,-7.329395609115463,vegetated,0.7461035847663879,-0.6732381582260132,0.1745000034570694,0.0776999965310096
TAP_P01466,-56.77418211286205,-7.5855836817835485,vegetated,0.8442050218582153,-0.7212100625038147,0.1528999954462051,0.0641499981284141
TAP_P01467,-57.046507276680856,-7.198036837627582,vegetated,0.6181638240814209,-0.5467156767845154,0.2483000010251999,0.1268499940633773
TAP_P01468,-56.87100490713895,-5.659031779521402,vegetated,0.7618277668952942,-0.6707013249397278,0.1493500024080276,0.0684499964118003
TAP_P01469,-56.98774952632338,-6.894333698917366,vegetated,0.8067728877067566,-0.6827430129051208,0.1666000038385391,0.0730499997735023
TAP_P01470,-57.1877702538358,-7.227134391192313,vegetated,0.8382858037948608,-0.7339617013931274,0.1457500010728836,0.0657500028610229
TAP_P01471,-56.88933487796447,-5.69824420339383,vegetated,0.8348844051361084,-0.7246673703193665,0.1791000068187713,0.0754999965429306
TAP_P01472,-56.625202386881504,-7.842280612498788,vegetated,0.7004279494285583,-0.6287553906440735,0.2003999948501587,0.1115000024437904
TAP_P01473,-56.32641052100468,-6.1431822107609735,vegetated,0.7313759922981262,-0.6510637402534485,0.1496499925851822,0.0667999982833862
TAP_P01474,-56.26312878068352,-6.693640576672133,vegetated,0.8484004735946655,-0.7369849681854248,0.1649499982595443,0.0713500007987022
TAP_P01475,-56.66333620021611,-5.80264427857531,vegetated,0.8299680948257446,-0.7258250713348389,0.1838999986648559,0.0804999992251396
TAP_P01478,-55.977348976580906,-6.2318671900199645,vegetated,0.7402539253234863,-0.6094674468040466,0.185599997639656,0.0896999984979629
TAP_P01479,-56.88537221802075,-7.203611248527377,vegetated,0.7497960329055786,-0.6977515816688538,0.2013999968767166,0.0952000021934509
TAP_P01483,-56.29287092468523,-6.340893731792993,vegetated,0.8261606097221375,-0.7341985106468201,0.1500999927520752,0.0675999969244003
TAP_P01485,-56.905664667849294,-5.430889918823931,vegetated,0.7650226354598999,-0.6818658709526062,0.1926500052213668,0.0834499970078468
TAP_P01486,-57.40391566919419,-6.103904937131041,vegetated,0.6903054118156433,-0.5979804396629333,0.1974000036716461,0.0986000001430511
TAP_P01487,-56.88487456195013,-5.764717450456591,vegetated,0.8327928185462952,-0.7323991060256958,0.1662999987602234,0.0719000026583671
TAP_P01488,-57.39224818593406,-6.215311910475269,vegetated,0.7869788408279419,-0.6884897351264954,0.1747999936342239,0.0776999965310096
TAP_P01489,-56.65406030124071,-6.965850625324683,vegetated,0.5653560161590576,-0.525073766708374,0.2207999974489212,0.1190000027418136
TAP_P01490,-57.70454505595487,-5.448066398716674,vegetated,0.7700522541999817,-0.678859531879425,0.1734499931335449,0.0747999995946884
TAP_P01491,-56.414603006006026,-6.268050025999448,vegetated,0.8196446299552917,-0.7106464505195618,0.1516000032424926,0.065700002014637
TAP_P01493,-57.26718039152336,-7.164731250996631,vegetated,0.8482906818389893,-0.7490887641906738,0.1583999991416931,0.0640000030398368
TAP_P01495,-56.50048413137719,-6.998972337256514,vegetated,0.5757993459701538,-0.448919415473938,0.1650999933481216,0.0926000028848648
TAP_P01496,-57.52692354788253,-6.953924845488088,vegetated,0.824695348739624,-0.7103228569030762,0.1755499988794326,0.0746499970555305
TAP_P01497,-56.34681517805132,-5.742601234809259,vegetated,0.8579243421554565,-0.7605410218238831,0.1503999978303909,0.0640000030398368
TAP_P01498,-56.69188623742752,-7.22365367927347,bare — sandbar / spoil / tailings,0.0694966092705726,-0.0958725810050964,0.2602500021457672,0.1728000044822693
TAP_P01500,-56.617019257803065,-7.66847446216413,vegetated,0.827995240688324,-0.7324841022491455,0.1596000045537948,0.0685999989509582
TAP_P01502,-57.00148451392648,-5.755539562408627,vegetated,0.6664066314697266,-0.6221062541007996,0.1844000071287155,0.0842999964952468
TAP_P01504,-56.73950680144206,-7.649459891605044,bare — sandbar / spoil / tailings,0.1684845089912414,-0.2450946271419525,0.2829999923706054,0.2456499934196472
TAP_P01505,-56.8987353543769,-5.514492530616685,bare — sandbar / spoil / tailings,0.2528872489929199,-0.2395567446947097,0.1271499991416931,0.068350002169609
TAP_P01506,-56.86214273319605,-6.745966505724612,vegetated,0.6776041388511658,-0.632538378238678,0.2231000065803527,0.1067000031471252
TAP_P01508,-57.153940415997816,-7.256278832898998,vegetated,0.8206745386123657,-0.7205581068992615,0.1897000074386596,0.0857999995350837
TAP_P01509,-56.70447056868476,-7.616562172091445,vegetated,0.8279905915260315,-0.7192342877388,0.1316000074148178,0.05180000141263
TAP_P01510,-55.90013982334197,-7.016220260463778,vegetated,0.663741409778595,-0.6238417029380798,0.193900004029274,0.1060499995946884
TAP_P01512,-55.29745267944473,-5.9970039071427,vegetated,0.7051597237586975,-0.6580958962440491,0.194700002670288,0.091399997472763
TAP_P01513,-56.700666648003406,-5.672345590809878,vegetated,0.8373227119445801,-0.7453209757804871,0.1430000066757202,0.0584499984979629
TAP_P01514,-56.86002683310041,-6.084421701745162,vegetated,0.7877069711685181,-0.6847307682037354,0.1569499969482422,0.0683000013232231
TAP_P01515,-56.66109536208829,-7.222928165798707,vegetated,0.7646504640579224,-0.6758949756622314,0.1678999960422516,0.0807000026106834
TAP_P01516,-56.89645649681256,-6.992864324571521,bare — sandbar / spoil / tailings,0.0499932765960693,-0.1514883488416671,0.1494999974966049,0.12134999781847
TAP_P01517,-57.19094423063039,-7.377136540189395,vegetated,0.8055927753448486,-0.7203311920166016,0.164900004863739,0.0726500004529953
TAP_P01518,-57.420207846762224,-5.652969603832335,vegetated,0.6220554113388062,-0.5554453134536743,0.2615000009536743,0.1571000069379806
TAP_P01520,-56.73829121731467,-7.3056537225023215,vegetated,0.7975112795829773,-0.7076540589332581,0.139500007033348,0.0604999996721744
TAP_P01521,-56.72634547787937,-6.611517763732856,vegetated,0.7119542956352234,-0.6388747096061707,0.1772000044584274,0.0771000012755394
TAP_P01522,-57.0263173586514,-6.897472978771066,vegetated,0.8461538553237915,-0.7485311627388,0.1300999969244003,0.0526000000536441
TAP_P01525,-57.29752636449014,-7.098525034648536,vegetated,0.837286114692688,-0.7467767000198364,0.1880999952554702,0.0829000025987625
TAP_P01526,-56.26272292549369,-6.797363761780171,vegetated,0.6745020151138306,-0.6435921788215637,0.1685499995946884,0.0810000002384185
TAP_P01528,-56.900817319831205,-5.664329375609936,vegetated,0.8170865178108215,-0.7068557739257812,0.1678999960422516,0.0727000012993812
TAP_P01529,-57.58868927931233,-5.261703043764782,vegetated,0.8451411724090576,-0.731700599193573,0.1775999963283538,0.0754500031471252
TAP_P01531,-56.59981270473887,-7.861607197665143,water / turbid pond,0.1647357046604156,0.0032239535357803,0.0566000007092952,0.0281000006943941
TAP_P01532,-56.76473302016356,-5.290402438545115,vegetated,0.8640776872634888,-0.7668038606643677,0.1574999988079071,0.064300000667572
TAP_P01534,-57.28031541987305,-7.160882146684038,vegetated,0.8615338802337646,-0.737500011920929,0.1835000067949295,0.0794999971985817
TAP_P01535,-55.9561444507608,-6.184479716506333,vegetated,0.7970905900001526,-0.6894984245300293,0.1264999955892563,0.0536499992012977
TAP_P01536,-56.8741892862952,-5.570077474187746,vegetated,0.8142414689064026,-0.7062005996704102,0.1675000041723251,0.0731000006198883
TAP_P01537,-56.76097148978885,-6.604038763599841,vegetated,0.7743086814880371,-0.6631578803062439,0.1430000066757202,0.0612999983131885
TAP_P01538,-56.408630667044136,-7.213120480508612,vegetated,0.8413161039352417,-0.7430056929588318,0.1599999964237213,0.0747499987483024
TAP_P01540,-57.0336472537021,-7.137404271396075,water / turbid pond,-0.1531243771314621,0.0669387876987457,0.0890000015497207,0.0450999997556209
TAP_P01542,-56.80626716011656,-7.073388926389844,vegetated,0.8026577830314636,-0.6956530809402466,0.1389500051736831,0.0582499988377094
TAP_P01543,-57.474306558746136,-6.497604198346412,vegetated,0.7623288035392761,-0.6635525226593018,0.1834499984979629,0.0869499966502189
TAP_P01544,-57.48287063337251,-5.104000286645589,water / turbid pond,-0.3871635198593139,0.320451557636261,0.034350000321865,0.0178999993950128
TAP_P01545,-57.162457477925386,-7.363945354287358,bare — sandbar / spoil / tailings,0.1114280372858047,-0.0834942013025283,0.161650002002716,0.1062999963760376
TAP_P01547,-57.57913419618288,-5.568935187746336,vegetated,0.7937875390052795,-0.6817246675491333,0.1751500070095062,0.0768999978899955
TAP_P01548,-56.18976898462879,-6.832307384814424,vegetated,0.8387971520423889,-0.7359331250190735,0.155699998140335,0.0617000013589859
TAP_P01549,-57.128745568627714,-7.412693523729842,vegetated,0.7996302843093872,-0.6855955719947815,0.1554999947547912,0.065700002014637
TAP_P01550,-57.15643154350929,-7.201062627618825,vegetated,0.8143908381462097,-0.7374814748764038,0.1328999996185302,0.0586000010371208
TAP_P01551,-57.56110281981837,-6.5629344238059,vegetated,0.8118187785148621,-0.721441924571991,0.1612499952316284,0.0682500004768371
TAP_P01552,-56.9819050953273,-7.101799155651191,vegetated,0.8455325365066528,-0.7251455783843994,0.1349000036716461,0.0601599998772144
TAP_P01553,-57.00327251154464,-5.558464274331846,vegetated,0.7660377025604248,-0.69886714220047,0.2141000032424926,0.1124999970197677
TAP_P01554,-56.44338784324826,-7.0522939215004845,vegetated,0.8518518805503845,-0.75333172082901,0.1448999941349029,0.0621000006794929
TAP_P01555,-56.69403171812159,-7.228575003922775,vegetated,0.8045642971992493,-0.7215147018432617,0.1486999988555908,0.0608999989926815
TAP_P01558,-56.29636876264787,-6.381017263891917,vegetated,0.8290648460388184,-0.7283068299293518,0.1574874967336654,0.0644272714853286
TAP_P01560,-57.076950816500656,-7.199761825659502,vegetated,0.8065816164016724,-0.7268518805503845,0.1278000026941299,0.0491999983787536
TAP_P01562,-56.55879051951732,-5.516479366751966,vegetated,0.5359494686126709,-0.5085343718528748,0.1818500012159347,0.0988999977707862
TAP_P01563,-56.882346084103794,-7.233991608713653,vegetated,0.8182492852210999,-0.7235831618309021,0.1689999997615814,0.070200003683567
TAP_P01564,-56.89017680722132,-6.898062494955534,vegetated,0.8298456072807312,-0.7243452072143555,0.1351000070571899,0.0557000003755092
TAP_P01565,-57.40282919036785,-6.062931125858052,vegetated,0.8033991456031799,-0.7003514766693115,0.2036000043153762,0.0864999964833259
TAP_P01566,-56.26564065354376,-6.720559667263132,vegetated,0.8235676288604736,-0.7238444685935974,0.1466999948024749,0.0607500001788139
TAP_P01567,-56.02478144583255,-6.184611983162884,vegetated,0.4644569456577301,-0.5075884461402893,0.2978500127792358,0.1740500032901764
TAP_P01568,-56.48230646822168,-6.9876071822287535,vegetated,0.5785288214683533,-0.5693143606185913,0.2513000071048736,0.133200004696846
TAP_P01570,-57.30652722843906,-7.164379892318414,vegetated,0.8306735157966614,-0.752096951007843,0.1564999967813491,0.0640000030398368
TAP_P01572,-57.38164619352391,-6.134171362794175,bare — sandbar / spoil / tailings,0.2544802725315094,-0.2748483419418335,0.1924999952316284,0.1186999976634979
TAP_P01573,-56.77322908701309,-5.559889970854605,vegetated,0.8390899896621704,-0.7223302125930786,0.1611000001430511,0.0706499963998794
TAP_P01574,-56.37122055411186,-6.256408105575726,vegetated,0.8331353664398193,-0.7274762392044067,0.1650000065565109,0.0690999999642372
TAP_P01575,-56.11554576710556,-6.695517399286807,water / turbid pond,-0.3764865696430206,0.3462362587451935,0.0228499993681907,0.0151500003412365
TAP_P01576,-57.24316985968389,-5.777431900936561,vegetated,0.7974865436553955,-0.6906450390815735,0.1570000052452087,0.0631999969482421
TAP_P01577,-57.46216973746032,-5.268115659562161,vegetated,0.7788677215576172,-0.6604165434837341,0.1668000072240829,0.0744500011205673
TAP_P01578,-56.92020257874964,-5.748159767587301,vegetated,0.663779079914093,-0.6168456077575684,0.2479999959468841,0.1333000063896179
TAP_P01579,-57.35963303729949,-6.989877662177421,vegetated,0.8344370722770691,-0.7257656455039978,0.1909999996423721,0.0803999975323677
TAP_P01580,-57.43725843147608,-6.206500294281422,vegetated,0.7923062443733215,-0.6982774138450623,0.1837500035762787,0.0756499990820884
TAP_P01581,-57.01524295946416,-6.967170301131088,vegetated,0.8694761395454407,-0.753981351852417,0.1465000063180923,0.0593000017106533
TAP_P01582,-57.16950379498516,-7.0460999466024985,vegetated,0.8047894835472107,-0.724370539188385,0.1563999950885772,0.0692000016570091
TAP_P01583,-56.95273625333401,-7.03853989090236,vegetated,0.7119988799095154,-0.6273695826530457,0.2347999960184097,0.1169999986886978
TAP_P01584,-56.99072814538592,-7.157778349926451,vegetated,0.8493980169296265,-0.7346702218055725,0.160874992609024,0.069471426308155
TAP_P01585,-56.28660808280043,-6.156350261429537,vegetated,0.7968893051147461,-0.6729720830917358,0.138600006699562,0.0604000017046928
TAP_P01586,-56.41932948999905,-6.202044185424345,vegetated,0.7952300310134888,-0.7048417329788208,0.2029999941587448,0.1008000001311302
TAP_P01588,-56.35813035231193,-6.840747051876573,vegetated,0.8189812898635864,-0.6931273341178894,0.1303000003099441,0.0579000003635883
TAP_P01589,-57.4862749415062,-6.568300366429767,vegetated,0.7931987047195435,-0.6939396262168884,0.1654500067234039,0.068800002336502
TAP_P01590,-56.68781700260684,-4.855467459796243,vegetated,0.839096188545227,-0.7300998568534851,0.1462000012397766,0.0617000013589859
TAP_P01594,-57.431624665202,-6.358107979180999,vegetated,0.7974228262901306,-0.7013963460922241,0.1785250008106231,0.0733499974012374
TAP_P01595,-56.76902360454602,-7.349023635977304,vegetated,0.8490809798240662,-0.736952006816864,0.1509000062942505,0.0683000013232231
TAP_P01596,-56.68025149552302,-4.86033246585632,vegetated,0.8342411518096924,-0.7178828716278076,0.1412999927997589,0.0582499988377094
TAP_P01597,-56.03452564653934,-6.17376287133218,vegetated,0.8268221616744995,-0.7089750170707703,0.1387999951839447,0.0568000003695488
TAP_P01598,-56.509808338021166,-6.990510417711963,vegetated,0.7976348996162415,-0.6709621548652649,0.1471499949693679,0.0609499998390674
TAP_P01599,-56.75541115200885,-5.627649515900927,vegetated,0.8628457188606262,-0.7464810013771057,0.1482499986886978,0.062950000166893
TAP_P01600,-56.4213229351824,-5.771072121621588,vegetated,0.8274363875389099,-0.7251684665679932,0.1501999944448471,0.0658999979496002
TAP_P01601,-56.27053617770907,-6.7124852824491485,vegetated,0.8371071219444275,-0.7352352142333984,0.1527000069618225,0.0654999986290931
TAP_P01602,-56.66414446669777,-7.895425356165884,water / turbid pond,-0.0032851209398359,0.0859091356396675,0.0676999986171722,0.0381500013172626
TAP_P01603,-57.71316037799578,-5.440005970302866,vegetated,0.7355116009712219,-0.5938519835472107,0.1732500046491623,0.0729499980807304
TAP_P01604,-57.04123976893737,-7.204787278410874,vegetated,0.8394191265106201,-0.7284126281738281,0.1669999957084655,0.0745000019669532
TAP_P01605,-57.290946901438566,-7.139479001128804,vegetated,0.8229215741157532,-0.7274447679519653,0.2045000046491623,0.0943000018596649
TAP_P01606,-56.627987569618185,-6.988163788862146,vegetated,0.7906466722488403,-0.6866701245307922,0.1741500049829483,0.0749500021338462
TAP_P01607,-56.60990813872995,-7.633652213666297,vegetated,0.5609928965568542,-0.4616605043411255,0.1312000006437301,0.0615999996662139
TAP_P01608,-56.45549056710606,-5.704991066703865,vegetated,0.8128654956817627,-0.7111172676086426,0.1676999926567077,0.0741999968886375
TAP_P01609,-56.62315356903847,-5.515971031432341,vegetated,0.8047868609428406,-0.6976633071899414,0.1456000059843063,0.0626000016927719
TAP_P01610,-57.00155275842375,-7.147978986567228,vegetated,0.7723419070243835,-0.7006213068962097,0.14614999294281,0.063799999654293
TAP_P01611,-57.70472434297949,-5.446776903940029,vegetated,0.8183180093765259,-0.7056989669799805,0.163000002503395,0.068800002336502
TAP_P01612,-55.33012111493267,-5.9962540842680045,vegetated,0.8175438642501831,-0.7082067131996155,0.1944999992847442,0.0868000015616417
TAP_P01614,-56.90514788842527,-5.714402040565456,vegetated,0.8453984260559082,-0.7293328046798706,0.1617999970912933,0.066100001335144
TAP_P01615,-56.74601899167541,-6.563404832991594,vegetated,0.7884420156478882,-0.665738582611084,0.1542000025510788,0.0667999982833862
TAP_P01617,-56.72655795268738,-7.064656127600755,vegetated,0.8394629955291748,-0.7181136608123779,0.159850001335144,0.0698499977588653
TAP_P01618,-56.72720789823624,-7.103915474118669,vegetated,0.8257851004600525,-0.6929677128791809,0.1386999934911728,0.0593000017106533
TAP_P01619,-57.40800904791456,-6.230908433564253,vegetated,0.6886727213859558,-0.6197866201400757,0.185599997639656,0.0935999974608421
TAP_P01620,-56.68849616214078,-7.648928668677813,vegetated,0.8691641092300415,-0.7678712606430054,0.1476999968290329,0.0610000006854534
TAP_P01621,-57.24438776908859,-5.909828473417729,vegetated,0.8261491656303406,-0.7278701663017273,0.1538500040769577,0.066500000655651
TAP_P01622,-56.725824137189946,-7.8707435697320625,vegetated,0.8449835181236267,-0.7472633719444275,0.1520500034093856,0.0643500015139579
TAP_P01623,-56.52109229677411,-5.766802878269783,vegetated,0.8486267924308777,-0.7368209958076477,0.1559000015258789,0.063799999654293
TAP_P01625,-56.57496093444252,-7.323967655122437,vegetated,0.8143115639686584,-0.7073718309402466,0.1369999945163726,0.0616500005125999
TAP_P01627,-57.45069223377082,-5.0272267905084,vegetated,0.83633953332901,-0.7200064063072205,0.164000004529953,0.0706499963998794
TAP_P01628,-56.87538190399642,-5.692366745072578,vegetated,0.8176652789115906,-0.7240537405014038,0.1578000038862228,0.065700002014637
TAP_P01630,-57.37927105787607,-6.06700347579927,vegetated,0.8478497266769409,-0.7362658977508545,0.1487500071525573,0.0608000010251998
TAP_P01632,-56.46068861098565,-5.71846378717217,vegetated,0.8419548273086548,-0.7287694811820984,0.1765500009059906,0.0737000033259391
TAP_P01633,-57.15143575774888,-7.091785854072604,vegetated,0.8392640948295593,-0.7369893193244934,0.1705500036478042,0.0746000036597251
TAP_P01634,-56.39828344146156,-6.481297638487609,vegetated,0.7427172064781189,-0.6680274605751038,0.1246500015258789,0.0580499991774559
TAP_P01635,-56.4925934106596,-5.807565743823918,vegetated,0.8542474508285522,-0.7526941299438477,0.1490499973297119,0.0601000003516674
TAP_P01636,-56.750503095411865,-7.088154882528565,vegetated,0.7968202829360962,-0.7097464203834534,0.1651999950408935,0.0767000019550323
TAP_P01637,-56.99779837207356,-7.147873180761029,vegetated,0.8183484673500061,-0.7173604369163513,0.1551333367824554,0.0655285716056823
TAP_P01638,-56.75472534881488,-5.744725511028303,vegetated,0.8196782469749451,-0.7021276950836182,0.1497000008821487,0.0640000030398368
TAP_P01639,-56.32377576178772,-7.283866243908344,vegetated,0.8322654366493225,-0.7147155404090881,0.146369993686676,0.0636692270636558
TAP_P01641,-55.30757778556302,-5.989288889285908,vegetated,0.817023754119873,-0.706747829914093,0.1533000022172927,0.067900002002716
TAP_P01645,-56.49583753896814,-5.8033845816186185,vegetated,0.8244219422340393,-0.7124417424201965,0.1503999978303909,0.0627999976277351
TAP_P01646,-56.92468698294519,-5.3916561154087415,vegetated,0.8217478394508362,-0.7056751251220703,0.147949993610382,0.0591499991714954
TAP_P01647,-56.48769753281068,-6.140644428655799,vegetated,0.7950916290283203,-0.7084106206893921,0.1397500038146972,0.0580499991774559
TAP_P01648,-56.00073068403464,-6.45846948934415,vegetated,0.7833454608917236,-0.6848785281181335,0.1510999947786331,0.0668499991297721
TAP_P01649,-56.48242781566262,-5.720471411965983,vegetated,0.6670382618904114,-0.6557760834693909,0.2115000039339065,0.1124500036239624
TAP_P01651,-56.18666601402881,-6.357040718745548,vegetated,0.8230458498001099,-0.7247354984283447,0.1463499963283538,0.0610000006854534
TAP_P01652,-56.86271052888129,-5.558448597363135,vegetated,0.8010576367378235,-0.6778523325920105,0.1613000035285949,0.068800002336502
TAP_P01653,-56.748193796173865,-6.632055309563056,vegetated,0.4516128897666931,-0.4376277923583984,0.1834000051021576,0.0992999970912933
TAP_P01654,-57.04407921045182,-7.262374780298837,vegetated,0.7761768102645874,-0.681311845779419,0.1284250020980835,0.0582400001585483
TAP_P01655,-56.45359867890775,-5.722555787531015,vegetated,0.8447990417480469,-0.7218808531761169,0.1633999943733215,0.0669500008225441
TAP_P01656,-56.644557123217815,-7.829899196677721,vegetated,0.7432422041893005,-0.6488578915596008,0.1578499972820282,0.0765499994158744
TAP_P01657,-56.36554108665206,-6.363575690988016,vegetated,0.7960876822471619,-0.6978068351745605,0.1597999930381775,0.069300003349781
TAP_P01658,-57.17109246032829,-5.529709408593848,vegetated,0.8368127942085266,-0.7361044883728027,0.163450002670288,0.0740500018000602
TAP_P01660,-56.68477166466488,-7.222728401744654,vegetated,0.8044658899307251,-0.6939371824264526,0.1220000013709068,0.0542000010609626
TAP_P01661,-55.966487531753366,-6.193462609548717,vegetated,0.8204055428504944,-0.7293283939361572,0.1298000067472458,0.0531999990344047
TAP_P01663,-56.98526060878415,-7.033033427285056,vegetated,0.8609271049499512,-0.7466755509376526,0.1527714282274246,0.0644574984908104
TAP_P01665,-57.27156740632645,-7.193695010770742,vegetated,0.8528380990028381,-0.7366428375244141,0.1559000015258789,0.062899999320507
TAP_P01666,-56.93401724156397,-7.073498888184666,vegetated,0.5944952964782715,-0.5917704105377197,0.3080999851226806,0.1746499985456466
TAP_P01667,-57.497160893704354,-6.192321285381337,bare — sandbar / spoil / tailings,0.2001641988754272,-0.2438395470380783,0.1747000068426132,0.0999500006437301
TAP_P01668,-57.1370008627184,-7.267013159741334,vegetated,0.8799540400505066,-0.7644991278648376,0.1700499951839447,0.0706999972462654
TAP_P01669,-57.12305371703406,-7.412720761136372,vegetated,0.3597796261310577,-0.4051972925662994,0.1611000001430511,0.0683000013232231
TAP_P01672,-56.776661033977,-7.627714242039777,vegetated,0.7736833691596985,-0.6686640381813049,0.1606000065803527,0.0748500004410743
TAP_P01673,-56.51771883981768,-5.763458983221223,vegetated,0.8249778151512146,-0.7377969026565552,0.1676999926567077,0.0720499977469444
TAP_P01674,-56.40425036449701,-6.829075446257886,vegetated,0.8193902969360352,-0.6975693702697754,0.1407999992370605,0.0632499977946281
TAP_P01676,-57.36340789932015,-6.131189009642886,vegetated,0.5402867197990417,-0.5242130756378174,0.3023000061511993,0.1891999989748001
TAP_P01677,-57.15620617963982,-7.26248218487606,vegetated,0.8389951586723328,-0.7381370663642883,0.1669999957084655,0.0779666677117347
TAP_P01678,-57.34252844126078,-6.197078371978412,vegetated,0.8521811366081238,-0.7526360750198364,0.1608999967575073,0.0667999982833862
TAP_P01681,-57.294716458112575,-7.141278923721916,vegetated,0.8416422605514526,-0.751467227935791,0.1740999966859817,0.0737999975681305
TAP_P01683,-57.35828994705201,-6.126200758779545,vegetated,0.654693067073822,-0.604148805141449,0.2930499911308288,0.1553000062704086
TAP_P01684,-57.02240417340715,-6.745930037441245,vegetated,0.8414689302444458,-0.7501055598258972,0.1772000044584274,0.0763999968767166
TAP_P01685,-56.896542258062894,-5.787875507818338,vegetated,0.8618721961975098,-0.7353381514549255,0.1645500063896179,0.069300003349781
TAP_P01686,-57.41920061163812,-5.096752853931554,vegetated,0.7425788044929504,-0.6436814665794373,0.1614499986171722,0.0718000009655952
TAP_P01687,-55.34423998782209,-5.964938023082379,vegetated,0.8390557765960693,-0.7443609237670898,0.1657000035047531,0.0709000006318092
TAP_P01688,-56.74522101778288,-6.597045366466619,vegetated,0.8290538191795349,-0.7137879729270935,0.1524000018835067,0.0644999966025352
TAP_P01690,-57.41821816334541,-5.102555022399021,vegetated,0.786008358001709,-0.6809431910514832,0.1495500057935714,0.066500000655651
TAP_P01692,-57.18396601926711,-5.494072955566126,vegetated,0.8740198612213135,-0.7813664674758911,0.1699000000953674,0.0674000009894371
TAP_P01694,-57.46341924666766,-5.263279649653029,vegetated,0.7920635342597961,-0.6654402613639832,0.1936500072479248,0.0847000032663345
TAP_P01695,-56.5431747027306,-6.901089254538016,vegetated,0.8161361217498779,-0.7064757347106934,0.1428000032901764,0.0599000006914138
TAP_P01696,-57.057847831721055,-7.27100212579645,vegetated,0.8389774560928345,-0.7363046407699585,0.1385499984025955,0.0568500012159347
TAP_P01697,-56.74539130037737,-6.619132494411283,vegetated,0.8165369033813477,-0.6983530521392822,0.1484500020742416,0.0628499984741211
TAP_P01698,-57.03255871151326,-6.64633937775824,vegetated,0.8173732757568359,-0.7214265465736389,0.1439000070095062,0.0614000000059604
TAP_P01700,-57.351129686289575,-6.086958447517901,vegetated,0.8556862473487854,-0.7451162934303284,0.1721999943256378,0.0707999989390373
TAP_P01701,-56.76140046736643,-7.52192450549392,vegetated,0.8642280101776123,-0.7471324801445007,0.1464000046253204,0.0595000013709068
TAP_P01702,-56.34127400447455,-6.3435453109349496,vegetated,0.5045483112335205,-0.476401150226593,0.2085375040769577,0.1185749992728233
TAP_P01703,-56.58827861927861,-7.242676150026338,vegetated,0.8414838314056396,-0.7435391545295715,0.124499998986721,0.0507000014185905
TAP_P01707,-57.53319666104529,-5.36123772578309,vegetated,0.7711970210075378,-0.6732597351074219,0.2074999958276748,0.1049000024795532
TAP_P01708,-57.41148811177818,-5.099616474332802,vegetated,0.8121911287307739,-0.6952998638153076,0.1677999943494796,0.0715000033378601
TAP_P01709,-56.89116881739237,-6.891970127500542,vegetated,0.8117380142211914,-0.7201107144355774,0.1632999926805496,0.0685999989509582
TAP_P01710,-57.7084613616541,-5.440389844602682,vegetated,0.7436535954475403,-0.6159589290618896,0.1629499942064285,0.0676499977707862
TAP_P01711,-56.20322682371721,-6.378267117494198,bare — sandbar / spoil / tailings,0.2295232713222503,-0.2710041105747223,0.2212666720151901,0.1389666646718979
TAP_P01712,-57.42906705724474,-6.034482899404488,vegetated,0.8189279437065125,-0.6965199708938599,0.1859000027179718,0.0795999988913536
TAP_P01713,-57.18278074736638,-7.270417874162986,vegetated,0.8365512490272522,-0.7282119393348694,0.1459500044584274,0.0590000003576278
TAP_P01714,-56.721712957826426,-7.728006669337843,vegetated,0.8492575287818909,-0.7587453126907349,0.1418499946594238,0.0554499998688697
TAP_P01716,-57.17981743352274,-7.2184264352062275,vegetated,0.8188740611076355,-0.7055498361587524,0.2439000010490417,0.1230000033974647
TAP_P01717,-56.42524238012032,-6.209034414793456,vegetated,0.7936532497406006,-0.6845502257347107,0.158950001001358,0.0671000033617019
TAP_P01718,-57.98055118480072,-5.946257130588836,vegetated,0.7350993156433105,-0.6526845693588257,0.1665000021457672,0.0746000036597251
TAP_P01719,-56.61377842709153,-7.009356645950698,vegetated,0.8442262411117554,-0.7365591526031494,0.1601999998092651,0.0671999976038932
TAP_P01721,-56.75959360427363,-7.067915628513514,vegetated,0.7873761653900146,-0.6937263011932373,0.1816499978303909,0.0847999975085258
TAP_P01722,-55.92665973554019,-6.997281032351295,vegetated,0.3931217789649963,-0.4372526407241821,0.2845000028610229,0.1747500002384185
TAP_P01724,-57.16547604155343,-5.152280794138467,vegetated,0.8058395981788635,-0.6875550746917725,0.1640499979257583,0.0797500014305114
TAP_P01726,-57.14403308884247,-7.259099123777068,vegetated,0.8453078866004944,-0.7458399534225464,0.1673000007867813,0.0712499991059303
TAP_P01729,-56.94518126918023,-5.323307317867202,vegetated,0.8018624186515808,-0.6819286942481995,0.1740999966859817,0.0754000023007392
TAP_P01730,-56.67151969749964,-6.944093400524995,vegetated,0.7656427621841431,-0.6598192453384399,0.1333000063896179,0.0540000014007091
TAP_P01733,-57.30031051136084,-5.888796345543556,vegetated,0.7997600436210632,-0.6937487125396729,0.1592500060796737,0.065700002014637
TAP_P01734,-57.15472333834402,-7.37346133454031,vegetated,0.8463005423545837,-0.743602454662323,0.1391499936580658,0.0564999990165233
TAP_P01735,-56.88684879188925,-7.086937346774548,vegetated,0.7737843990325928,-0.6774329543113708,0.1428000032901764,0.063799999654293
TAP_P01736,-56.67724796318844,-7.613776666330978,vegetated,0.8481019735336304,-0.7329639792442322,0.139500007033348,0.0561500005424022
TAP_P01737,-56.47141506205704,-5.795244113174373,vegetated,0.7769705653190613,-0.6692541241645813,0.1573999971151352,0.0702999979257583
TAP_P01740,-56.99899579489245,-5.752225142132768,vegetated,0.8773816823959351,-0.7276621460914612,0.1688999980688095,0.0654750019311904
TAP_P01741,-56.86787462632881,-5.65970548235931,vegetated,0.8310037851333618,-0.7033096551895142,0.1555999964475631,0.0680999979376792
TAP_P01742,-56.85429266842719,-6.085610394819359,vegetated,0.7933395504951477,-0.6838564872741699,0.1477999985218048,0.0612999983131885
TAP_P01743,-56.68591585154642,-7.59019631684103,vegetated,0.8597207069396973,-0.745147705078125,0.1645999997854232,0.066500000655651
TAP_P01744,-57.4132262252565,-5.9476101840594735,bare — sandbar / spoil / tailings,0.1661209464073181,-0.2383093684911728,0.2249999940395355,0.1485999971628189
TAP_P01745,-56.24051653278794,-6.7573328499692815,vegetated,0.8088658452033997,-0.6960873603820801,0.1661999970674514,0.0747999995946884
TAP_P01746,-55.95977272569596,-5.431827749951933,vegetated,0.6567164063453674,-0.582124650478363,0.0971999987959861,0.0432000011205673
TAP_P01747,-56.72597478503936,-6.88881096035967,vegetated,0.782101035118103,-0.685772180557251,0.166250005364418,0.0731500014662742
TAP_P01748,-57.15398808175669,-5.198397393650874,vegetated,0.7924028635025024,-0.7064515948295593,0.1437000036239624,0.062399998307228
TAP_P01749,-57.0394318030091,-7.168908217846334,vegetated,0.8562434315681458,-0.7536554932594299,0.1555999964475631,0.0672999992966651
TAP_P01750,-56.90306027945776,-7.00932690136084,vegetated,0.8357744812965393,-0.7380846738815308,0.1743499934673309,0.0722500011324882
TAP_P01752,-57.487986260967055,-5.174683823634597,vegetated,0.7128879427909851,-0.5984158515930176,0.1744000017642974,0.0821499973535537
TAP_P01753,-56.99788560113256,-7.101908497306061,vegetated,0.7850133776664734,-0.6972354054450989,0.1983750015497207,0.0983999967575073
TAP_P01755,-56.89673238970694,-5.771358699662236,vegetated,0.8400916457176208,-0.7087214589118958,0.178299993276596,0.0719999969005584
TAP_P01756,-56.82057697410917,-7.143263957059825,vegetated,0.809937059879303,-0.7132781744003296,0.1458500027656555,0.0625
TAP_P01758,-56.433096355874746,-6.230801189068556,vegetated,0.8058252334594727,-0.6752577424049377,0.1263999938964843,0.0542000010609626
TAP_P01759,-56.76456694673888,-5.648980688124024,vegetated,0.8135223388671875,-0.7179067730903625,0.1666000038385391,0.0696000009775161
TAP_P01760,-56.51255150443537,-7.3148986593908285,vegetated,0.8457789421081543,-0.7376960515975952,0.1632333397865295,0.0696000009775161
TAP_P01761,-56.48353003889032,-6.999693817763419,vegetated,0.6651647090911865,-0.6070945858955383,0.1944500058889389,0.1071500033140182
TAP_P01762,-56.987155857881135,-7.335975839212533,vegetated,0.8107874393463135,-0.7036145329475403,0.1674000024795532,0.0738499984145164
TAP_P01763,-57.65922826513749,-5.13582147968403,vegetated,0.8255373239517212,-0.715298593044281,0.163000002503395,0.0687000006437301
TAP_P01764,-56.96679720846085,-7.212788495665856,vegetated,0.8067038655281067,-0.7186774611473083,0.1612333357334137,0.0674875006079673
TAP_P01766,-57.3402644495556,-7.12723665088394,vegetated,0.8488681316375732,-0.7419704794883728,0.1558499932289123,0.06615000218153
TAP_P01767,-57.063282965558095,-7.254115222999903,vegetated,0.8657097816467285,-0.7584222555160522,0.1636500060558319,0.0662499964237213
TAP_P01768,-56.34059036161067,-5.752653737385616,vegetated,0.786707878112793,-0.7181694507598877,0.1448000073432922,0.0627000033855438
TAP_P01769,-56.899529043679706,-7.004179481673206,vegetated,0.4085361361503601,-0.4679937958717346,0.2465000003576278,0.154349997639656
TAP_P01771,-57.008690145297535,-5.581139032590363,vegetated,0.8432282209396362,-0.7251424193382263,0.1813499927520752,0.0746000036597251
TAP_P01773,-57.40400330660277,-6.923436426204682,vegetated,0.7679415345191956,-0.6765742897987366,0.2055999934673309,0.0961999967694282
TAP_P01774,-57.39456172018593,-5.998136825982137,vegetated,0.7931677103042603,-0.6796830892562866,0.179199993610382,0.0834000036120414
TAP_P01776,-56.56024982038876,-5.515200573258726,vegetated,0.8204759359359741,-0.7193936705589294,0.157600000500679,0.065600000321865
TAP_P01777,-57.56239594762145,-6.876241835038863,vegetated,0.8384736180305481,-0.7071362137794495,0.1650000065565109,0.0658999979496002
TAP_P01778,-57.29123124615409,-7.114216250584902,vegetated,0.8273657560348511,-0.7448146939277649,0.1886000037193298,0.0826999992132186
TAP_P01782,-56.86848686091691,-5.460131711619081,bare — sandbar / spoil / tailings,0.0288858078420162,-0.0645100772380828,0.1295199990272522,0.0579000003635883
TAP_P01784,-56.70104939487801,-5.9396612584489406,vegetated,0.8632010817527771,-0.7659643292427063,0.1737000048160553,0.0715999975800514
TAP_P01785,-56.72563748411538,-7.543909865783049,vegetated,0.8459063172340393,-0.7371481657028198,0.1315000057220459,0.0553000010550022
TAP_P01786,-57.05939617649823,-4.946054121583131,vegetated,0.870429277420044,-0.7679657340049744,0.1666000038385391,0.0668999999761581
TAP_P01787,-56.27443553520328,-6.12827942372258,vegetated,0.8050796985626221,-0.686022937297821,0.1316999942064285,0.0577500015497207
TAP_P01788,-57.00653653863297,-6.045737160614001,bare — sandbar / spoil / tailings,0.126890167593956,-0.1851720064878463,0.2477000057697296,0.1676999926567077
TAP_P01789,-56.77670016602783,-7.597504097961186,vegetated,0.7499168515205383,-0.668612003326416,0.1455000042915344,0.0603000000119209
TAP_P01790,-56.6279349488115,-7.468022692240629,vegetated,0.7778059244155884,-0.6683664917945862,0.15625,0.0736000016331672
TAP_P01791,-56.56485951406099,-6.997932078911128,vegetated,0.7772988677024841,-0.6807065010070801,0.1225000023841857,0.0540000014007091
TAP_P01792,-56.772586368023376,-7.611295124413416,vegetated,0.7640449404716492,-0.6882928609848022,0.1287000030279159,0.0557999983429908
TAP_P01793,-56.01509282889377,-6.190944600950573,vegetated,0.8123208284378052,-0.7162926197052002,0.1418499946594238,0.0604999996721744
TAP_P01794,-56.197200340652806,-6.380864269474841,bare — sandbar / spoil / tailings,0.0438379161059856,-0.0270474702119827,0.1515599936246872,0.1020250022411346
TAP_P01795,-56.56544627585623,-5.507263947483786,vegetated,0.7260812520980835,-0.662434458732605,0.1490000039339065,0.0671999976038932
TAP_P01796,-57.00012898991871,-7.109052277400965,vegetated,0.5442482829093933,-0.5412363409996033,0.1738750040531158,0.0878541693091392
TAP_P01797,-57.01201003631624,-6.875935601324215,vegetated,0.5501441359519958,-0.5148599147796631,0.1430999934673309,0.0777999982237815
TAP_P01798,-56.48953791158236,-6.980945572468959,vegetated,0.6998065114021301,-0.6209391951560974,0.2316000014543533,0.1164000034332275
TAP_P01801,-56.64518621388309,-7.630634958700295,vegetated,0.8277547955513,-0.715353786945343,0.1289999932050705,0.0535999983549118
TAP_P01802,-56.07380897251362,-5.508331318099199,vegetated,0.80047607421875,-0.6951586604118347,0.1568250060081482,0.070712499320507
TAP_P01803,-56.584751784888944,-7.348343521586067,vegetated,0.854527473449707,-0.73108971118927,0.1280999928712844,0.050000000745058
TAP_P01804,-57.16635327464231,-5.144301604951854,vegetated,0.7842814922332764,-0.6783173680305481,0.1622000038623809,0.0712999999523162
TAP_P01806,-57.43664465686506,-6.15117976994978,vegetated,0.7214442491531372,-0.6239309310913086,0.2206500023603439,0.1086999997496604
TAP_P01807,-57.42122030650204,-6.009403953417978,vegetated,0.7357357144355774,-0.6509568691253662,0.2345999926328659,0.1092000007629394
TAP_P01808,-57.16091985938024,-7.367455129147252,vegetated,0.8277039527893066,-0.7046390175819397,0.1458999961614608,0.0635000020265579
TAP_P01809,-56.964155479294426,-5.739166363272938,vegetated,0.8080713748931885,-0.7126868963241577,0.1877499967813491,0.0792500004172325
TAP_P01812,-57.51058897985055,-6.951774850814043,vegetated,0.8260912895202637,-0.7259548306465149,0.1504999995231628,0.0633499994874
TAP_P01813,-56.35578725651049,-7.298182910121747,vegetated,0.8667202591896057,-0.7242503762245178,0.1462333351373672,0.0593999996781349
TAP_P01815,-56.70351502124987,-7.629951542784745,vegetated,0.7932111024856567,-0.7111688256263733,0.1644999980926513,0.0784000009298324
TAP_P01817,-56.754374708391005,-7.662217142144626,vegetated,0.8330472111701965,-0.749963641166687,0.1550000011920929,0.0658999979496002
TAP_P01819,-55.34259901540815,-6.028443280973014,vegetated,0.815375804901123,-0.7148125767707825,0.1578000038862228,0.0715999975800514
TAP_P01820,-56.99340425468148,-5.533344140909786,vegetated,0.8262234926223755,-0.7239897847175598,0.1529500037431717,0.063850000500679
TAP_P01821,-56.28732637537234,-6.563814260111826,vegetated,0.8086124062538147,-0.703214168548584,0.1490000039339065,0.0663999989628791
TAP_P01822,-57.00859633404296,-5.545360176697888,vegetated,0.7829564809799194,-0.6744064688682556,0.1743499934673309,0.0772499963641166
TAP_P01824,-56.5730182713297,-5.422714492005107,vegetated,0.8394274711608887,-0.7174186110496521,0.1563500016927719,0.067050002515316
TAP_P01826,-56.756063596273854,-7.660694836044723,vegetated,0.8340393900871277,-0.730827808380127,0.1513999998569488,0.0658000037074089
TAP_P01827,-56.71200834584795,-7.130585320503138,vegetated,0.8068096041679382,-0.7095548510551453,0.1534000039100647,0.0678000003099441
TAP_P01828,-56.65606939946221,-6.896191581516871,vegetated,0.8155600428581238,-0.7140401005744934,0.1453000009059906,0.0615000016987323
TAP_P01829,-56.889875076803214,-5.695421085814028,vegetated,0.85270756483078,-0.7476580739021301,0.145699992775917,0.0599999986588954
TAP_P01831,-57.57024652276393,-6.869131557976382,vegetated,0.5508100390434265,-0.513655960559845,0.2640999853610992,0.1503999978303909
TAP_P01832,-56.76071270159302,-5.6326644240226775,vegetated,0.527247965335846,-0.4763678014278412,0.1555999964475631,0.0719000026583671
TAP_P01833,-56.84218263260752,-5.468882990659121,vegetated,0.823042631149292,-0.7057772278785706,0.1636999994516372,0.0680999979376792
TAP_P01836,-56.51454193757689,-5.765134181631626,vegetated,0.8618515133857727,-0.7313041090965271,0.1606999933719635,0.0700000002980232
TAP_P01837,-56.884224601830326,-5.700033660191276,vegetated,0.8512758016586304,-0.761387288570404,0.1659000068902969,0.0674000009894371
TAP_P01838,-56.29388411393598,-6.151762027162326,vegetated,0.8007344603538513,-0.695022463798523,0.13230000436306,0.0568999983370304
TAP_P01839,-57.46456698431669,-5.696452312224948,vegetated,0.8219601511955261,-0.6933369040489197,0.1613000035285949,0.0653000026941299
TAP_P01841,-56.61943339383421,-6.929609454186478,vegetated,0.5134432315826416,-0.4774509072303772,0.2437500059604644,0.1420000046491623
TAP_P01843,-57.02752982274918,-7.199183550958908,vegetated,0.8461892604827881,-0.7507584691047668,0.1821999996900558,0.0763999968767166
TAP_P01844,-57.10963048793872,-5.646043177869647,vegetated,0.8165137767791748,-0.7224880456924438,0.2011999934911728,0.0891999974846839
TAP_P01845,-57.001416094976335,-7.1126178628160845,vegetated,0.4388358294963836,-0.4767204225063324,0.2064999938011169,0.1136000007390976
TAP_P01848,-57.15041388057624,-5.444470937847773,vegetated,0.8292570114135742,-0.7106466293334961,0.1456000059843063,0.0640000030398368
TAP_P01849,-56.72253618805308,-7.11494091289029,vegetated,0.8057022094726562,-0.7052081227302551,0.1796000003814697,0.0798999965190887
TAP_P01851,-57.52141028698571,-6.548661862808476,vegetated,0.7784622311592102,-0.6768395304679871,0.1701499968767166,0.0758500024676323
TAP_P01852,-56.48262296576257,-6.17647689679248,vegetated,0.806779146194458,-0.7103000283241272,0.1315000057220459,0.0546999983489513
TAP_P01855,-57.337698610240444,-6.195161871167378,vegetated,0.8550940752029419,-0.7452394366264343,0.1617500036954879,0.0645999982953071
TAP_P01856,-57.00651104927215,-7.326697417551983,vegetated,0.82537442445755,-0.7320442199707031,0.1482000052928924,0.0603000000119209
TAP_P01857,-57.494110224396685,-5.171987177979614,vegetated,0.4607948362827301,-0.4708549082279205,0.2398000061511993,0.1448999941349029
TAP_P01858,-57.00556260146298,-5.826837208522905,vegetated,0.8336182236671448,-0.7220226526260376,0.1641000062227249,0.069700002670288
TAP_P01862,-57.30948882509962,-7.087877804925713,vegetated,0.7897840738296509,-0.7088935971260071,0.1699000000953674,0.0779500007629394
TAP_P01863,-56.97256085885451,-7.030833183366736,vegetated,0.8567822575569153,-0.7446362972259521,0.1500555574893951,0.0617999993264675
TAP_P01864,-56.83447056876091,-7.130814172980308,vegetated,0.7161667943000793,-0.6061001420021057,0.1284999996423721,0.0546000003814697
TAP_P01865,-56.95940824272096,-7.074717772701996,vegetated,0.8319022059440613,-0.7215161919593811,0.1830749958753585,0.0828000009059906
TAP_P01866,-57.33540426425532,-7.139942277284179,vegetated,0.8637686967849731,-0.7599402666091919,0.1584500074386596,0.0669500008225441
TAP_P01867,-57.36015635132233,-7.084895471850327,vegetated,0.8226029276847839,-0.7402135133743286,0.1617999970912933,0.0684999972581863
TAP_P01868,-56.65404184906205,-5.816485243454071,vegetated,0.7826467752456665,-0.6548223495483398,0.1986999958753585,0.0917999967932701
TAP_P01870,-56.71046823384196,-7.277977786873907,vegetated,0.8570267558097839,-0.7522982954978943,0.158500000834465,0.067500002682209
TAP_P01871,-57.1671147051412,-7.046351529949192,vegetated,0.8406374454498291,-0.7104166746139526,0.1608999967575073,0.0640000030398368
TAP_P01872,-56.25102902954296,-6.717395009549925,vegetated,0.8165490627288818,-0.6973329186439514,0.133200004696846,0.0549999997019767
TAP_P01876,-56.91345012648413,-5.743272457699103,vegetated,0.821574330329895,-0.7035885453224182,0.1556500047445297,0.063400000333786
TAP_P01877,-56.53272317820967,-6.293648421420982,vegetated,0.6799217462539673,-0.6161825656890869,0.2134999930858612,0.1044000014662742
TAP_P01878,-57.018369133925646,-6.8787148159699605,vegetated,0.4516889452934265,-0.3801980316638946,0.151199996471405,0.0751999989151954
TAP_P01879,-56.91355196219073,-7.007486628651801,vegetated,0.833406925201416,-0.7320658564567566,0.1587000042200088,0.0669666677713394
TAP_P01881,-56.9046122340044,-5.542575164439581,vegetated,0.7605118751525879,-0.683695912361145,0.1693000048398971,0.0705000013113021
TAP_P01882,-56.735841576772856,-6.917686542390509,vegetated,0.7356947660446167,-0.641274631023407,0.1617500036954879,0.0721499994397163
TAP_P01883,-57.371680298903776,-6.056384750146385,vegetated,0.8249529600143433,-0.7204281687736511,0.1486500054597854,0.0634500011801719
TAP_P01884,-56.94716410987866,-6.889102178677076,vegetated,0.8209941387176514,-0.7142235040664673,0.1651500016450882,0.0692909061908721
TAP_P01885,-57.11445276889823,-5.584167232703033,vegetated,0.826256275177002,-0.7291727662086487,0.1636500060558319,0.0706999972462654
TAP_P01886,-57.14234076931425,-7.400942805724704,vegetated,0.8336196541786194,-0.7321038842201233,0.1764000058174133,0.0764999985694885
TAP_P01887,-56.9917190519897,-7.146665993486225,vegetated,0.5634207725524902,-0.509462296962738,0.169850006699562,0.0910999998450279
TAP_P01888,-57.10241973452021,-5.65658944140617,vegetated,0.8851597309112549,-0.756488025188446,0.1517000049352646,0.0577999986708164
TAP_P01889,-57.593244501891206,-5.177295627945993,vegetated,0.8009764552116394,-0.7001296281814575,0.1864500045776367,0.0795999988913536
TAP_P01893,-57.348467416879885,-5.793755430565196,vegetated,0.8300381302833557,-0.7275913953781128,0.1528999954462051,0.061099998652935
TAP_P01896,-57.01704713624409,-4.989028500478361,vegetated,0.8400442004203796,-0.7331317663192749,0.1862500011920929,0.0825000032782554
TAP_P01897,-56.73446591104701,-7.082123961201965,vegetated,0.5511695742607117,-0.5315315127372742,0.1952999979257583,0.1089000031352043
TAP_P01898,-57.58174414471042,-5.561354593256012,vegetated,0.8086147904396057,-0.7134416699409485,0.1743000000715255,0.0736000016331672
TAP_P01899,-57.062905891928,-5.70456827855107,vegetated,0.854454755783081,-0.7431145310401917,0.1768999993801117,0.0746999979019165
TAP_P01900,-56.13592705516592,-5.843999018747232,vegetated,0.818010687828064,-0.7046189904212952,0.1257999986410141,0.0544000007212162
TAP_P01901,-56.665898188104286,-5.202864871635612,vegetated,0.8580389618873596,-0.7625426650047302,0.1644999980926513,0.066600002348423
TAP_P01903,-57.30736960848772,-5.880357334503407,vegetated,0.8285982608795166,-0.7308241724967957,0.1789000034332275,0.0750000029802322
TAP_P01904,-57.56394290570065,-6.878424840104357,vegetated,0.8225349187850952,-0.710959255695343,0.1539500057697296,0.061099998652935
TAP_P01906,-57.187357785892914,-7.283759311521356,vegetated,0.8693738579750061,-0.7604275345802307,0.1316999942064285,0.0560000017285347
TAP_P01908,-57.14943620042365,-7.272644934367335,vegetated,0.8510127663612366,-0.7315336465835571,0.1650000065565109,0.0689499974250793
TAP_P01909,-57.31877394460444,-7.15494357748195,vegetated,0.843181848526001,-0.7420718669891357,0.1571000069379806,0.066100001335144
TAP_P01911,-56.64882637659038,-6.974749930856998,vegetated,0.8359946012496948,-0.726554811000824,0.1501999944448471,0.0606999993324279
TAP_P01912,-56.99598688976666,-7.031827618131341,vegetated,0.7720047235488892,-0.6894629001617432,0.1927500069141388,0.0842500030994415
TAP_P01915,-57.5975102254644,-5.571772833377031,vegetated,0.8083670735359192,-0.6889337301254272,0.1861999928951263,0.0838999971747398
TAP_P01916,-55.99169927489488,-6.182673615251865,vegetated,0.8522409200668335,-0.7484975457191467,0.1628500074148178,0.065600000321865
TAP_P01917,-56.77147161427692,-7.5905849071967,vegetated,0.747882068157196,-0.6551030874252319,0.1841000020503997,0.0913000032305717
TAP_P01919,-56.99126896825301,-7.1417023432915805,vegetated,0.6105098128318787,-0.508013904094696,0.1698250025510788,0.0860499963164329
TAP_P01921,-57.51112190510406,-4.895596619831904,vegetated,0.7862680554389954,-0.6648241877555847,0.1682000011205673,0.0747999995946884
TAP_P01922,-57.48816195059566,-5.173748905200287,vegetated,0.7876236438751221,-0.6671948432922363,0.1659000068902969,0.0711499974131584
TAP_P01924,-56.72189941157686,-5.608930604605616,vegetated,0.864313006401062,-0.7324287295341492,0.1987500041723251,0.0868000015616417
TAP_P01925,-56.50985157301012,-6.865243787285039,vegetated,0.5926395654678345,-0.531724750995636,0.2178000062704086,0.123099997639656
TAP_P01926,-56.956472594567366,-6.963399796991308,vegetated,0.8239538073539734,-0.7138748168945312,0.1545249968767166,0.0654499977827072
TAP_P01927,-56.6859109438434,-5.816818639634803,vegetated,0.8581196665763855,-0.745215654373169,0.1500000059604644,0.0653999969363212
TAP_P01928,-57.281123366157416,-7.17111176924092,vegetated,0.8666532635688782,-0.7589473128318787,0.1622000038623809,0.0663999989628791
TAP_P01930,-56.68356840408151,-7.620362470590747,vegetated,0.8400012850761414,-0.751549243927002,0.1297000050544738,0.0540000014007091
TAP_P01932,-56.72702627288478,-5.287570228105541,vegetated,0.4452367722988128,-0.4226391613483429,0.1342000067234039,0.0681999996304512
TAP_P01933,-56.71954052532531,-6.629578508722311,vegetated,0.6673627495765686,-0.5956600308418274,0.1659500002861023,0.0819500014185905
TAP_P01934,-57.06087842600652,-5.5559752315284605,vegetated,0.8448225855827332,-0.7441364526748657,0.1697999984025955,0.0719000026583671
TAP_P01937,-56.38054223481199,-6.483486832825049,vegetated,0.5146198868751526,-0.5112468600273132,0.2063000053167343,0.1111000031232833
TAP_P01938,-57.19598300177275,-7.376606631362412,vegetated,0.8256752490997314,-0.7332407236099243,0.148499995470047,0.0621000006794929
TAP_P01939,-55.33566194898214,-5.995720893629372,vegetated,0.8395465612411499,-0.7157567739486694,0.1532000005245208,0.064699999988079
TAP_P01940,-56.922401224957966,-5.439327657686527,vegetated,0.7204232215881348,-0.6290359497070312,0.1867333352565765,0.086888886988163
TAP_P01943,-56.43530958948156,-6.398266886592752,vegetated,0.7798914313316345,-0.6929894089698792,0.1256249994039535,0.0542999990284442
TAP_P01944,-56.712057764651405,-7.780917580601327,vegetated,0.820103108882904,-0.7073047757148743,0.1967999935150146,0.0878000035881996
TAP_P01946,-56.48194968549532,-6.95544074886531,vegetated,0.6208493709564209,-0.5906376838684082,0.2278999984264373,0.129050001502037
TAP_P01947,-56.2828662346449,-6.561690298928532,vegetated,0.8113821148872375,-0.7110117673873901,0.1724999994039535,0.0728000029921531
TAP_P01950,-56.39917224420492,-7.257374617087208,vegetated,0.8107836842536926,-0.7260535359382629,0.1825499981641769,0.0847000032663345
TAP_P01951,-57.08893906482706,-5.6629350521219175,vegetated,0.8399200439453125,-0.7254791855812073,0.1670500040054321,0.0688999965786933
TAP_P01953,-57.03542682386129,-5.772187152116855,vegetated,0.3985581994056701,-0.3907883465290069,0.2037000060081482,0.0870999991893768
TAP_P01954,-57.413540636044765,-5.107514016608275,vegetated,0.8096866011619568,-0.7121294140815735,0.1659000068902969,0.0710000023245811
TAP_P01955,-57.5157168812664,-5.347580276186694,vegetated,0.8386611938476562,-0.7407910823822021,0.1816000044345855,0.0754500031471252
TAP_P01957,-57.46378655803086,-6.198799214593492,vegetated,0.7959633469581604,-0.6893188953399658,0.146599993109703,0.0621500015258789
TAP_P01959,-56.3289989984457,-7.300303451469416,vegetated,0.8524340987205505,-0.7448737025260925,0.1536799967288971,0.0640299990773201
TAP_P01960,-57.45308061780092,-5.017890338694363,vegetated,0.7824899554252625,-0.6935175657272339,0.158950001001358,0.0688999965786933
TAP_P01961,-57.041551893676,-6.852899411463383,vegetated,0.8031992316246033,-0.7112799882888794,0.1156999990344047,0.0476000010967254
TAP_P01962,-56.43176090706085,-6.818445757899675,vegetated,0.7582401633262634,-0.6819080114364624,0.1655000001192093,0.0837000012397766
TAP_P01963,-56.28994090901765,-6.335060004650357,vegetated,0.8062870502471924,-0.6981280446052551,0.1607999950647354,0.0702999979257583
TAP_P01965,-56.33927582209458,-7.2577721231156,vegetated,0.8237367868423462,-0.7241185903549194,0.1396333277225494,0.0613199993968009
TAP_P01967,-57.23754367991427,-5.365315045293302,vegetated,0.7568560838699341,-0.6632762551307678,0.162100002169609,0.0649999976158142
TAP_P01968,-56.8590808160384,-5.430313001707532,vegetated,0.8237832188606262,-0.6995126605033875,0.1449999958276748,0.0615000016987323
TAP_P01969,-57.45289945495593,-6.926558071416514,vegetated,0.6849161982536316,-0.6355901956558228,0.1832000017166137,0.0859000012278556
TAP_P01970,-56.73163589261181,-6.677366007819718,vegetated,0.7919580340385437,-0.6697210073471069,0.1688999980688095,0.0746000036597251
TAP_P01971,-57.13394587015288,-7.412496452262397,vegetated,0.8503766655921936,-0.7446058392524719,0.1562000066041946,0.0659499987959861
TAP_P01972,-56.63029561832322,-7.617872404523502,vegetated,0.8270329236984253,-0.7282878756523132,0.1482000052928924,0.0640999972820282
TAP_P01975,-57.44642965237852,-6.200781524000229,vegetated,0.7938907742500305,-0.6882379651069641,0.1777999997138977,0.0744500011205673
TAP_P01977,-55.857922928797215,-7.061636957975091,vegetated,0.8183969259262085,-0.6935247778892517,0.1433333307504654,0.0597333349287509
TAP_P01978,-57.33025878752216,-7.154586143326972,vegetated,0.8463357090950012,-0.7314788699150085,0.1661999970674514,0.0692000016570091
TAP_P01979,-57.48134701583033,-6.497373431435562,vegetated,0.5437262654304504,-0.4831393659114837,0.2178000062704086,0.1050999984145164
TAP_P01980,-57.41194882213607,-5.135666133687654,vegetated,0.7864263653755188,-0.6907098293304443,0.1675499975681305,0.0722000002861023
TAP_P01981,-56.91350626550565,-5.411271196445736,vegetated,0.7765124440193176,-0.6801619529724121,0.1375000029802322,0.0631999969482421
TAP_P01982,-57.55438550865992,-6.9264319653171,vegetated,0.7142100930213928,-0.6529360413551331,0.165800005197525,0.0697999969124794
TAP_P01983,-57.530536122819655,-6.93557544640338,vegetated,0.7515707015991211,-0.6740015149116516,0.1740500032901764,0.0767000019550323
TAP_P01985,-57.29390547865989,-6.100407443505775,vegetated,0.8338193297386169,-0.721621572971344,0.1744499951601028,0.0740500018000602
TAP_P01987,-56.931343549038665,-7.042188618395603,vegetated,0.6792063117027283,-0.6172729134559631,0.2725000083446502,0.152916669845581
TAP_P01990,-57.33539864212868,-6.057546040002221,vegetated,0.8549167513847351,-0.7635136842727661,0.1617999970912933,0.0659999996423721
TAP_P01991,-56.97917176229404,-7.039712776064715,vegetated,0.8506032824516296,-0.7432505488395691,0.1562999933958053,0.0631000027060508
TAP_P01992,-56.34178085979524,-7.404379129543342,vegetated,0.769300639629364,-0.6716049313545227,0.1070000007748603,0.0450999997556209
TAP_P01994,-56.63364344953476,-5.643617733191458,vegetated,0.8506689667701721,-0.7428281903266907,0.1695999950170517,0.0709000006318092
TAP_P01995,-57.62262385043614,-5.610737233753298,vegetated,0.8126316070556641,-0.6998863220214844,0.179199993610382,0.0793000012636184
TAP_P01996,-56.5585192895068,-5.5104131206677,vegetated,0.7661082744598389,-0.6767202615737915,0.1587000042200088,0.0733499974012374
TAP_P01997,-56.86908388366204,-5.486728101251251,bare — sandbar / spoil / tailings,0.0764071568846702,-0.0980988591909408,0.2838500142097473,0.1863999962806701
TAP_P01998,-57.20172508130968,-7.204851772056416,vegetated,0.8542871475219727,-0.7406377196311951,0.1578499972820282,0.0632499977946281
TAP_P01999,-57.03435539374731,-6.663690526663736,vegetated,0.8185012340545654,-0.720658540725708,0.1479000002145767,0.0564000010490417
TAP_P02000,-57.47420786129266,-5.6988782250514864,vegetated,0.8329695463180542,-0.7287428379058838,0.1712000072002411,0.0723500028252601
TAP_P02001,-56.15000777923508,-5.917914507768478,vegetated,0.7850162982940674,-0.6782039403915405,0.1321000009775161,0.0573999993503093
TAP_P02002,-56.86875162182392,-7.032440123051852,vegetated,0.614693820476532,-0.5879955887794495,0.2587000131607055,0.1419499963521957
TAP_P02003,-56.94426031912273,-7.042205250087059,vegetated,0.7058210372924805,-0.601378858089447,0.1729571372270584,0.0843714252114296
TAP_P02004,-56.7238658332527,-7.58885748382297,vegetated,0.8211448192596436,-0.7129058241844177,0.130850002169609,0.0551499985158443
TAP_P02005,-57.27133873955796,-5.780735021427692,vegetated,0.7703210711479187,-0.7019867897033691,0.160300001502037,0.0654999986290931
TAP_P02007,-57.17119752656598,-5.493877245225145,vegetated,0.8470999002456665,-0.7393419742584229,0.1677500009536743,0.0684499964118003
TAP_P02008,-56.31945199578726,-7.286205483907436,vegetated,0.828009843826294,-0.7125730514526367,0.1374499946832656,0.0560999996960163
TAP_P02009,-57.00989258836816,-7.082765473856018,vegetated,0.835917592048645,-0.7422360777854919,0.147949993610382,0.061949998140335
TAP_P02013,-57.48381342740103,-5.31583225750404,vegetated,0.8148571252822876,-0.7130528688430786,0.1647000014781952,0.067900002002716
TAP_P02014,-57.005407975251536,-7.327268049050271,vegetated,0.8560885787010193,-0.7429102659225464,0.1677999943494796,0.066600002348423
TAP_P02016,-55.95645337331177,-6.2058453725819085,vegetated,0.5497505068778992,-0.5345029234886169,0.2382999956607818,0.1397999972105026
TAP_P02017,-57.55771757882141,-6.526634961618229,vegetated,0.8095238208770752,-0.7095929384231567,0.1706999987363815,0.0702999979257583
TAP_P02018,-56.684930727886425,-5.747806775104634,vegetated,0.8254895210266113,-0.7332123517990112,0.1544999927282333,0.067900002002716
TAP_P02020,-57.05935106180222,-7.247098769104976,bare — sandbar / spoil / tailings,0.0881111323833465,-0.1964403539896011,0.3048000037670135,0.2676999866962433
TAP_P02022,-57.142232340857376,-5.454678628421826,vegetated,0.7998528480529785,-0.70712810754776,0.1614000052213668,0.0658000037074089
TAP_P02024,-57.5191049187069,-6.95628611012188,vegetated,0.8219190835952759,-0.7155120968818665,0.1503500044345855,0.0604499988257885
TAP_P02025,-56.36655771197154,-6.366912491211356,vegetated,0.7996054291725159,-0.6835252642631531,0.1573333293199539,0.0636100023984909
TAP_P02026,-56.69654824055869,-7.6398301215305375,vegetated,0.3356010019779205,-0.3737891912460327,0.3191500008106231,0.1867499947547912
TAP_P02027,-57.37175324451688,-6.135202858203631,vegetated,0.8196485042572021,-0.7059383988380432,0.1622499972581863,0.0680499970912933
TAP_P02028,-56.73595550656132,-7.391692036249346,vegetated,0.3205058872699737,-0.3350448608398437,0.2263000011444091,0.1343999952077865
TAP_P02030,-56.67313150266474,-7.286612200568222,vegetated,0.6048305630683899,-0.4517742693424225,0.1606999933719635,0.0721499994397163
TAP_P02033,-56.62446906364331,-5.565689278034949,vegetated,0.7826687097549438,-0.6822210550308228,0.1641000062227249,0.0723500028252601
TAP_P02035,-56.71913051556211,-6.890822971499865,vegetated,0.7888128161430359,-0.7023454308509827,0.2132000029087066,0.09825000166893
TAP_P02037,-57.01346577609075,-7.482110039162958,vegetated,0.8302014470100403,-0.7262365818023682,0.162100002169609,0.0680000036954879
TAP_P02038,-57.63335757664616,-5.693496566103944,vegetated,0.6060550808906555,-0.4915292859077453,0.1291500031948089,0.0549499988555908
TAP_P02039,-56.829449916736166,-7.1133661353931394,vegetated,0.8148337602615356,-0.707988977432251,0.1521999984979629,0.0649000033736229
TAP_P02042,-56.71372323208923,-5.627088304635063,vegetated,0.8079449534416199,-0.7061741948127747,0.1739999949932098,0.0756999999284744
TAP_P02043,-56.8633961021072,-7.081890252224127,vegetated,0.7932816743850708,-0.691033124923706,0.1456000059843063,0.0608999989926815
TAP_P02046,-56.534785302079,-6.860983609952731,vegetated,0.7953464388847351,-0.6838954091072083,0.1512500047683715,0.0639000013470649
TAP_P02047,-56.60573299947987,-7.622034258730901,vegetated,0.8732182383537292,-0.7743383049964905,0.1381999999284744,0.0556499995291233
TAP_P02049,-55.47022346831447,-5.438214115830309,bare — sandbar / spoil / tailings,0.225134789943695,-0.3592953979969024,0.274337500333786,0.1574500054121017
TAP_P02050,-57.00955419603544,-6.046832538772577,vegetated,0.8422528505325317,-0.740821123123169,0.1560499966144561,0.0653500035405159
TAP_P02053,-55.292514745724574,-6.061735531807751,vegetated,0.8476420640945435,-0.7258782982826233,0.1601999998092651,0.0662999972701072
TAP_P02054,-57.39657699580584,-6.187589938440589,vegetated,0.8269364237785339,-0.7321280241012573,0.1722500026226043,0.0728999972343444
TAP_P02055,-57.01717347436314,-5.529511728694103,vegetated,0.759189784526825,-0.6538020372390747,0.2126999944448471,0.1083000004291534
TAP_P02056,-57.41215169439035,-4.955933701888642,water / turbid pond,-0.0803484916687011,0.2242130786180496,0.1678999960422516,0.1093000024557113
TAP_P02057,-55.29374623916458,-6.0047673127255,vegetated,0.8023617267608643,-0.7036700248718262,0.1580999940633773,0.0688999965786933
TAP_P02058,-56.67535008720439,-6.947780363277469,vegetated,0.7688015103340149,-0.6636598110198975,0.1379999965429306,0.0615999996662139
TAP_P02060,-56.76276158699724,-6.661544569922523,vegetated,0.820286750793457,-0.7114797234535217,0.1581500023603439,0.0648500025272369
TAP_P02063,-56.43919568436225,-6.872227834972914,vegetated,0.8258411288261414,-0.7152722477912903,0.1504999995231628,0.0640999972820282
TAP_P02064,-55.32454201400551,-6.038812616733808,vegetated,0.7370510101318359,-0.6448331475257874,0.1600999981164932,0.067950002849102
TAP_P02065,-57.52306693829792,-5.344216373781088,vegetated,0.7642980813980103,-0.654442310333252,0.160300001502037,0.0715000033378601
TAP_P02066,-57.373185803432406,-6.102137160464615,vegetated,0.8343154788017273,-0.7252792119979858,0.1629499942064285,0.066550001502037
TAP_P02068,-57.17385153928164,-5.498571212030084,vegetated,0.6369456052780151,-0.5523114204406738,0.1120000034570694,0.0511000007390975
TAP_P02069,-56.83743909402099,-5.497913018036593,vegetated,0.8331592679023743,-0.7159481644630432,0.162100002169609,0.067500002682209
TAP_P02072,-56.601251744816494,-7.859590817103476,bare — sandbar / spoil / tailings,0.1941960602998733,-0.2032248973846435,0.1820500046014785,0.1160999983549118
TAP_P02073,-56.76704539770997,-7.568517269627129,vegetated,0.8383328914642334,-0.7308670878410339,0.1507000029087066,0.064750000834465
TAP_P02075,-56.65151869832098,-7.180611743647004,vegetated,0.8336769938468933,-0.7473553419113159,0.1349000036716461,0.0566999986767768
TAP_P02076,-56.48781076147564,-6.251161555590681,vegetated,0.7794143557548523,-0.6655054688453674,0.1225500032305717,0.0523499995470047
TAP_P02078,-56.99143181697296,-7.147444449849756,vegetated,0.7778544425964355,-0.7140382528305054,0.18469999730587,0.0802666693925857
TAP_P02079,-56.68894817526319,-7.78536913230049,vegetated,0.8411405086517334,-0.7325581312179565,0.1488000005483627,0.0623000003397464
TAP_P02081,-56.63685834692842,-6.924565020626107,vegetated,0.783892810344696,-0.6914710998535156,0.1296499967575073,0.0529999993741512
TAP_P02082,-56.90579133407538,-7.0487428870107935,vegetated,0.8597854375839233,-0.7472923398017883,0.2008499950170517,0.0838499963283538
TAP_P02083,-56.41775123338485,-7.695964893761961,vegetated,0.8144546747207642,-0.7252536416053772,0.1501999944448471,0.0674000009894371
TAP_P02084,-56.87070400516787,-5.461458771395235,vegetated,0.8385494351387024,-0.7202460765838623,0.1724999994039535,0.0715000033378601
TAP_P02086,-56.64079649419968,-6.970279957148512,vegetated,0.8264589309692383,-0.7321105003356934,0.2060000002384185,0.0913000032305717
TAP_P02087,-57.6969963386489,-5.512454981675279,vegetated,0.8002789616584778,-0.6939105987548828,0.1599999964237213,0.0692000016570091
TAP_P02088,-57.50847562410064,-5.676534145096793,bare — sandbar / spoil / tailings,0.0666389986872673,-0.1382636576890945,0.2247000038623809,0.1330000013113021
TAP_P02089,-56.3002317389108,-6.247285671590095,water / turbid pond,-0.1760078370571136,0.2094971984624862,0.0549999997019767,0.0274000000208616
TAP_P02090,-57.1963537603267,-7.376845635205909,vegetated,0.8590710759162903,-0.7447860836982727,0.1627999991178512,0.0666999965906143
TAP_P02092,-57.52346074995574,-6.916105126361193,vegetated,0.798353910446167,-0.6934749484062195,0.152099996805191,0.0621999986469745
TAP_P02093,-56.918404778603936,-5.434449755282716,vegetated,0.7846789956092834,-0.6886903643608093,0.1754000037908554,0.073524996638298
TAP_P02094,-57.28203993617558,-6.103293218066499,bare — sandbar / spoil / tailings,0.1354578584432602,-0.2368190139532089,0.4257499873638153,0.257999986410141
TAP_P02095,-57.70589056291358,-5.446009646960327,vegetated,0.8238074779510498,-0.6941285729408264,0.1853999942541122,0.0833000019192695
TAP_P02096,-57.471711165980345,-6.206259044839799,vegetated,0.8402839303016663,-0.7238851189613342,0.1731999963521957,0.0706000030040741
TAP_P02097,-55.3482081583811,-5.969622974281688,vegetated,0.8514454960823059,-0.738181471824646,0.1699499934911728,0.0766500011086463
TAP_P02098,-56.679741815729706,-5.736346778312368,vegetated,0.8231432437896729,-0.7064551115036011,0.1541499942541122,0.0662000030279159
TAP_P02099,-56.260690233247175,-6.699484533269684,vegetated,0.6181764602661133,-0.5224887728691101,0.2019000053405761,0.1085999980568885
TAP_P02100,-56.96816684889591,-7.0806378111414645,vegetated,0.8421211838722229,-0.7256646752357483,0.1514333337545395,0.0635666698217392
TAP_P02102,-57.36073027572177,-5.980496383470212,vegetated,0.8502563834190369,-0.7120315432548523,0.1524000018835067,0.0593000017106533
TAP_P02103,-56.50473426615971,-6.996672759679026,vegetated,0.7513524889945984,-0.6585516929626465,0.2134000062942505,0.092799998819828
TAP_P02104,-56.34715335339039,-7.29362790996265,vegetated,0.8048100471496582,-0.6989856362342834,0.1619270890951156,0.0697875022888183
TAP_P02105,-56.88241784408482,-5.447878361233348,bare — sandbar / spoil / tailings,0.1668540984392166,-0.1449275910854339,0.1089000031352043,0.0654499977827072
TAP_P02106,-56.99253836337422,-5.559046033854316,vegetated,0.8361955285072327,-0.7318406701087952,0.1759999990463256,0.0744000002741813
TAP_P02110,-56.710894469837946,-7.841363119740087,vegetated,0.8456719517707825,-0.7347626090049744,0.1440999954938888,0.0599999986588954
TAP_P02111,-56.98944440784097,-7.335754513359852,vegetated,0.8003251552581787,-0.7214418649673462,0.1586499959230423,0.067950002849102
TAP_P02112,-57.12212878608238,-7.147068228974047,vegetated,0.8529946804046631,-0.7530708909034729,0.1423999965190887,0.0615999996662139
TAP_P02113,-57.32753829220531,-5.883088385134072,vegetated,0.7764005064964294,-0.6479961276054382,0.1677500009536743,0.0698999986052513
TAP_P02114,-56.91634044513448,-7.022377902298877,vegetated,0.8245193958282471,-0.7010852694511414,0.1370333284139633,0.0554499998688697
TAP_P02115,-57.5744856622729,-6.879352168377901,vegetated,0.8101568818092346,-0.7050177454948425,0.1747999936342239,0.0789000019431114
TAP_P02116,-56.77280369345522,-7.614571607910361,vegetated,0.7232968807220459,-0.6412451267242432,0.1510999947786331,0.0692000016570091
TAP_P02117,-56.05395013542505,-6.345692265776176,vegetated,0.7711924314498901,-0.6696112751960754,0.18418750166893,0.0869846120476722
TAP_P02118,-57.47955432628784,-4.740459333307031,water / turbid pond,-0.369397222995758,0.3814433217048645,0.0359999984502792,0.0195000004023313
TAP_P02119,-57.141480937200896,-7.255923998169881,bare — sandbar / spoil / tailings,0.258555144071579,-0.3671976029872894,0.3634999990463257,0.2316000014543533
TAP_P02120,-57.03421204990354,-7.135455320060015,vegetated,0.855319619178772,-0.7607496976852417,0.1444499939680099,0.0596500001847744
TAP_P02122,-57.289714937423206,-5.891344535180386,vegetated,0.830793023109436,-0.7168800234794617,0.1887000054121017,0.0824000015854835
TAP_P02124,-56.740825316286816,-7.600044000761048,vegetated,0.8064516186714172,-0.7187297344207764,0.1562999933958053,0.0678000003099441
TAP_P02125,-56.868509450256816,-7.071330513624782,vegetated,0.7859193682670593,-0.6597766280174255,0.1772000044584274,0.0821499973535537
TAP_P02126,-57.4013294627674,-5.976668080582772,vegetated,0.8208251595497131,-0.6999266147613525,0.1592999994754791,0.0697999969124794
TAP_P02127,-56.0328027588676,-6.375185209514979,vegetated,0.544769823551178,-0.485841691493988,0.2589499950408935,0.1398999989032745
TAP_P02128,-56.37268122337404,-6.84365324448535,bare — sandbar / spoil / tailings,-0.027576170861721,-0.0534911938011646,0.1018000021576881,0.0454000011086463
TAP_P02129,-57.03748535943081,-6.953894035255149,vegetated,0.8022361397743225,-0.7021501660346985,0.1285499930381775,0.0612000003457069
TAP_P02130,-57.26963073500709,-7.15578462594866,vegetated,0.8639528751373291,-0.7414039969444275,0.1530999988317489,0.0644999966025352
TAP_P02132,-56.89688713635398,-5.777582108781613,vegetated,0.8091822266578674,-0.7092511057853699,0.1685999929904937,0.069300003349781
TAP_P02133,-56.6741202879054,-4.867907514771,vegetated,0.8008988499641418,-0.6870476007461548,0.158500000834465,0.0666999965906143
TAP_P02135,-57.03167661626419,-5.788809024480366,vegetated,0.8197817802429199,-0.7093915939331055,0.1773000061511993,0.0749000012874603
TAP_P02138,-56.41847877499408,-7.6937571636862945,vegetated,0.8411709666252136,-0.7274620532989502,0.1469999998807907,0.0621999986469745
TAP_P02139,-56.84636357397339,-5.705153879364985,vegetated,0.7988274693489075,-0.7111411094665527,0.1495500057935714,0.063400000333786
TAP_P02140,-56.900353366162136,-7.0909583003483885,vegetated,0.8196224570274353,-0.7233830690383911,0.1853999942541122,0.0795999988913536
TAP_P02141,-55.351413418496136,-5.984875491979824,vegetated,0.6987788677215576,-0.6525896191596985,0.2338999956846237,0.1274999976158142
TAP_P02143,-57.41921030557455,-5.7474261021214055,vegetated,0.7837975025177002,-0.6517325639724731,0.178749993443489,0.0797500014305114
TAP_P02144,-56.70799971086135,-6.031111507142493,vegetated,0.8010587692260742,-0.6965879201889038,0.1624000072479248,0.069700002670288
TAP_P02145,-57.388280777889975,-6.962890573726356,vegetated,0.86925208568573,-0.7586656212806702,0.1561000049114227,0.0631000027060508
TAP_P02146,-57.54899895991481,-5.2155232504917866,vegetated,0.8015414476394653,-0.7114854454994202,0.1951999962329864,0.0878000035881996
TAP_P02147,-56.74258533650488,-7.652876954648816,vegetated,0.8160362839698792,-0.7208238244056702,0.18019999563694,0.0816000029444694
TAP_P02148,-57.02412903701014,-6.828308348792692,vegetated,0.7953914403915405,-0.6941315531730652,0.1344500035047531,0.0613499991595745
TAP_P02154,-56.5124998269482,-7.005214497551751,vegetated,0.6693059802055359,-0.6118708252906799,0.2357999980449676,0.1155999973416328
TAP_P02155,-57.37210702322552,-7.004969338171339,vegetated,0.7927559018135071,-0.7015418410301208,0.1731999963521957,0.0737999975681305
TAP_P02156,-56.68178428593327,-7.090678005796838,vegetated,0.6929192543029785,-0.6304219961166382,0.1838999986648559,0.0905999988317489
TAP_P02160,-56.759895431183374,-7.535777402891685,vegetated,0.7931151986122131,-0.6944710612297058,0.1486999988555908,0.0644000023603439
TAP_P02161,-56.7837286535749,-6.887582070424974,vegetated,0.8201479911804199,-0.7176724076271057,0.1702000051736831,0.0711999982595443
TAP_P02162,-56.72824662077004,-7.1071671107322265,vegetated,0.7282225489616394,-0.6472650766372681,0.1750999987125396,0.0838000029325485
TAP_P02163,-56.9087034807848,-7.054685077902525,vegetated,0.8085964918136597,-0.6937154531478882,0.1568000018596649,0.0662499964237213
TAP_P02164,-56.91870019348587,-7.063760498751345,vegetated,0.8301147818565369,-0.7254281044006348,0.1587499976158142,0.0658000037074089
TAP_P02165,-57.06124079793352,-7.265168909301611,vegetated,0.847450315952301,-0.7354408502578735,0.1449999958276748,0.0604999996721744
TAP_P02167,-57.29975703656988,-7.098266567041278,vegetated,0.8466370105743408,-0.7530176639556885,0.1671999990940094,0.0684999972581863
TAP_P02168,-57.32535200393411,-7.119518300792087,vegetated,0.8649695515632629,-0.7615550756454468,0.1921000033617019,0.0832000002264976
TAP_P02170,-56.76220465900258,-6.604386339611887,vegetated,0.8008800745010376,-0.6717506647109985,0.1790000051259994,0.0778999999165535
TAP_P02171,-57.56515859115824,-6.873621862607529,vegetated,0.8020833134651184,-0.6899224519729614,0.1592999994754791,0.068400003015995
TAP_P02172,-55.48749737608324,-5.486126089158333,vegetated,0.6882398724555969,-0.6323540210723877,0.2197500020265579,0.1086999997496604
TAP_P02173,-56.91045265901908,-6.890700148394561,vegetated,0.7790322303771973,-0.6565295457839966,0.1559000015258789,0.0684999972581863
TAP_P02174,-56.3526316858604,-6.687195204763317,vegetated,0.8115575909614563,-0.6886972188949585,0.1453499943017959,0.0623500011861324
TAP_P02175,-56.70022294175884,-7.194149309459876,vegetated,0.8171706795692444,-0.6973711252212524,0.146599993109703,0.0640499964356422
TAP_P02178,-57.17464430956933,-7.26027194970495,vegetated,0.6282356977462769,-0.5951455235481262,0.2422125041484832,0.1262499988079071
TAP_P02179,-57.374318552504185,-6.016008020749323,vegetated,0.8379466533660889,-0.7205518484115601,0.1776999980211258,0.0750999972224235
TAP_P02180,-56.76407044888253,-7.460785373998013,vegetated,0.8489315509796143,-0.7426283955574036,0.1495999991893768,0.0606999993324279
TAP_P02181,-56.74127778783139,-7.085338733805843,vegetated,0.8317144513130188,-0.7283376455307007,0.1422500014305114,0.0593499988317489
TAP_P02182,-56.47005021277969,-7.034454813297393,vegetated,0.8232412934303284,-0.7016152739524841,0.1774999946355819,0.0778999999165535
TAP_P02183,-57.4487855320227,-6.250137093148593,vegetated,0.817107081413269,-0.6929678916931152,0.1577000021934509,0.0639500021934509
TAP_P02184,-56.43812773565465,-6.339245420559667,vegetated,0.7900970578193665,-0.6991357803344727,0.1813666671514511,0.0813499987125396
TAP_P02186,-57.56279196364248,-6.501032101015751,vegetated,0.5236064791679382,-0.526525616645813,0.2152999937534332,0.1132000014185905
TAP_P02187,-56.793178845777405,-5.250655100307744,vegetated,0.8258706331253052,-0.7050615549087524,0.1501999944448471,0.0627999976277351
TAP_P02189,-57.05943952273668,-5.555000597336614,vegetated,0.8154503107070923,-0.7028337717056274,0.1661999970674514,0.0733499974012374
TAP_P02191,-56.60243911132502,-7.317506923905692,vegetated,0.8058682680130005,-0.7054504156112671,0.155699998140335,0.0702499970793724
TAP_P02192,-56.80525904231453,-5.240806469328304,vegetated,0.7882398962974548,-0.6842943429946899,0.1431500017642974,0.0591499991714954
TAP_P02193,-56.18453286971732,-6.784893715344518,vegetated,0.825609564781189,-0.7023167014122009,0.1441999971866607,0.0593000017106533
TAP_P02194,-56.42047672873645,-6.4689742594013335,vegetated,0.841137707233429,-0.7168246507644653,0.1384000033140182,0.0560000017285347
TAP_P02195,-56.37600590988169,-6.495443767083872,vegetated,0.8315467238426208,-0.7167463898658752,0.1383000016212463,0.0612999983131885
TAP_P02196,-56.699220689163816,-7.586016869775455,vegetated,0.8058914542198181,-0.6962661743164062,0.1814000010490417,0.0802000015974044
TAP_P02198,-57.48807672758705,-6.540123940619258,vegetated,0.8141255378723145,-0.70309978723526,0.159400001168251,0.0658499971032142
TAP_P02199,-56.45013636274936,-5.721364321494648,vegetated,0.8160080909729004,-0.6912932395935059,0.1565999984741211,0.0658999979496002
TAP_P02200,-57.41638658893181,-5.134937855192188,vegetated,0.7425885200500488,-0.650058388710022,0.1530999988317489,0.0693499967455864
TAP_P02201,-57.34171052749508,-6.512541429263163,vegetated,0.7028852105140686,-0.6271702647209167,0.1976999938488006,0.0952999964356422
TAP_P02202,-56.907129231006046,-7.008857557830644,vegetated,0.8153512477874756,-0.7125715613365173,0.1897000074386596,0.0839499980211258
TAP_P02203,-56.71038039700308,-5.299416071073274,vegetated,0.8775787949562073,-0.7568799257278442,0.1740500032901764,0.0678000003099441
TAP_P02204,-57.57596026521371,-6.879775724359801,vegetated,0.8214876055717468,-0.7157588005065918,0.1894000023603439,0.0798999965190887
TAP_P02205,-56.99037247096751,-7.342104392297467,vegetated,0.8286222815513611,-0.7242167592048645,0.1711000055074691,0.0732999965548515
TAP_P02210,-56.27221208705157,-6.364819033445965,water / turbid pond,-0.1569262146949768,0.0104601215571165,0.0529000014066696,0.0222999993711709
TAP_P02213,-57.144782776057305,-7.394849279165018,vegetated,0.8385618329048157,-0.7318403720855713,0.1653999984264373,0.0734999999403953
TAP_P02214,-56.50420434304658,-6.612857394732093,vegetated,0.8057058453559875,-0.7104198336601257,0.1490000039339065,0.0618500001728534
TAP_P02216,-56.70303653321441,-7.795022273831965,vegetated,0.7988219261169434,-0.6975036859512329,0.1032000035047531,0.047699999064207
TAP_P02218,-57.55842453789749,-6.534288068790918,vegetated,0.832482099533081,-0.7332112193107605,0.1783999949693679,0.0784000009298324
TAP_P02219,-55.33850166778422,-5.956850471353928,vegetated,0.6236655116081238,-0.55064457654953,0.1940000057220459,0.0966000035405159
TAP_P02220,-57.16060406405699,-7.09059096455912,vegetated,0.8519566059112549,-0.7361419200897217,0.1216999962925911,0.0494000017642974
TAP_P02221,-56.33875222602733,-6.492735874875327,vegetated,0.8072028756141663,-0.7038686275482178,0.1364499926567077,0.0571499988436698
TAP_P02223,-56.98708531780356,-7.153177551911294,vegetated,0.8495702147483826,-0.7385103106498718,0.154171422123909,0.0658499971032142
TAP_P02224,-56.508999613750575,-7.6104096085237565,vegetated,0.8150765895843506,-0.714954674243927,0.155799999833107,0.0644000023603439
TAP_P02225,-57.1521984451076,-5.446689228704906,vegetated,0.8558758497238159,-0.7374156713485718,0.1583999991416931,0.065700002014637
TAP_P02226,-56.5262066411637,-6.574827461996042,vegetated,0.8342503309249878,-0.7203513979911804,0.1508000046014785,0.0636000037193298
TAP_P02228,-57.48118978921815,-5.285794123549604,bare — sandbar / spoil / tailings,0.2281492799520492,-0.2721267938613891,0.3415499925613403,0.2233500033617019
TAP_P02230,-57.35691029267504,-6.090261045028674,vegetated,0.8148809671401978,-0.6940790414810181,0.1880999952554702,0.0829999968409538
TAP_P02231,-56.8708202129939,-5.458312059101441,vegetated,0.5020495653152466,-0.4975314140319824,0.3253499865531921,0.1882500052452087
TAP_P02232,-57.45180290138165,-6.157303219572461,vegetated,0.8400779962539673,-0.7220797538757324,0.1713999956846237,0.0683000013232231
TAP_P02233,-55.34285553318821,-5.964143778307059,vegetated,0.8312495350837708,-0.7166310548782349,0.169850006699562,0.0734499990940094
TAP_P02236,-57.38920428236049,-6.166993279494199,bare — sandbar / spoil / tailings,-0.0714036300778389,-0.0929226577281951,0.0701000019907951,0.0373499989509582
TAP_P02238,-56.19348745272151,-6.833009594228617,vegetated,0.8497388362884521,-0.7494937777519226,0.147499993443489,0.0612000003457069
TAP_P02239,-56.62431309353378,-5.639320398451313,vegetated,0.820092499256134,-0.7102373838424683,0.1711499989032745,0.0721499994397163
TAP_P02240,-57.51314564600965,-5.034601159520611,vegetated,0.8476270437240601,-0.7286979556083679,0.1881999969482422,0.0818499997258186
TAP_P02241,-57.50743643378277,-5.107944925022378,vegetated,0.8144943714141846,-0.7029579877853394,0.1931000053882599,0.0890500023961067
TAP_P02242,-56.621947295631664,-7.6504793380736755,vegetated,0.8606901168823242,-0.747155487537384,0.1354999989271164,0.0584999993443489
TAP_P02243,-56.761263290497546,-7.607780058201784,vegetated,0.7968192100524902,-0.6977716088294983,0.1500000059604644,0.064699999988079
TAP_P02245,-56.56107951747087,-6.882445625768273,vegetated,0.599743664264679,-0.6140111088752747,0.2154500037431717,0.1194500029087066
TAP_P02246,-56.86737700474118,-7.448175262956903,vegetated,0.8071519732475281,-0.7179962992668152,0.148399993777275,0.063400000333786
TAP_P02248,-57.37620794033995,-7.1498377730363964,vegetated,0.8321917057037354,-0.7126172184944153,0.1610500067472458,0.068850003182888
TAP_P02250,-57.17795922202642,-7.211605865559619,vegetated,0.8522571921348572,-0.7632625699043274,0.1678999960422516,0.0709000006318092
TAP_P02252,-57.6257029140773,-6.841632824382654,vegetated,0.6707219481468201,-0.625403106212616,0.2958999872207641,0.1651500016450882
TAP_P02253,-57.327117302948274,-6.059509403071977,vegetated,0.8400659561157227,-0.7428075075149536,0.1679500043392181,0.0719999969005584
TAP_P02254,-56.68262037451181,-7.611606301619879,vegetated,0.8191633224487305,-0.699999988079071,0.1288000047206878,0.0562999993562698
TAP_P02255,-56.67863334662411,-5.741052024092109,vegetated,0.8340719938278198,-0.7158076763153076,0.1561499983072281,0.066050000488758
TAP_P02258,-56.67543811631695,-7.619127385406442,water / turbid pond,-0.1253701746463775,0.0338461734354496,0.1045999974012374,0.069700002670288
TAP_P02259,-56.843608945764224,-7.603981635487565,vegetated,0.7626957297325134,-0.6802572011947632,0.1361999958753585,0.0632999986410141
TAP_P02260,-57.06257684908464,-7.235974857960447,vegetated,0.4601732194423675,-0.4863378703594208,0.2505500018596649,0.124049998819828
TAP_P02261,-57.4234584776622,-6.152415363827356,water / turbid pond,-0.0702853128314018,0.1225225105881691,0.2389000058174133,0.1797000020742416
TAP_P02262,-56.68094236625924,-7.789303453471176,vegetated,0.8447264432907104,-0.7431116104125977,0.1396999955177307,0.0611499994993209
TAP_P02264,-56.52672104733601,-6.900697096146886,bare — sandbar / spoil / tailings,0.0657318159937858,-0.0548424907028675,0.0908999964594841,0.047699999064207
TAP_P02265,-57.572113171755234,-6.550612009161024,vegetated,0.8388669490814209,-0.7389569878578186,0.1683000028133392,0.0710999965667724
TAP_P02266,-57.52692393698336,-6.920893125355248,vegetated,0.7760577201843262,-0.6900109648704529,0.1753499954938888,0.0800999999046325
TAP_P02267,-56.68592489064096,-5.76106199669857,vegetated,0.8051823973655701,-0.6957997679710388,0.1403000056743621,0.0598499998450279
TAP_P02268,-57.02541469727181,-6.744568587767621,vegetated,0.8301839828491211,-0.7357110381126404,0.1747000068426132,0.0763999968767166
TAP_P02269,-57.57778026953528,-6.880846898093177,vegetated,0.7890748381614685,-0.687902569770813,0.1490000039339065,0.0632999986410141
TAP_P02270,-56.994049557111616,-7.352984434075702,vegetated,0.817486047744751,-0.7148663401603699,0.1590999960899353,0.0684999972581863
TAP_P02271,-57.66447713067848,-5.594176422401882,vegetated,0.8354682922363281,-0.7126728296279907,0.1684000045061111,0.070200003683567
TAP_P02272,-56.19409133203131,-5.867945049360825,vegetated,0.7632590532302856,-0.66897052526474,0.1588000059127807,0.0781999975442886
TAP_P02274,-56.661340392073015,-7.2224414405480735,vegetated,0.8317880630493164,-0.7195402383804321,0.1606999933719635,0.0671999976038932
TAP_P02275,-56.71326553340034,-7.623947294124277,vegetated,0.6913531422615051,-0.6541406512260437,0.1440999954938888,0.0627499967813491
TAP_P02277,-56.886745438927406,-5.698327350705166,vegetated,0.8373479247093201,-0.7129207253456116,0.1530500054359436,0.067450001835823
TAP_P02278,-56.48171566520493,-6.91133982195918,vegetated,0.6712738275527954,-0.6125133037567139,0.1633999943733215,0.0732999965548515
TAP_P02280,-56.53657892339759,-6.901959335439135,vegetated,0.7912850975990295,-0.6973618865013123,0.1486999988555908,0.0659499987959861
TAP_P02281,-56.93144871911619,-5.744521797854472,vegetated,0.8435191512107849,-0.7124045491218567,0.1775999963283538,0.0753000006079673
TAP_P02282,-57.24599237372049,-5.911331773725977,vegetated,0.8255710601806641,-0.7168551087379456,0.1503999978303909,0.061999998986721
TAP_P02284,-56.04033600682878,-6.4238580356512704,vegetated,0.7946355938911438,-0.7018308639526367,0.195700004696846,0.0957999974489212
TAP_P02285,-57.024840124862585,-7.20019985086026,vegetated,0.6328893899917603,-0.6210625171661377,0.2006999999284744,0.0992999970912933
TAP_P02286,-57.03071556415566,-6.660724773343264,vegetated,0.8337423205375671,-0.7222702503204346,0.1397999972105026,0.0621999986469745
TAP_P02287,-56.97967247768482,-7.039455679527267,vegetated,0.8268142342567444,-0.7334682941436768,0.1615999937057495,0.0666500031948089
TAP_P02288,-56.267315212879474,-6.69133275737304,vegetated,0.8202247023582458,-0.7135709524154663,0.1388999968767166,0.0595000013709068
TAP_P02290,-57.485893064691226,-6.568601425481199,vegetated,0.8090018033981323,-0.6961663365364075,0.1823499947786331,0.0737000033259391
TAP_P02291,-57.52299122800316,-6.903171892661319,vegetated,0.8387895226478577,-0.72645503282547,0.1590999960899353,0.0617999993264675
TAP_P02294,-56.52474690242475,-6.900360745602963,vegetated,0.7953402400016785,-0.669719934463501,0.139050006866455,0.0627000033855438
TAP_P02295,-57.00851153158548,-5.804765119178373,vegetated,0.8668017387390137,-0.7729184031486511,0.1749999970197677,0.0715999975800514
TAP_P02300,-57.469458023506505,-4.967100051348668,vegetated,0.8076023459434509,-0.6881429553031921,0.1635999977588653,0.0707999989390373
TAP_P02301,-56.29283796651372,-6.841654472837835,vegetated,0.8311142325401306,-0.7314009666442871,0.1335999965667724,0.0557000003755092
TAP_P02302,-56.99506564626397,-7.088194279672726,bare — sandbar / spoil / tailings,0.1733686625957489,-0.2177328765392303,0.1378500014543533,0.0871500000357627
TAP_P02303,-56.96062798443032,-7.217026000182101,vegetated,0.8134492039680481,-0.71307772397995,0.1660999953746795,0.0716499984264373
TAP_P02305,-56.32825319599053,-6.554906449569132,vegetated,0.4144991636276245,-0.370109349489212,0.128600001335144,0.066600002348423
TAP_P02306,-57.571948551339865,-6.548576953902195,vegetated,0.7607792615890503,-0.6682115793228149,0.1572999954223632,0.0672499984502792
TAP_P02309,-57.555374488460906,-6.539694038558914,vegetated,0.7519832849502563,-0.6792578101158142,0.1757999956607818,0.0756999999284744
TAP_P02310,-56.527639875598815,-6.148202474718488,vegetated,0.8157320618629456,-0.6966565251350403,0.1438000053167343,0.060199998319149
TAP_P02311,-56.41816770456286,-7.327548787832431,vegetated,0.8140565752983093,-0.7175793647766113,0.1370500028133392,0.0587499998509883
TAP_P02312,-56.50852016879925,-6.998685831984307,vegetated,0.740626335144043,-0.6442406177520752,0.1951999962329864,0.0908999964594841
TAP_P02314,-56.64385005233346,-5.359190704358277,vegetated,0.8602830767631531,-0.7347192764282227,0.1588499993085861,0.065650001168251
TAP_P02315,-56.89507296526048,-5.760209400992194,vegetated,0.7208597660064697,-0.6507841944694519,0.1758500039577484,0.0926499962806701
TAP_P02316,-56.9732262873537,-7.069612672764633,bare — sandbar / spoil / tailings,0.2082598209381103,-0.2076751142740249,0.2083500027656555,0.1240999996662139
TAP_P02317,-57.33871157492107,-7.110714830071959,vegetated,0.8745688199996948,-0.7816330194473267,0.1640499979257583,0.070200003683567
TAP_P02319,-57.39789429365915,-6.956647301304272,vegetated,0.8052347898483276,-0.6997500658035278,0.1499000042676925,0.0655499994754791
TAP_P02321,-57.35130666994338,-5.7877290011513685,vegetated,0.8402559161186218,-0.7293006181716919,0.1861499994993209,0.0784000009298324
TAP_P02322,-57.33023192325624,-7.161968606415468,vegetated,0.8426551818847656,-0.7492130398750305,0.1544999927282333,0.0666999965906143
TAP_P02325,-56.52437443427547,-6.523380821319732,vegetated,0.5044283866882324,-0.4909660518169403,0.2121499925851822,0.1310999989509582
TAP_P02326,-57.01882912479283,-7.27822115841795,vegetated,0.8528965711593628,-0.7198811769485474,0.1441999971866607,0.0573999993503093
TAP_P02328,-56.32117258437558,-7.00723391100088,vegetated,0.8203434348106384,-0.726544976234436,0.1462000012397766,0.0658000037074089
TAP_P02330,-56.24687754195108,-6.722846214058107,vegetated,0.7239988446235657,-0.6457645893096924,0.2337000072002411,0.1439999938011169
TAP_P02333,-56.58381822964579,-5.8336583725592766,vegetated,0.7304734587669373,-0.667918860912323,0.1458999961614608,0.0658999979496002
TAP_P02336,-56.309642001392135,-7.266588582754008,vegetated,0.8566800355911255,-0.7514522075653076,0.1504500061273574,0.0608999989926815
TAP_P02337,-55.90414859747579,-6.30534379880133,vegetated,0.7746697664260864,-0.6560121774673462,0.1343999952077865,0.0584000013768672
TAP_P02338,-56.97880149918981,-7.342965371949756,vegetated,0.8436697125434875,-0.7352723479270935,0.161650002002716,0.0690499991178512
TAP_P02339,-56.527563236294654,-6.586410774160394,vegetated,0.769199550151825,-0.6593199372291565,0.1225999966263771,0.0549000017344951
TAP_P02341,-57.15818547910968,-5.539574743195352,water / turbid pond,0.0425926260650157,0.1856532543897628,0.1397500038146972,0.0744500011205673
TAP_P02342,-56.063631472743154,-5.509002288022968,bare — sandbar / spoil / tailings,0.0569336302578449,-0.0812311917543411,0.1399166733026504,0.1023499965667724
TAP_P02343,-57.435238763878885,-4.954629761933065,vegetated,0.7798165082931519,-0.6658605337142944,0.1360999941825866,0.0551999993622303
TAP_P02345,-57.29155309550275,-7.105649796102124,vegetated,0.8530561923980713,-0.7363678812980652,0.190650001168251,0.0829500034451484
TAP_P02346,-56.61653108994469,-7.658691862781723,vegetated,0.8671954870223999,-0.7593518495559692,0.1472000032663345,0.0608499981462955
TAP_P02347,-56.76534663638834,-7.65152549575095,vegetated,0.7687543034553528,-0.6597906947135925,0.1352999955415725,0.0668999999761581
TAP_P02348,-57.53457171941528,-6.92685453090876,vegetated,0.8197160363197327,-0.7235041260719299,0.1931499987840652,0.0836500003933906
TAP_P02350,-57.062629507593954,-7.217149824360808,vegetated,0.8394627571105957,-0.7395437359809875,0.1321000009775161,0.0549000017344951
TAP_P02351,-56.57801696528727,-7.905368600703457,vegetated,0.8344966769218445,-0.7398321628570557,0.14614999294281,0.062950000166893
TAP_P02352,-57.35235048335961,-6.52281351340307,vegetated,0.806136965751648,-0.7087312340736389,0.1424999982118606,0.0613499991595745
TAP_P02354,-57.17176560886831,-5.494751881682023,vegetated,0.8609530329704285,-0.7468506097793579,0.1690499931573867,0.069750003516674
TAP_P02359,-57.32876961077506,-7.145374364559053,vegetated,0.599768340587616,-0.5566389560699463,0.2142000049352646,0.1121999993920326
TAP_P02362,-56.67767033312468,-5.788349473703482,vegetated,0.846778392791748,-0.7376852035522461,0.1518999934196472,0.0611499994993209
TAP_P02364,-56.348105741492255,-6.820323221532474,vegetated,0.6919972896575928,-0.6285796761512756,0.1993999928236007,0.1041999980807304
TAP_P02365,-57.34417483929165,-6.176598858327317,vegetated,0.8315640687942505,-0.742760956287384,0.1565999984741211,0.0621000006794929
TAP_P02366,-56.39835359723094,-7.256609724177968,vegetated,0.829791247844696,-0.71773362159729,0.1534428596496582,0.0669500008225441
TAP_P02367,-56.38453814843472,-6.516975577029219,vegetated,0.7400333285331726,-0.6260324120521545,0.1927500069141388,0.0861999988555908
TAP_P02368,-56.514656860903365,-7.006322777195102,vegetated,0.7158589959144592,-0.6405627727508545,0.2284999936819076,0.1212000027298927
TAP_P02370,-56.87338618931232,-5.735254948941782,vegetated,0.7660303711891174,-0.6582921147346497,0.1466999948024749,0.0675999969244003
TAP_P02371,-57.47254902413787,-5.25996958386521,vegetated,0.8233320713043213,-0.7286219000816345,0.1392000019550323,0.0584000013768672
TAP_P02372,-57.11900878522309,-7.242164464966797,vegetated,0.6717078685760498,-0.5093611478805542,0.1400000005960464,0.0593000017106533
TAP_P02373,-55.93041822978787,-6.206687792197372,vegetated,0.3815582394599914,-0.4165780246257782,0.2325499951839447,0.1381999999284744
TAP_P02375,-56.38523636928596,-6.86523359154611,vegetated,0.8380842208862305,-0.7299721837043762,0.13230000436306,0.0575000010430812
TAP_P02376,-56.80361167976957,-5.156165457396508,vegetated,0.8492599725723267,-0.7272934913635254,0.1571999937295913,0.066550001502037
TAP_P02378,-57.424577202155774,-5.702222563559677,vegetated,0.829092264175415,-0.7218025326728821,0.164000004529953,0.0741000026464462
TAP_P02379,-56.91867541852585,-5.594501637304155,vegetated,0.806374728679657,-0.7202643156051636,0.2052000015974044,0.0948000028729438
TAP_P02380,-55.96859615703846,-6.195676382396214,water / turbid pond,-0.2017792016267776,0.336294412612915,0.094200000166893,0.0621000006794929
TAP_P02381,-57.45369101401038,-6.513817817629446,vegetated,0.7386875748634338,-0.6512402892112732,0.2106499969959259,0.1155000030994415
TAP_P02382,-56.18131775970048,-6.71335528548452,bare — sandbar / spoil / tailings,0.1181288287043571,-0.1819511204957962,0.3547999858856201,0.2395499944686889
TAP_P02384,-56.69207090450482,-7.278842217090974,vegetated,0.84986811876297,-0.7356065511703491,0.135000005364418,0.0571000017225742
TAP_P02388,-56.40257247654381,-6.1402099917279,vegetated,0.77170729637146,-0.6974254846572876,0.1394000053405761,0.0582999996840953
TAP_P02389,-57.28642981391967,-7.112881575017268,vegetated,0.8210813999176025,-0.7163271307945251,0.162100002169609,0.0707499980926513
TAP_P02390,-57.56849752435063,-6.546869171450995,vegetated,0.8351199626922607,-0.722484827041626,0.1842000037431717,0.0745000019669532
TAP_P02392,-56.78104791386838,-7.601833172631042,vegetated,0.841152012348175,-0.7386032342910767,0.1469500064849853,0.0604000017046928
TAP_P02393,-57.55576741866408,-6.550038848126171,vegetated,0.7545909881591797,-0.685242235660553,0.2012999951839447,0.0997999981045723
TAP_P02395,-56.6590522395686,-7.678818644107227,vegetated,0.8084795475006104,-0.7222622036933899,0.2063000053167343,0.0971499979496002
TAP_P02396,-56.88220769599811,-5.735872267415278,vegetated,0.8492791652679443,-0.7252311706542969,0.1465000063180923,0.061099998652935
TAP_P02397,-56.92802294286653,-7.0425954650787705,vegetated,0.8071308135986328,-0.7034315466880798,0.1844000071287155,0.0812999978661537
TAP_P02398,-56.97947059183983,-5.743862475066416,vegetated,0.875920832157135,-0.7588399648666382,0.1927500069141388,0.0803999975323677
TAP_P02401,-56.34506994068001,-7.391884109715144,vegetated,0.8287178874015808,-0.738609254360199,0.153899997472763,0.064249999821186
TAP_P02402,-57.50774121996735,-5.238036055409734,vegetated,0.7885874509811401,-0.6766318082809448,0.1861000061035156,0.0855000019073486
TAP_P02403,-56.29766777938541,-6.214150795756194,vegetated,0.8567798733711243,-0.7137339115142822,0.1835000067949295,0.0794999971985817
TAP_P02404,-56.84851792180653,-5.7709817362309765,vegetated,0.7930164337158203,-0.7031271457672119,0.1564999967813491,0.0662000030279159
TAP_P02405,-56.44724542866368,-6.974864071294048,vegetated,0.4354636669158935,-0.488145500421524,0.2592000067234039,0.147499993443489
TAP_P02408,-57.52936597070492,-5.229253077520955,vegetated,0.8213034272193909,-0.7121211886405945,0.1700000017881393,0.0705000013113021
TAP_P02409,-57.98902904507274,-6.302213939440705,vegetated,0.7739292979240417,-0.6849334836006165,0.2160499989986419,0.1047499999403953
TAP_P02410,-57.26366649774876,-7.156876198462732,vegetated,0.8271939754486084,-0.724175214767456,0.1563500016927719,0.0676499977707862
TAP_P02411,-57.4208298810146,-5.653548469913277,bare — sandbar / spoil / tailings,0.2612476646900177,-0.2700031995773315,0.257099986076355,0.1701000034809112
TAP_P02413,-57.013799643102125,-4.9885182246354685,vegetated,0.8432782292366028,-0.7087637186050415,0.1662999987602234,0.0680999979376792
TAP_P02414,-56.61921922624063,-6.991358800112606,vegetated,0.8346253037452698,-0.7379607558250427,0.1590999960899353,0.0676999986171722
TAP_P02415,-57.31839061482361,-7.147506253547617,vegetated,0.8154138922691345,-0.7093761563301086,0.1597000062465667,0.0718000009655952
TAP_P02416,-56.53659848763139,-7.013377233164205,vegetated,0.4851889610290527,-0.4788532853126526,0.3138999938964844,0.1838999986648559
TAP_P02417,-55.37186227468143,-6.002045605363944,vegetated,0.8256020545959473,-0.7306339144706726,0.1665499955415725,0.0719000026583671
TAP_P02418,-57.36375490213233,-6.032314441041352,vegetated,0.8404035568237305,-0.728807270526886,0.1773000061511993,0.0719999969005584
TAP_P02419,-56.49376239472389,-5.799510883045591,vegetated,0.8278508186340332,-0.7288944125175476,0.1591999977827072,0.068850003182888
TAP_P02421,-57.31791375666504,-7.191189325416958,vegetated,0.5188571214675903,-0.4362771213054657,0.1371999979019165,0.063400000333786
TAP_P02422,-56.404899695364165,-6.49636621879178,vegetated,0.5708431601524353,-0.5619974732398987,0.2397499978542328,0.123549997806549
TAP_P02423,-57.546376884479145,-6.8747613302725945,vegetated,0.7737401723861694,-0.6766214370727539,0.1726000010967254,0.0753000006079673
TAP_P02424,-57.20629749766685,-7.203623844624732,vegetated,0.8805533647537231,-0.7743985652923584,0.1605000048875808,0.0658499971032142
TAP_P02425,-57.39933942862719,-6.086369585167114,vegetated,0.7803875803947449,-0.6905085444450378,0.1763000041246414,0.0807999968528747
TAP_P02426,-57.41534830522805,-5.24658959589452,vegetated,0.8062294721603394,-0.70022052526474,0.194700002670288,0.0884499996900558
TAP_P02427,-56.86212144843226,-7.078701780999758,vegetated,0.8181818127632141,-0.7215951681137085,0.1903000026941299,0.0825000032782554
TAP_P02428,-56.760665922410354,-7.554233110780117,vegetated,0.8083041906356812,-0.7180156707763672,0.157600000500679,0.0675999969244003
TAP_P02429,-57.18709372572191,-7.277850719899265,vegetated,0.8419382572174072,-0.7316364645957947,0.1507666707038879,0.063799999654293
TAP_P02430,-57.19633777531748,-7.371699515905781,vegetated,0.8504102826118469,-0.7539525032043457,0.1647499948740005,0.068800002336502
TAP_P02432,-57.44612640113811,-5.156703297282726,vegetated,0.7869746685028076,-0.6904400587081909,0.148499995470047,0.0644000023603439
TAP_P02433,-57.45921069903667,-5.256876906723013,vegetated,0.7819628715515137,-0.662125289440155,0.1830500066280365,0.0810000002384185
TAP_P02435,-56.69013692610465,-6.933391854304268,vegetated,0.7918343544006348,-0.6716800332069397,0.1555999964475631,0.0645999982953071
TAP_P02436,-56.72237411335799,-7.6109908461936415,vegetated,0.8575089573860168,-0.7504911422729492,0.1439999938011169,0.0586000010371208
TAP_P02437,-57.16566455062867,-7.12397041156474,vegetated,0.6899224519729614,-0.6079999804496765,0.100500002503395,0.0449000000953674
TAP_P02439,-57.28280512194264,-5.79746169423805,vegetated,0.8346349596977234,-0.7306762337684631,0.1771000027656555,0.0732999965548515
TAP_P02440,-57.11211331605138,-5.618739264627419,vegetated,0.8276836276054382,-0.7302647829055786,0.1756999939680099,0.0711999982595443
TAP_P02441,-56.97309484044587,-7.011414424909617,vegetated,0.8070337176322937,-0.7090307474136353,0.1456599980592727,0.0599333345890045
TAP_P02442,-56.528418395970846,-6.865234849735294,vegetated,0.4590913951396942,-0.4028108119964599,0.2459499984979629,0.158050000667572
TAP_P02443,-57.46961601626898,-5.699860270046857,vegetated,0.8113783597946167,-0.7011380791664124,0.1624999940395355,0.06700000166893
TAP_P02444,-57.391339239138254,-5.995892821511175,vegetated,0.7802345156669617,-0.6682080626487732,0.1843499988317489,0.0814500004053115
TAP_P02445,-56.238143575078674,-6.113720766604987,vegetated,0.7894021272659302,-0.7049680948257446,0.1613000035285949,0.0728499963879585
TAP_P02446,-57.25685027767394,-7.182726085032452,vegetated,0.8508846759796143,-0.7409727573394775,0.1750500053167343,0.0772999972105026
TAP_P02449,-57.30009975801526,-7.132376800966785,vegetated,0.6114807724952698,-0.6178614497184753,0.2008000016212463,0.1054499968886375
TAP_P02451,-57.42574099187863,-6.919003963156411,vegetated,0.8217703104019165,-0.7167795300483704,0.1706500053405761,0.0709500014781951
TAP_P02453,-56.98851189274275,-6.675054780413025,vegetated,0.7783520221710205,-0.6920166611671448,0.1693666726350784,0.0749000012874603
TAP_P02454,-56.67330417958095,-5.893510771849304,vegetated,0.3397524058818817,-0.294117659330368,0.1035000011324882,0.050900001078844
TAP_P02455,-57.488718071963056,-5.142457939880099,vegetated,0.7750169038772583,-0.6757877469062805,0.1637499928474426,0.0742499977350235
TAP_P02456,-57.59186788013925,-5.216598994704825,vegetated,0.8099474310874939,-0.7205284833908081,0.186599999666214,0.0768999978899955
TAP_P02458,-57.15561409203664,-7.261295352962544,vegetated,0.7900158166885376,-0.7123567461967468,0.1509999930858612,0.0688999965786933
TAP_P02460,-57.45537006090642,-5.2883283981536575,vegetated,0.8469688296318054,-0.730672299861908,0.1758999973535537,0.0751999989151954
TAP_P02461,-56.89963217636914,-7.123856422300858,vegetated,0.8674381971359253,-0.7420435547828674,0.1632000058889389,0.0693999975919723
TAP_P02462,-56.91314866805313,-5.591066098819212,vegetated,0.8357262015342712,-0.745803713798523,0.1468999981880188,0.0644999966025352
TAP_P02464,-57.51093541521316,-5.237115870167155,vegetated,0.7658912539482117,-0.6549355387687683,0.2091500014066696,0.0979999974370002
TAP_P02465,-56.3593220398848,-5.765544776673744,vegetated,0.8463492393493652,-0.7424892783164978,0.1371999979019165,0.0606999993324279
TAP_P02466,-57.53497258585212,-5.348633927730205,vegetated,0.8150737881660461,-0.716553270816803,0.1684000045061111,0.0658000037074089
TAP_P02467,-57.337666997516784,-7.059399784345514,vegetated,0.8314840197563171,-0.7314356565475464,0.1595000028610229,0.066500000655651
TAP_P02468,-56.99241794929063,-7.150764355058563,vegetated,0.8426052927970886,-0.7214552164077759,0.1662687510251999,0.0693999975919723
TAP_P02470,-57.482694902764926,-6.498811501879628,vegetated,0.8389336466789246,-0.7272518873214722,0.1781000047922134,0.0763999968767166
TAP_P02471,-57.3539530797992,-7.0485412291987775,vegetated,0.8237003684043884,-0.7136611938476562,0.1746000051498413,0.0771000012755394
TAP_P02473,-56.387935157445376,-6.266726398675522,vegetated,0.7720916271209717,-0.6636871695518494,0.1327999979257583,0.0577999986708164
TAP_P02474,-56.71386569934134,-5.611720256965027,vegetated,0.7961925864219666,-0.709072470664978,0.1571000069379806,0.0718000009655952
TAP_P02475,-57.28725618226233,-7.135965722222637,vegetated,0.8225975632667542,-0.7281367778778076,0.2252999991178512,0.1023000031709671
TAP_P02477,-56.90191596839777,-5.02263722769289,vegetated,0.824999988079071,-0.6995542049407959,0.1944999992847442,0.0846000015735626
TAP_P02478,-56.336267411351685,-6.2548758740456165,vegetated,0.8152281045913696,-0.7077103853225708,0.1522500067949295,0.0640999972820282
TAP_P02479,-57.44022404348029,-5.02530375540367,vegetated,0.7884523272514343,-0.6840787529945374,0.1837500035762787,0.0850500017404556
TAP_P02480,-56.72389586471871,-7.117588170925438,vegetated,0.7566812634468079,-0.6646174788475037,0.1545999944210052,0.0746000036597251
TAP_P02481,-56.6194455640242,-5.556513415051644,vegetated,0.832364022731781,-0.7133495807647705,0.1540499925613403,0.0631500035524368
TAP_P02482,-56.32829037955573,-7.286566172831944,vegetated,0.5687592029571533,-0.5230355262756348,0.2014999985694885,0.1098999977111816
TAP_P02483,-56.68962733982804,-7.784312096512432,vegetated,0.8485245704650879,-0.7267993688583374,0.1372999995946884,0.0601000003516674
TAP_P02484,-56.55697894915795,-7.889942036816333,vegetated,0.8522467613220215,-0.7457113862037659,0.1383000016212463,0.0562999993562698
TAP_P02485,-56.69547577299754,-7.602230280359843,vegetated,0.8495159149169922,-0.7368420958518982,0.1704999953508377,0.0712999999523162
TAP_P02486,-56.97459151151,-7.13650742129337,vegetated,0.8492586612701416,-0.741019070148468,0.1489166617393493,0.0612999983131885
TAP_P02488,-56.10973040656792,-6.688041458786377,vegetated,0.7460046410560608,-0.6545886397361755,0.1325999945402145,0.0566000007092952
TAP_P02490,-56.21752568108644,-6.731465551598671,vegetated,0.5609958171844482,-0.5427186489105225,0.2649999856948852,0.1464000046253204
TAP_P02491,-56.33819270438662,-6.382707227461459,vegetated,0.8235146403312683,-0.6895934343338013,0.1494666635990142,0.0672499984502792
TAP_P02493,-57.44401409130951,-6.159553749021288,vegetated,0.8188209533691406,-0.7078006863594055,0.1882999986410141,0.0807000026106834
TAP_P02495,-56.5594444920572,-7.893279041632278,vegetated,0.8434727191925049,-0.7441724538803101,0.1439999938011169,0.0614000000059604
TAP_P02496,-57.26323370413686,-7.170226873210368,vegetated,0.8246251940727234,-0.718511700630188,0.1598999947309494,0.0694999992847442
TAP_P02497,-57.05282900597921,-7.282320878054094,vegetated,0.8499850034713745,-0.7550004720687866,0.1701000034809112,0.0723000019788742
TAP_P02498,-57.62763219780872,-6.831618674774653,vegetated,0.8116838335990906,-0.6979066133499146,0.1494999974966049,0.0626000016927719
TAP_P02500,-56.759590801918,-7.522363210427077,vegetated,0.8101158738136292,-0.7055079936981201,0.1415999978780746,0.0667499974370002
TAP_P02501,-55.352284852393865,-5.968606404731505,vegetated,0.8373855948448181,-0.73384028673172,0.1951999962329864,0.0926999971270561
TAP_P02502,-56.039673952405536,-6.424576513078241,vegetated,0.5529792308807373,-0.5087719559669495,0.2134000062942505,0.1202000007033348
TAP_P02503,-56.65168744053485,-7.148135543976103,vegetated,0.824444055557251,-0.7273143529891968,0.1471000015735626,0.0618500001728534
TAP_P02504,-57.47533813882752,-5.257794519507391,vegetated,0.7731757164001465,-0.6666334867477417,0.1835999935865402,0.0798000022768974
TAP_P02505,-55.31304938853197,-6.042771297652889,vegetated,0.8210116624832153,-0.7110884785652161,0.1565999984741211,0.0671000033617019
TAP_P02506,-56.57640558569473,-7.328412000986498,vegetated,0.7710691690444946,-0.6524156928062439,0.1817000061273574,0.1086999997496604
TAP_P02507,-56.57748241290779,-7.327883718833833,vegetated,0.7978389859199524,-0.710425853729248,0.145699992775917,0.0610000006854534
TAP_P02508,-56.88578840923334,-5.730760246751948,vegetated,0.8248576521873474,-0.7065457701683044,0.1756500005722046,0.0734999999403953
TAP_P02509,-56.49868152876339,-6.982509654212411,vegetated,0.7226702570915222,-0.630518913269043,0.1826999932527542,0.091899998486042
TAP_P02510,-56.46629932529238,-6.998142897492654,vegetated,0.8170607089996338,-0.7110534310340881,0.1590999960899353,0.0688999965786933
TAP_P02511,-56.84638633417442,-6.54729286527983,bare — sandbar / spoil / tailings,0.1407338231801986,-0.1344193816184997,0.1089000031352043,0.0612000003457069
TAP_P02515,-56.90936287522194,-7.008184253084252,vegetated,0.7870956063270569,-0.6888521909713745,0.1623000055551529,0.065200001001358
TAP_P02518,-57.55985724991805,-5.282846366752224,vegetated,0.8269498944282532,-0.718802273273468,0.1801500022411346,0.0763000026345253
TAP_P02519,-56.73622607631354,-6.67000975386322,vegetated,0.7399829626083374,-0.6270464658737183,0.126350000500679,0.0535999983549118
TAP_P02520,-55.985436534172734,-6.200280301622876,vegetated,0.8386132717132568,-0.7485654950141907,0.1503999978303909,0.064699999988079
TAP_P02522,-57.40826361104106,-6.222331632817269,vegetated,0.7482928037643433,-0.6582678556442261,0.1701499968767166,0.0764999985694885
TAP_P02523,-57.06483566933222,-7.205856812998847,vegetated,0.8620482683181763,-0.7545242309570312,0.15344999730587,0.0631999969482421
TAP_P02526,-56.294046182716826,-7.331591925226221,vegetated,0.8519126176834106,-0.7491834759712219,0.1444499939680099,0.0573999993503093
TAP_P02528,-56.696532456076895,-7.230790915154195,vegetated,0.8236759901046753,-0.7197414636611938,0.147599995136261,0.063799999654293
TAP_P02531,-56.94749240191361,-7.051287316072172,vegetated,0.7071406841278076,-0.6155624389648438,0.214025005698204,0.1054999977350235
TAP_P02532,-56.92341562262792,-5.000445437419541,vegetated,0.794350802898407,-0.6885039806365967,0.1527500003576278,0.0672999992966651
TAP_P02533,-57.349180624614434,-7.127031992814096,vegetated,0.7416491508483887,-0.6970852613449097,0.2151000052690506,0.1037999987602233
TAP_P02534,-57.304167180095625,-7.164905013589342,vegetated,0.8555408716201782,-0.7675149440765381,0.1534000039100647,0.0645999982953071
TAP_P02535,-56.03401300768616,-6.173053071455665,vegetated,0.8679220080375671,-0.7646301984786987,0.1519500017166137,0.0602499991655349
TAP_P02536,-56.000187383356014,-6.17723102312204,vegetated,0.7966259717941284,-0.684345006942749,0.1045999974012374,0.0442500002682209
TAP_P02537,-56.64981479074445,-6.773913893383593,vegetated,0.8147377967834473,-0.7026441097259521,0.1691000014543533,0.0732000023126602
TAP_P02538,-57.37438713524909,-6.022479093763115,vegetated,0.5052312612533569,-0.5601222515106201,0.2066999971866607,0.0995500013232231
TAP_P02539,-57.39698845644493,-6.230994455111116,vegetated,0.8219346404075623,-0.7195759415626526,0.1597499996423721,0.0662499964237213
TAP_P02540,-57.47941773310882,-5.692346531323127,vegetated,0.8025256991386414,-0.7056537866592407,0.1658499985933303,0.0739500001072883
TAP_P02541,-55.914134089174446,-6.225405803265115,vegetated,0.828157365322113,-0.7225067019462585,0.1552000045776367,0.0649000033736229
TAP_P02542,-56.689338610931486,-7.5948375821517216,bare — sandbar / spoil / tailings,0.0757743418216705,-0.0506797693669796,0.1555500030517578,0.0996999964118003
TAP_P02544,-56.691481690694125,-7.766280509598454,vegetated,0.597240149974823,-0.5594316720962524,0.2395000010728836,0.1334500014781952
TAP_P02545,-57.01828044915188,-7.13395433683633,vegetated,0.8456260561943054,-0.7324503064155579,0.1361999958753585,0.0568000003695488
TAP_P02546,-56.97689420431521,-5.822454336169677,vegetated,0.8299325108528137,-0.7235916256904602,0.1651999950408935,0.0691500008106231
TAP_P02548,-56.9038240269029,-5.713467400306805,vegetated,0.8431933522224426,-0.7287454009056091,0.1668999940156936,0.0726500004529953
TAP_P02549,-56.38140985552513,-6.490218568436029,vegetated,0.7668166160583496,-0.6888770461082458,0.1682000011205673,0.0746499970555305
TAP_P02550,-56.8919918947926,-6.9936729990457085,vegetated,0.8229677677154541,-0.7123730182647705,0.1941000074148178,0.0888999998569488
TAP_P02551,-56.73540410324497,-7.332501214149694,vegetated,0.7512852549552917,-0.701682448387146,0.1981499940156936,0.095100000500679
TAP_P02552,-57.15327769725963,-7.3034471441403,vegetated,0.7880604863166809,-0.6948391199111938,0.1792500019073486,0.0803999975323677
TAP_P02553,-57.14661528550308,-7.258781877644956,bare — sandbar / spoil / tailings,0.2324516028165817,-0.2858404815196991,0.2601000070571899,0.1642500013113021
TAP_P02554,-57.388194440333216,-6.090369604127818,vegetated,0.8152899146080017,-0.7112454771995544,0.1739999949932098,0.0710999965667724
TAP_P02555,-56.36928603719393,-6.535238436396283,vegetated,0.7674395442008972,-0.691661536693573,0.169850006699562,0.0786999985575676
TAP_P02557,-56.42722671296973,-6.227656736084716,vegetated,0.8237060904502869,-0.728279173374176,0.1515499949455261,0.0618500001728534
TAP_P02559,-57.553246653145294,-5.557516920748682,vegetated,0.8219918012619019,-0.7109494209289551,0.2120999991893768,0.093699999153614
TAP_P02560,-56.73403841028375,-7.60228340603946,vegetated,0.8369130492210388,-0.7327372431755066,0.1385000050067901,0.0554499998688697
TAP_P02561,-57.115835261199855,-7.430388294361115,vegetated,0.6201947927474976,-0.5814382433891296,0.221900001168251,0.1201499998569488
TAP_P02564,-56.20786932809498,-6.878976763620201,vegetated,0.8071057200431824,-0.7112665176391602,0.1379500031471252,0.0590000003576278
TAP_P02566,-57.02182256784998,-7.125260497533093,vegetated,0.8485713005065918,-0.73424232006073,0.1316500008106231,0.0550500005483627
TAP_P02567,-57.1451435823186,-5.467682747160805,vegetated,0.7995040416717529,-0.6958173513412476,0.1720499992370605,0.0721499994397163
TAP_P02568,-56.24644577013309,-6.717367949110809,vegetated,0.8309600949287415,-0.727361261844635,0.1516000032424926,0.0636000037193298
TAP_P02571,-56.64825021803402,-7.8577598247589,vegetated,0.7820668816566467,-0.6890906095504761,0.1892500072717666,0.0929000005125999
TAP_P02572,-56.2925233408452,-7.256958240756604,vegetated,0.8250063061714172,-0.7222669124603271,0.1556400060653686,0.0650583356618881
TAP_P02573,-56.91399645301818,-7.029904370866495,vegetated,0.8264293670654297,-0.7305367588996887,0.1613777726888656,0.0687125027179718
TAP_P02574,-56.9770153362227,-7.092711443454257,vegetated,0.846061110496521,-0.7441423535346985,0.1633999943733215,0.0676624998450279
TAP_P02575,-56.29359407805915,-7.329204554228167,vegetated,0.82833331823349,-0.7252964377403259,0.1306000053882599,0.0511000007390975
TAP_P02576,-57.34988082750399,-7.13068137283116,vegetated,0.8492392897605896,-0.741161584854126,0.1518000066280365,0.0615999996662139
TAP_P02578,-56.8273179704826,-7.148232665202991,vegetated,0.805925190448761,-0.7144416570663452,0.1655499935150146,0.0742499977350235
TAP_P02579,-57.15410872247541,-7.284550311425457,vegetated,0.8159812688827515,-0.7230493426322937,0.1350750029087066,0.0587499998509883
TAP_P02581,-57.39287328371249,-6.130868537056374,vegetated,0.8486161231994629,-0.7376701831817627,0.1803999990224838,0.0771000012755394
TAP_P02583,-57.36083214490843,-6.131740899116477,vegetated,0.8278494477272034,-0.7048858404159546,0.1850000023841858,0.0826999992132186
TAP_P02584,-57.28800134081656,-5.416154282234457,vegetated,0.8262892961502075,-0.7153987884521484,0.149399995803833,0.0593999996781349
TAP_P02585,-56.33917156956274,-6.150249400675231,vegetated,0.8387364745140076,-0.7378767728805542,0.1657000035047531,0.0720999985933303
TAP_P02587,-56.88423227332505,-6.9262055529654445,vegetated,0.7568715214729309,-0.6454092264175415,0.1577499955892563,0.0681499987840652
TAP_P02589,-56.52647979865876,-6.90293839852857,vegetated,0.806428074836731,-0.7004830837249756,0.1577000021934509,0.0676999986171722
TAP_P02590,-56.5030186098005,-6.379287294567656,water / turbid pond,-0.1538776904344558,0.1430848836898803,0.1446000039577484,0.0814400017261505
TAP_P02591,-56.611532325879146,-5.77565400917867,vegetated,0.8408721089363098,-0.7231389880180359,0.1568000018596649,0.0635500028729438
TAP_P02592,-57.4536888609938,-6.92080044124384,vegetated,0.848224937915802,-0.7356882691383362,0.1602499932050705,0.064300000667572
TAP_P02593,-57.37189902882647,-6.016617715623152,vegetated,0.800224781036377,-0.6937786936759949,0.1853999942541122,0.0789500027894973
TAP_P02594,-56.994651404518734,-7.086977087187106,vegetated,0.7969018816947937,-0.7085184454917908,0.123999997973442,0.0559333339333534
TAP_P02595,-57.026345857619496,-5.789968151439004,vegetated,0.822306215763092,-0.714866578578949,0.1860000044107437,0.0785999968647956
TAP_P02596,-57.10433896263197,-7.434209728335668,vegetated,0.8113470077514648,-0.7121316194534302,0.1327999979257583,0.0562999993562698
TAP_P02597,-57.07372925021373,-7.20693479842599,vegetated,0.7564077973365784,-0.6234534978866577,0.2075999975204467,0.1057000011205673
TAP_P02598,-57.43889549098075,-4.895360519650389,vegetated,0.8389121294021606,-0.7213516235351562,0.19200000166893,0.0808999985456466
TAP_P02599,-56.98118757579928,-7.150517761492552,vegetated,0.8271495699882507,-0.7229888439178467,0.1635666638612747,0.0668166652321815
TAP_P02600,-56.933271327944986,-5.449984524634121,vegetated,0.8057366609573364,-0.6982935070991516,0.1710000038146972,0.0772928595542907
TAP_P02601,-56.71838006269423,-7.644633306221808,vegetated,0.4234015941619873,-0.395669162273407,0.2289499938488006,0.1511500030755996
TAP_P02602,-56.55502645695435,-5.519843549279971,vegetated,0.8203396797180176,-0.7080345153808594,0.1464000046253204,0.0648500025272369
TAP_P02603,-57.65863217486874,-5.165673875757496,vegetated,0.8208478093147278,-0.7124097347259521,0.1932999938726425,0.0837000012397766
TAP_P02604,-57.46718036611399,-4.902493478288263,vegetated,0.839766800403595,-0.7398838996887207,0.1770000010728836,0.0756499990820884
TAP_P02605,-56.90157658623589,-6.070765541725422,vegetated,0.6989061832427979,-0.6656174063682556,0.2267500013113021,0.1044500023126602
TAP_P02607,-56.58085752641496,-6.8229701669894345,vegetated,0.4006410241127014,-0.4730336964130401,0.3228999972343445,0.1754000037908554
TAP_P02608,-57.45392690272768,-5.290681178635611,vegetated,0.7933006286621094,-0.6867828965187073,0.1441500037908554,0.0636000037193298
TAP_P02610,-57.36447065536415,-5.853246356171557,vegetated,0.8357825875282288,-0.7237258553504944,0.1941500008106231,0.0854500010609626
TAP_P02613,-56.995780553578165,-6.975648197049033,vegetated,0.7965571284294128,-0.679003894329071,0.1924999952316284,0.0923399999737739
TAP_P02614,-57.290268538949526,-5.801530422569634,vegetated,0.8350962996482849,-0.7278996706008911,0.1512999981641769,0.0644000023603439
TAP_P02615,-56.84472510170475,-5.4709822468038,vegetated,0.8531166315078735,-0.7416952252388,0.1976000070571899,0.0846500024199485
TAP_P02616,-57.36202856727578,-5.85682322525933,vegetated,0.8678750395774841,-0.7560747861862183,0.1609999984502792,0.0675999969244003
TAP_P02617,-57.00809119895477,-6.948485024535809,vegetated,0.8172523975372314,-0.7243654727935791,0.1464000046253204,0.061999998986721
TAP_P02618,-56.502697526356975,-7.018287166354081,vegetated,0.8490195870399475,-0.7397034764289856,0.135000005364418,0.0566999986767768
TAP_P02619,-56.83567045669582,-7.082617716934337,vegetated,0.831379771232605,-0.7280054688453674,0.1440500020980835,0.0604000017046928
TAP_P02620,-57.0629427115617,-5.75611995112974,vegetated,0.872900128364563,-0.7679257392883301,0.1541499942541122,0.0634500011801719
TAP_P02621,-57.38966830878669,-6.1649112356044125,vegetated,0.8343036770820618,-0.7357472777366638,0.1655499935150146,0.0725499987602233
TAP_P02622,-56.90895369514255,-5.736977547461454,vegetated,0.5281661748886108,-0.5751467943191528,0.1903000026941299,0.0895000025629997
TAP_P02623,-55.855908430263774,-7.066647116954464,vegetated,0.8243926167488098,-0.7194899916648865,0.1720000058412552,0.0722000002861023
TAP_P02624,-55.957627834872085,-6.1839581219828,vegetated,0.8098591566085815,-0.7227949500083923,0.1340000033378601,0.0544000007212162
TAP_P02625,-56.39919800868,-6.229488256302495,vegetated,0.851786732673645,-0.740638792514801,0.1521999984979629,0.0612999983131885
TAP_P02626,-57.02322561259563,-7.283867402462876,vegetated,0.7954639792442322,-0.7083286046981812,0.1649499982595443,0.0747999995946884
TAP_P02627,-57.00131128441871,-7.139512681432589,vegetated,0.871895432472229,-0.7511520981788635,0.1706999987363815,0.0710999965667724
TAP_P02628,-56.54746700810857,-6.132522343974319,vegetated,0.8377135396003723,-0.7165437340736389,0.1541000008583068,0.066100001335144
TAP_P02629,-56.59107594069159,-5.689233553696941,vegetated,0.6238000988960266,-0.5663848519325256,0.1889500021934509,0.0971499979496002
TAP_P02630,-56.71033079441242,-7.782169063338124,vegetated,0.8236744999885559,-0.7314587235450745,0.1411000043153762,0.0584000013768672
TAP_P02631,-57.150604034678864,-7.089204579337693,vegetated,0.8347538709640503,-0.7193097472190857,0.1404000073671341,0.060649998486042
TAP_P02633,-56.50508399934904,-6.996209313186715,vegetated,0.7034482955932617,-0.6191762685775757,0.2529999911785126,0.1344999969005584
TAP_P02634,-57.33058433013338,-7.174515755509284,vegetated,0.8512105941772461,-0.7552001476287842,0.1749500036239624,0.0763000026345253
TAP_P02635,-56.90954352623212,-7.003618651146876,bare — sandbar / spoil / tailings,0.1643749922513961,-0.2407592236995697,0.2834999859333038,0.202000007033348
TAP_P02636,-56.409931593528455,-5.710153225974952,vegetated,0.8420928120613098,-0.7370833158493042,0.1505499929189682,0.0644999966025352
TAP_P02637,-57.546441920479424,-5.82904285437598,vegetated,0.7358986735343933,-0.6434227824211121,0.1767999976873397,0.0775000005960464
TAP_P02638,-57.178920103326845,-7.272665089530999,vegetated,0.836105465888977,-0.7440040707588196,0.1402000039815902,0.0566999986767768
TAP_P02639,-57.63298293144911,-5.693868968978538,vegetated,0.7827603220939636,-0.635398268699646,0.1512999981641769,0.0626000016927719
TAP_P02642,-56.720511142815546,-5.93489512254612,vegetated,0.8054120540618896,-0.687609851360321,0.1457999944686889,0.0618500001728534
TAP_P02643,-57.11324613995215,-7.448299578944121,vegetated,0.8378376960754395,-0.7400855422019958,0.1420499980449676,0.0583500005304813
TAP_P02644,-56.24214501045233,-6.78565317593555,vegetated,0.8120683431625366,-0.7035806775093079,0.1326999962329864,0.0584499984979629
TAP_P02645,-57.526506532238216,-5.231780472863649,bare — sandbar / spoil / tailings,0.1293091773986816,-0.157607614994049,0.1613499969244003,0.0865499973297119
TAP_P02647,-56.7274215112268,-7.086085346521389,vegetated,0.8011603951454163,-0.6939297318458557,0.1701499968767166,0.0728999972343444
TAP_P02648,-56.56393418716666,-6.9028891462449895,vegetated,0.7899253964424133,-0.6791120767593384,0.1497000008821487,0.0667999982833862
TAP_P02650,-57.98139626269812,-5.954252394986861,vegetated,0.7825914621353149,-0.6662018299102783,0.1306000053882599,0.0571499988436698
TAP_P02651,-56.61749994343504,-7.333383796091435,vegetated,0.775334358215332,-0.685034453868866,0.2009000033140182,0.0921000018715858
TAP_P02652,-57.5527369085689,-6.928009249331884,vegetated,0.8205570578575134,-0.6984468102455139,0.19480000436306,0.0834000036120414
TAP_P02653,-56.90453778723622,-5.766106940912095,vegetated,0.7990946769714355,-0.68663489818573,0.1844000071287155,0.0797000005841255
TAP_P02654,-57.30401847982388,-5.888247805900725,vegetated,0.8001744151115417,-0.6917911171913147,0.1539999991655349,0.0648500025272369
TAP_P02656,-57.522554137811625,-6.512984722071127,vegetated,0.8189861178398132,-0.7178744673728943,0.1616999953985214,0.0655499994754791
TAP_P02657,-56.9987081027458,-5.840425062663305,vegetated,0.851947009563446,-0.7397598028182983,0.1760166734457016,0.0703499987721443
TAP_P02659,-56.80581479182352,-5.417285861955119,vegetated,0.8271363377571106,-0.7139319181442261,0.1516000032424926,0.065600000321865
TAP_P02660,-56.15092591375296,-6.740742888172702,vegetated,0.8057785034179688,-0.6892067193984985,0.1446000039577484,0.0597000010311603
TAP_P02662,-56.399652112006926,-6.8975367331012105,vegetated,0.8256272673606873,-0.7167871594429016,0.159850001335144,0.0654999986290931
TAP_P02664,-56.53692751175239,-6.85616459848727,vegetated,0.82407146692276,-0.7157866954803467,0.1492000073194503,0.061099998652935
TAP_P02665,-56.643441855433046,-5.74165543466664,vegetated,0.8099642395973206,-0.7067848443984985,0.1412000060081482,0.061549998819828
TAP_P02666,-57.48874678818445,-5.128792122133731,vegetated,0.7600527405738831,-0.6556066870689392,0.1728000044822693,0.0759000033140182
TAP_P02668,-57.317509157195474,-6.093075390225532,vegetated,0.8283311128616333,-0.7159750461578369,0.181099995970726,0.0789000019431114
TAP_P02669,-56.614801696728186,-7.888496774050277,vegetated,0.8485606908798218,-0.7560315728187561,0.1527000069618225,0.0662999972701072
TAP_P02670,-57.27403564737215,-7.136505974474448,vegetated,0.7951375246047974,-0.7137481570243835,0.2101500034332275,0.100100003182888
TAP_P02672,-55.87540251885114,-6.2517324032960095,vegetated,0.7908689975738525,-0.6598408818244934,0.17739999294281,0.0792500004172325
TAP_P02674,-55.920160074132816,-6.213606374822273,vegetated,0.5896607637405396,-0.5416173338890076,0.1127000004053115,0.0604000017046928
TAP_P02675,-55.29370022483016,-6.060895213325218,bare — sandbar / spoil / tailings,0.16705884039402,-0.2568975985050201,0.2793000042438507,0.1793999969959259
TAP_P02677,-57.46375554425397,-5.698177370349638,vegetated,0.8220057487487793,-0.7196894288063049,0.1748500019311905,0.0722500011324882
TAP_P02678,-55.92636840793758,-6.207120999589017,vegetated,0.818249523639679,-0.7290410995483398,0.1482499986886978,0.0600499995052814
TAP_P02680,-57.06866749715959,-5.707723718568717,vegetated,0.824255645275116,-0.72397381067276,0.1571000069379806,0.0649999976158142
TAP_P02681,-56.31494028403037,-6.527986945680721,vegetated,0.416214108467102,-0.4981982111930847,0.2645500004291534,0.1674499958753585
TAP_P02682,-56.29102810526113,-7.261453826350372,vegetated,0.8221914172172546,-0.7134900689125061,0.1530714333057403,0.0658000037074089
TAP_P02685,-57.41257133537087,-5.098955137201855,vegetated,0.8180726766586304,-0.6965802907943726,0.1767999976873397,0.0769999995827674
TAP_P02686,-57.17123904923693,-7.371194889082275,vegetated,0.6436101794242859,-0.5902965068817139,0.2327000051736831,0.130400002002716
TAP_P02687,-57.994517708309,-5.948170070503437,vegetated,0.8096135854721069,-0.7079796195030212,0.1797000020742416,0.0817999988794326
TAP_P02688,-56.588083440703,-7.314821092440792,vegetated,0.8493038415908813,-0.750713586807251,0.147333338856697,0.0626000016927719
TAP_P02689,-56.5410065001257,-7.325853157415434,vegetated,0.6120540499687195,-0.567581295967102,0.1756000071763992,0.0815000012516975
TAP_P02691,-57.34338218204712,-6.206613347948864,vegetated,0.8073871731758118,-0.7220067977905273,0.1624500006437301,0.0690999999642372
TAP_P02692,-56.448463319741975,-6.91749143160676,vegetated,0.623625636100769,-0.5670731663703918,0.195700004696846,0.0992999970912933
TAP_P02694,-56.76463009862732,-5.285884168613303,vegetated,0.8485379815101624,-0.7397054433822632,0.1552000045776367,0.0623000003397464
TAP_P02695,-57.47675499234366,-6.511319825509294,vegetated,0.8044664859771729,-0.6812193393707275,0.1807000041007995,0.0816999971866607
TAP_P02696,-56.76072979627205,-7.483306354352724,vegetated,0.8359348773956299,-0.726960301399231,0.1465000063180923,0.0601000003516674
TAP_P02697,-57.26924828769938,-7.150161884231613,vegetated,0.8450419902801514,-0.7358856201171875,0.1928499937057495,0.0828500017523765
TAP_P02698,-57.33109152695669,-6.072429031692967,vegetated,0.8599523305892944,-0.7488487362861633,0.1537999957799911,0.0609499998390674
TAP_P02700,-57.39255777170684,-6.164981734506256,bare — sandbar / spoil / tailings,0.1061045005917549,-0.3083312809467315,0.2081499993801117,0.1066000014543533
TAP_P02701,-56.61609565213106,-6.935038590145171,vegetated,0.7703535556793213,-0.6478873491287231,0.155799999833107,0.0668999999761581
TAP_P02705,-57.00059595243913,-7.126603234893318,vegetated,0.811855673789978,-0.6988719701766968,0.1376000046730041,0.0621000006794929
TAP_P02706,-56.73974592524471,-6.911488116846966,vegetated,0.7676865458488464,-0.6731866598129272,0.1757500022649765,0.0768499970436096
TAP_P02707,-56.41468603290462,-5.717829259246365,vegetated,0.8520137071609497,-0.7264358401298523,0.1321499943733215,0.0538999997079372
TAP_P02708,-57.0494557608262,-4.954490874081114,vegetated,0.8246880769729614,-0.7285813093185425,0.1705999970436096,0.0720999985933303
TAP_P02709,-56.942328191008144,-5.457289385553454,vegetated,0.8270308375358582,-0.7280625104904175,0.1416999995708465,0.0578499995172023
TAP_P02713,-56.9419681865919,-7.065050251833191,vegetated,0.7567354440689087,-0.6743259429931641,0.1824285686016082,0.0857999995350837
TAP_P02714,-57.34378028222406,-5.872347177634731,vegetated,0.8376645445823669,-0.729381799697876,0.1907999962568283,0.0859000012278556
TAP_P02717,-56.821343706142045,-7.0859266593414905,vegetated,0.7931697964668274,-0.683501660823822,0.1412000060081482,0.0590000003576278
TAP_P02718,-57.35272794099669,-6.03291795937881,vegetated,0.5332421660423279,-0.5349219441413879,0.2037000060081482,0.1026000007987022
TAP_P02719,-56.682707018686365,-7.649688055067227,vegetated,0.7948969602584839,-0.7211187481880188,0.1371999979019165,0.0586000010371208
TAP_P02720,-56.857533614944266,-5.681851676892196,vegetated,0.8212924003601074,-0.7198579907417297,0.1572500020265579,0.0634500011801719
TAP_P02722,-56.02626671522034,-6.449506265719116,vegetated,0.7829515337944031,-0.6739574670791626,0.1473000049591064,0.061999998986721
TAP_P02723,-56.63455725210222,-7.6215112312506035,vegetated,0.841045081615448,-0.7192332744598389,0.1518500000238418,0.0644999966025352
TAP_P02724,-56.36749218581016,-6.841270737590097,vegetated,0.8227663636207581,-0.7164328098297119,0.162100002169609,0.0712999999523162
TAP_P02725,-56.8826608926741,-7.080053138950785,vegetated,0.8140068650245667,-0.7174004316329956,0.1398999989032745,0.061099998652935
TAP_P02726,-57.58743131791913,-5.219134157920428,vegetated,0.8301370143890381,-0.7149629592895508,0.164000004529953,0.0674000009894371
TAP_P02727,-56.87559780749958,-5.775252933542413,vegetated,0.8243659138679504,-0.7294912934303284,0.1519999951124191,0.0662499964237213
TAP_P02728,-56.69787557627993,-7.073417729069965,vegetated,0.5666848421096802,-0.5756538510322571,0.2189999967813491,0.1115999966859817
TAP_P02729,-56.481077692764,-5.708328848393307,vegetated,0.8446794748306274,-0.7454844117164612,0.1509999930858612,0.0650999993085861
TAP_P02730,-56.22330785478348,-6.735922659394879,bare — sandbar / spoil / tailings,0.1485664844512939,-0.1837888658046722,0.2443999946117401,0.1767999976873397
TAP_P02731,-56.51220518507073,-7.021618596774989,bare — sandbar / spoil / tailings,0.2492022961378097,-0.2418363243341446,0.2100500017404556,0.1143999993801117
TAP_P02732,-56.38309498812372,-6.096576786409442,vegetated,0.3447125852108001,-0.3501779437065124,0.1918999999761581,0.1042499989271164
TAP_P02733,-57.00479241257307,-7.481233391242384,vegetated,0.8469468355178833,-0.7400892376899719,0.1585499942302703,0.0675999969244003
TAP_P02734,-56.56636351171411,-7.706805769244341,vegetated,0.8163691163063049,-0.6948345899581909,0.1555999964475631,0.0706999972462654
TAP_P02735,-56.76402640568138,-5.648351873837829,vegetated,0.8655030727386475,-0.7426684498786926,0.1808000057935714,0.0762000009417533
TAP_P02736,-57.14787593027847,-7.366002857390554,vegetated,0.818900465965271,-0.7159382700920105,0.1451999992132187,0.0608999989926815
TAP_P02739,-56.99972010547024,-7.407312361657722,vegetated,0.8466731905937195,-0.7322524189949036,0.1553249955177307,0.0660333335399627
TAP_P02740,-56.556441119559885,-6.891264269215972,vegetated,0.6665543913841248,-0.6319218277931213,0.2124000042676925,0.0984999984502792
TAP_P02741,-56.20277389678648,-6.809277743385239,vegetated,0.8347932696342468,-0.7448017597198486,0.1524000018835067,0.0631999969482421
TAP_P02742,-57.19816352595314,-7.38894174824141,vegetated,0.7301154732704163,-0.6389209628105164,0.1402499973773956,0.062449999153614
TAP_P02743,-57.655092490277575,-5.163728164828036,vegetated,0.8243941068649292,-0.7155965566635132,0.1664499938488006,0.0695500001311302
TAP_P02744,-57.69931233548506,-5.455326024809985,vegetated,0.6933324337005615,-0.6209468245506287,0.2009000033140182,0.099200002849102
TAP_P02745,-56.932567142851525,-7.07299195431408,vegetated,0.8266317248344421,-0.7181681990623474,0.1856333315372467,0.0811249986290931
TAP_P02746,-56.61094961424139,-5.768858209811106,vegetated,0.8236048817634583,-0.6993424892425537,0.1626999974250793,0.0689999982714653
TAP_P02747,-56.97029430413198,-6.909553340987015,vegetated,0.8530406951904297,-0.7486933469772339,0.1752166599035263,0.0727799981832504
TAP_P02748,-56.660609484973484,-5.8086017452635454,vegetated,0.8363000750541687,-0.7318487763404846,0.189750000834465,0.0821499973535537
TAP_P02749,-56.72126670870711,-7.6098145398874575,vegetated,0.8283932209014893,-0.7199482917785645,0.1389999985694885,0.0586999990046024
TAP_P02750,-56.64971876266875,-7.572104801057562,vegetated,0.7642834186553955,-0.6719803810119629,0.1412000060081482,0.0599999986588954
TAP_P02753,-56.8742284389406,-5.7697954957492215,vegetated,0.796156108379364,-0.6987056136131287,0.1541000008583068,0.0662999972701072
TAP_P02754,-56.81148003308182,-7.027102100897579,vegetated,0.813359797000885,-0.722655713558197,0.1401000022888183,0.0577999986708164
TAP_P02755,-56.960816134689175,-6.892652744833054,vegetated,0.7976737022399902,-0.7120384573936462,0.1611749976873397,0.0695500001311302
TAP_P02756,-56.73655199959058,-5.658871840542708,vegetated,0.8484582304954529,-0.7462319731712341,0.149849995970726,0.0606000013649463
TAP_P02758,-57.30151979204072,-5.437626484388685,vegetated,0.8286087512969971,-0.7126418352127075,0.1605000048875808,0.0659999996423721
TAP_P02760,-56.34709376899234,-6.154354094192099,vegetated,0.7126795649528503,-0.6425068378448486,0.1817999929189682,0.090499997138977
TAP_P02761,-56.77270667123934,-7.064907924145105,vegetated,0.8098967671394348,-0.6872509717941284,0.1453000009059906,0.0592000000178813
TAP_P02763,-56.70165961465721,-7.576546006163787,bare — sandbar / spoil / tailings,0.1837425678968429,-0.2091127336025238,0.2098000049591064,0.1324499994516372
TAP_P02764,-56.72030811215839,-7.620308199061032,vegetated,0.825469434261322,-0.712298572063446,0.1683000028133392,0.0749500021338462
TAP_P02765,-56.48177058779034,-6.950831255888024,vegetated,0.718031644821167,-0.6379208564758301,0.2295999974012375,0.1154000014066696
TAP_P02766,-57.55418983656226,-5.556055727570774,vegetated,0.8113568425178528,-0.6965726613998413,0.1751500070095062,0.0724499970674514
TAP_P02767,-56.86044167891453,-5.709237996377768,vegetated,0.8121812343597412,-0.7071791887283325,0.1571999937295913,0.0650999993085861
TAP_P02768,-57.38332034019199,-5.809944078288696,vegetated,0.7755883932113647,-0.6711735725402832,0.1574999988079071,0.0764999985694885
TAP_P02769,-56.639062125722255,-5.36346611477892,vegetated,0.8234283924102783,-0.7103257179260254,0.1495999991893768,0.0627999976277351
TAP_P02770,-56.590588890519854,-5.760327720751331,vegetated,0.8134675025939941,-0.7144581079483032,0.1685999929904937,0.0739500001072883
TAP_P02771,-57.054568631722695,-7.25856171316172,vegetated,0.8336663246154785,-0.7282219529151917,0.1544999927282333,0.0658999979496002
TAP_P02772,-56.82172478152477,-7.109969950764665,vegetated,0.8073597550392151,-0.7022449970245361,0.1721500009298324,0.0719999969005584
TAP_P02776,-55.8878441606794,-6.265933605783616,vegetated,0.5997588634490967,-0.6004777550697327,0.2558999955654144,0.1569000035524368
TAP_P02777,-56.35310104244365,-6.821740971648589,vegetated,0.7968164682388306,-0.6958416104316711,0.1476999968290329,0.0644999966025352
TAP_P02778,-56.84513426049616,-5.805933157455802,vegetated,0.7979110479354858,-0.6862208843231201,0.1615500003099441,0.0706499963998794
TAP_P02779,-56.94621468021557,-6.043482355303066,vegetated,0.8116427659988403,-0.7082594037055969,0.1695500016212463,0.0740000009536743
TAP_P02780,-57.41291204917728,-5.10096525909055,vegetated,0.8059614300727844,-0.6895973086357117,0.1622000038623809,0.0715000033378601
TAP_P02781,-56.18291316565207,-6.343142617729919,vegetated,0.8221527934074402,-0.7247635126113892,0.1243000030517578,0.0523499995470047
TAP_P02782,-57.33655278008709,-5.881971892757507,vegetated,0.836858868598938,-0.718589186668396,0.1539500057697296,0.0641999989748001
TAP_P02783,-57.31384520382365,-7.135647048603408,vegetated,0.8650078177452087,-0.7621133923530579,0.1409499943256378,0.0562999993562698
TAP_P02784,-56.52289433024836,-7.6128393251931055,vegetated,0.8424288630485535,-0.7236465215682983,0.1509499996900558,0.0644000023603439
TAP_P02785,-57.475534325484375,-6.512980807453865,vegetated,0.8435646891593933,-0.7246212959289551,0.1633500009775161,0.0672499984502792
TAP_P02786,-56.40553447022885,-7.681555197178781,vegetated,0.3975968062877655,-0.4487728178501129,0.2208999991416931,0.1216000020503997
TAP_P02788,-55.98427004399122,-6.19584810245303,vegetated,0.7498262524604797,-0.680246889591217,0.1694999933242797,0.0811000019311904
TAP_P02789,-56.74641095415669,-5.583967870549527,vegetated,0.7698397636413574,-0.6776713728904724,0.1381999999284744,0.0601500011980533
TAP_P02790,-57.03436891269741,-5.780949852118251,bare — sandbar / spoil / tailings,0.2910569012165069,-0.3387716114521026,0.2382999956607818,0.1503999978303909
TAP_P02791,-55.99909355416473,-6.196897811673206,vegetated,0.8446720838546753,-0.7485098242759705,0.1439999938011169,0.0573999993503093
TAP_P02792,-57.083556103857184,-7.305064016927879,vegetated,0.8055510520935059,-0.7291839122772217,0.1402000039815902,0.061999998986721
TAP_P02793,-56.66214150291416,-7.622253441773099,vegetated,0.7639068961143494,-0.6784198880195618,0.1108999997377395,0.0471500009298324
TAP_P02794,-57.14870997242144,-7.132739292732111,vegetated,0.8523280620574951,-0.7416930198669434,0.1681499928236007,0.0694999992847442
TAP_P02796,-56.44205059864073,-7.053687327511185,vegetated,0.8236201405525208,-0.7297297120094299,0.1491000056266784,0.0644999966025352
TAP_P02797,-56.43075758434309,-5.814577258184229,vegetated,0.7565467953681946,-0.6426264643669128,0.1463000029325485,0.065600000321865
TAP_P02798,-57.54466941429962,-6.871677107602045,vegetated,0.8131805062294006,-0.6931567192077637,0.1849000006914138,0.0795999988913536
TAP_P02799,-56.7078229912556,-6.936783336100183,vegetated,0.8391565084457397,-0.7276280522346497,0.1624999940395355,0.0680999979376792
TAP_P02801,-57.47151621663646,-5.699399068325655,vegetated,0.8130331039428711,-0.6825775504112244,0.2049999982118606,0.0965000018477439
TAP_P02803,-56.74197801914112,-7.646088026037977,vegetated,0.3056379854679107,-0.3694370090961456,0.2597000002861023,0.2050999999046325
TAP_P02804,-56.88935645848064,-6.704290425379515,water / turbid pond,-0.236931711435318,0.1414391994476318,0.0285999998450279,0.0166999995708465
TAP_P02805,-57.47561123736797,-4.99511026870498,vegetated,0.8012154698371887,-0.678192138671875,0.1534000039100647,0.0639000013470649
TAP_P02806,-56.63537553566846,-5.644632507768304,vegetated,0.8135916590690613,-0.6980074048042297,0.1568000018596649,0.066550001502037
TAP_P02807,-57.020676510942565,-7.198123535244461,vegetated,0.8519536256790161,-0.7495500445365906,0.1589999943971634,0.0652500018477439
TAP_P02808,-57.34150843651002,-6.204514322626554,vegetated,0.7584208250045776,-0.7008072137832642,0.1827999949455261,0.0883499979972839
TAP_P02809,-56.973222771627576,-7.083099457987454,vegetated,0.8420870900154114,-0.7362489104270935,0.1477333307266235,0.0632999986410141
TAP_P02810,-57.39189433640558,-6.134557242035799,vegetated,0.4925101995468139,-0.4809567332267761,0.2436500042676925,0.1647499948740005
TAP_P02811,-56.997075382451385,-7.08579500136659,vegetated,0.857049822807312,-0.7598205208778381,0.1666499972343444,0.0694818198680877
TAP_P02812,-56.91759961538733,-6.9614468679029216,vegetated,0.7848073840141296,-0.6841791272163391,0.1574999988079071,0.0683857128024101
TAP_P02813,-57.297032356145984,-7.162307860393779,vegetated,0.8135746717453003,-0.7127819657325745,0.1516000032424926,0.0612000003457069
TAP_P02814,-56.17961360033557,-6.707732122640575,vegetated,0.8146408796310425,-0.7124112248420715,0.1501500010490417,0.0639000013470649
TAP_P02816,-56.85187028272068,-5.689847168125432,vegetated,0.8143100738525391,-0.7076429724693298,0.1762000024318695,0.0747999995946884
TAP_P02818,-57.05442893577273,-7.252690640626309,vegetated,0.8574641346931458,-0.7330847978591919,0.1688999980688095,0.0706000030040741
TAP_P02819,-57.413436218749446,-5.106634071002543,vegetated,0.8129557371139526,-0.7013674974441528,0.1705999970436096,0.0753000006079673
TAP_P02821,-56.59138111367422,-5.770709245372416,vegetated,0.870400071144104,-0.7760012745857239,0.1813499927520752,0.0733499974012374
TAP_P02822,-56.88479368185886,-7.063138418293014,vegetated,0.7973199486732483,-0.6812698245048523,0.1569000035524368,0.0675999969244003
TAP_P02823,-56.59043808465093,-7.320601943894533,vegetated,0.8628295063972473,-0.7481899857521057,0.1385000050067901,0.0546999983489513
TAP_P02824,-56.88313157416388,-5.535153949161352,vegetated,0.808625340461731,-0.6962684392929077,0.1462000012397766,0.062899999320507
TAP_P02825,-56.50219709976448,-6.312848747781111,vegetated,0.6761904954910278,-0.6188488006591797,0.1333000063896179,0.0604999996721744
TAP_P02826,-56.67537032207452,-5.346746589813346,vegetated,0.8431487083435059,-0.7245632410049438,0.1468999981880188,0.0635000020265579
TAP_P02831,-57.37880968626899,-6.203733552571526,vegetated,0.8147092461585999,-0.7052631378173828,0.163100004196167,0.070200003683567
TAP_P02832,-56.41889220992944,-6.818388779347325,vegetated,0.8231292366981506,-0.7090261578559875,0.139500007033348,0.0619000010192394
TAP_P02833,-55.29878852251655,-5.985305083846771,vegetated,0.5900439023971558,-0.5225496292114258,0.158500000834465,0.0785999968647956
TAP_P02834,-56.409823361061385,-7.694132675142835,vegetated,0.844699501991272,-0.7397549748420715,0.1381999999284744,0.0599999986588954
TAP_P02835,-56.76057413636302,-7.540775172444485,bare — sandbar / spoil / tailings,0.0627084150910377,-0.1255797743797302,0.4492000043392181,0.3693999946117401
TAP_P02836,-57.369944752752005,-6.214731214931144,vegetated,0.8323016166687012,-0.7178423404693604,0.1655000001192093,0.0683000013232231
TAP_P02837,-56.78321121818732,-7.089222056138391,vegetated,0.7932752370834351,-0.6951537132263184,0.1606000065803527,0.065700002014637
TAP_P02838,-56.33388951706202,-6.120379486577575,vegetated,0.8438138365745544,-0.7260159254074097,0.197500005364418,0.0844999998807907
TAP_P02839,-56.26490341381418,-6.77440477387618,bare — sandbar / spoil / tailings,0.2627789974212646,-0.2041884958744049,0.0586999990046024,0.0287999995052814
TAP_P02840,-56.286738174864034,-6.614057984800073,vegetated,0.8246245980262756,-0.7271066904067993,0.1404000073671341,0.0597999989986419
TAP_P02841,-56.337607626299246,-7.310581684722603,vegetated,0.8557566404342651,-0.7626316547393799,0.1595538407564163,0.0654999986290931
TAP_P02842,-57.21116089504749,-5.730521254166527,vegetated,0.7491504549980164,-0.69486403465271,0.1457999944686889,0.0674000009894371
TAP_P02843,-57.43842625145894,-5.015784450652156,vegetated,0.8063958287239075,-0.7003771066665649,0.1712999939918518,0.0737000033259391
TAP_P02844,-57.36817890323713,-7.147975222664968,vegetated,0.841143786907196,-0.75262051820755,0.2041999995708465,0.0903000012040138
TAP_P02845,-56.69111042284722,-7.7637647899786355,vegetated,0.6364181041717529,-0.5771517157554626,0.2358999997377395,0.1169999986886978
TAP_P02846,-56.68818515168432,-7.799582036369755,vegetated,0.8105683326721191,-0.6842105388641357,0.1591999977827072,0.0734999999403953
TAP_P02847,-56.71274988819985,-7.637823912611518,vegetated,0.8731773495674133,-0.758339524269104,0.1521999984979629,0.0612999983131885
TAP_P02848,-57.00736817964656,-6.6754825425638105,vegetated,0.8381219506263733,-0.7486404776573181,0.1582999974489212,0.065600000321865
TAP_P02850,-56.54327898873999,-7.051650254426221,vegetated,0.8275492191314697,-0.7349678874015808,0.1741999983787536,0.0728000029921531
TAP_P02851,-56.64085239661596,-6.938148755883318,vegetated,0.8123292326927185,-0.69214928150177,0.1424500048160553,0.0640499964356422
TAP_P02852,-57.01675205593104,-7.143618948900947,vegetated,0.7739294767379761,-0.6706021428108215,0.1583999991416931,0.068400003015995
TAP_P02854,-57.33659746652499,-6.133425979279791,vegetated,0.8441728353500366,-0.7345939874649048,0.1914000064134597,0.0869000032544136
TAP_P02856,-56.27135659766681,-6.782272927410367,vegetated,0.8156900405883789,-0.7050136923789978,0.1325999945402145,0.0577500015497207
TAP_P02857,-56.35925040530055,-7.643762997738063,vegetated,0.8748191595077515,-0.7775322794914246,0.1300999969244003,0.0507499985396862
TAP_P02858,-57.0323488250618,-6.951620099262798,vegetated,0.854583740234375,-0.7666783332824707,0.164000004529953,0.0694999992847442
TAP_P02859,-56.768853928912165,-7.46418395077647,vegetated,0.8513931632041931,-0.7399553656578064,0.1642999947071075,0.0683000013232231
TAP_P02860,-56.55403732907117,-7.33181188346061,vegetated,0.7424547076225281,-0.6687041521072388,0.1579000055789947,0.0675999969244003
TAP_P02862,-56.71965406777088,-7.721387732128849,vegetated,0.8521497249603271,-0.741762638092041,0.1435000002384185,0.0627999976277351
TAP_P02863,-57.198269799955874,-7.380835854258254,vegetated,0.6898817420005798,-0.6349431872367859,0.2010000050067901,0.1172999963164329
TAP_P02864,-57.182840058024944,-7.200845471098173,vegetated,0.8439306020736694,-0.7489060759544373,0.1418000012636184,0.0627999976277351
TAP_P02866,-56.862340065810514,-5.661689042424506,vegetated,0.8616716265678406,-0.7395070791244507,0.1555500030517578,0.0632499977946281
TAP_P02867,-56.95523092368624,-7.031028078742333,vegetated,0.8459407687187195,-0.7240294814109802,0.1650333404541015,0.0645750015974044
TAP_P02868,-57.44207847571004,-5.116922142199375,vegetated,0.4593591094017029,-0.442455917596817,0.2120999991893768,0.1126499995589256
TAP_P02869,-56.69153242462165,-4.859992495097671,vegetated,0.8455029129981995,-0.7266671657562256,0.1622499972581863,0.0713500007987022
TAP_P02870,-56.886068510806446,-5.44510949506718,vegetated,0.8202531933784485,-0.6986584067344666,0.1648000031709671,0.0718000009655952
TAP_P02871,-56.34319615867549,-6.534587339717312,vegetated,0.7762022018432617,-0.6786878705024719,0.1305499970912933,0.0559000000357627
TAP_P02873,-57.41774418767625,-5.972266075930838,vegetated,0.8090224862098694,-0.6970223784446716,0.16075000166893,0.0666500031948089
TAP_P02874,-56.35658386134761,-6.671570784714214,vegetated,0.810178816318512,-0.7079058289527893,0.1411000043153762,0.0632999986410141
TAP_P02875,-57.52455256145225,-4.911141104303017,vegetated,0.8485029935836792,-0.7439954876899719,0.1728000044822693,0.0724999979138374
TAP_P02876,-57.4885424380695,-5.135603168554787,vegetated,0.8407416939735413,-0.7225492596626282,0.1643500030040741,0.067900002002716
TAP_P02877,-56.88227955220343,-6.081644778533789,vegetated,0.8501664996147156,-0.7487855553627014,0.1374000012874603,0.0562000013887882
TAP_P02879,-56.99361356717063,-7.392690630403167,vegetated,0.8326719403266907,-0.7254289984703064,0.1425999999046325,0.0588000006973743
TAP_P02880,-57.00347162647428,-7.1332617222225325,vegetated,0.828003466129303,-0.7292037010192871,0.1260000020265579,0.0531999990344047
TAP_P02881,-56.80734661809153,-5.675017476543373,vegetated,0.8387011885643005,-0.7255627512931824,0.1645500063896179,0.0692000016570091
TAP_P02882,-57.030936211871335,-5.525719128610146,vegetated,0.8308653235435486,-0.7245470285415649,0.1564999967813491,0.0645499974489212
TAP_P02883,-57.2866875295145,-7.1115932788280185,vegetated,0.8341771960258484,-0.7276051044464111,0.1518000066280365,0.0635000020265579
TAP_P02884,-56.969754598308114,-7.012850292639853,vegetated,0.742261528968811,-0.6490880250930786,0.214149996638298,0.1015625
TAP_P02885,-56.63879574647577,-6.93383053105935,vegetated,0.6641914248466492,-0.5832025408744812,0.1571000069379806,0.0723000019788742
TAP_P02886,-56.60603998601207,-7.323296612071914,vegetated,0.8606908321380615,-0.7632035613059998,0.1407999992370605,0.0584999993443489
TAP_P02888,-56.99819280754438,-7.479959970293041,vegetated,0.8336013555526733,-0.7174448370933533,0.1486999988555908,0.0668499991297721
TAP_P02889,-56.42936583025416,-6.8738234871306805,vegetated,0.8252213597297668,-0.7143868803977966,0.1456499993801117,0.0615999996662139
TAP_P02890,-56.392067629165005,-6.536296239443678,vegetated,0.7850267291069031,-0.6829363703727722,0.1384000033140182,0.0579000003635883
TAP_P02891,-57.50570078847689,-5.374470554231664,vegetated,0.8338607549667358,-0.7320050001144409,0.1756999939680099,0.0754000023007392
TAP_P02892,-56.688272698501095,-4.870282322317127,vegetated,0.8450815677642822,-0.7280470132827759,0.1599500030279159,0.066050000488758
TAP_P02893,-57.45606359197306,-4.822441316041928,vegetated,0.800011157989502,-0.6820412278175354,0.1715500056743621,0.0725999996066093
TAP_P02894,-57.39083106746448,-5.183251417345124,vegetated,0.7398884296417236,-0.6483328938484192,0.1797000020742416,0.0816999971866607
TAP_P02896,-56.65224882027962,-7.62113070657289,vegetated,0.7373219728469849,-0.6235300302505493,0.1233500018715858,0.0541500002145767
TAP_P02897,-57.429993482573785,-5.982105774501328,vegetated,0.8542599081993103,-0.7424024343490601,0.1713999956846237,0.0737000033259391
TAP_P02898,-56.72427449989573,-5.600012686033503,vegetated,0.8127617835998535,-0.6930327415466309,0.1829999983310699,0.0807000026106834
TAP_P02900,-57.63682554500482,-5.696166025805433,vegetated,0.7901394367218018,-0.6784056425094604,0.1560499966144561,0.0636999979615211
TAP_P02901,-56.861412929284384,-7.043658873377673,vegetated,0.8253881931304932,-0.7265058755874634,0.1772000044584274,0.0782499983906745
TAP_P02902,-56.52692559583223,-7.037408834913687,vegetated,0.4910830855369568,-0.4721996188163757,0.324999988079071,0.1950999945402145
TAP_P02904,-57.32501949388401,-5.889037357443262,vegetated,0.8483754396438599,-0.7383137941360474,0.1754000037908554,0.0706999972462654
TAP_P02906,-56.97699449732755,-7.222263950972701,vegetated,0.8328690528869629,-0.7183552980422974,0.162550002336502,0.0688666701316833
TAP_P02907,-56.11097223248925,-5.488344219048813,vegetated,0.542362630367279,-0.5505099296569824,0.2251999974250793,0.119499996304512
TAP_P02910,-57.17211247122473,-5.1874513653847725,vegetated,0.8397263884544373,-0.7321567535400391,0.1421499997377395,0.0579999983310699
TAP_P02911,-57.200191197417816,-5.515146636084805,vegetated,0.8447885513305664,-0.7458583116531372,0.1584500074386596,0.0666500031948089
TAP_P02912,-57.42907725834586,-6.911191113182776,vegetated,0.8303030133247375,-0.7312312126159668,0.1464000046253204,0.0592000000178813
TAP_P02913,-56.53708175356573,-7.050467801181804,vegetated,0.8146487474441528,-0.7056841254234314,0.2115000039339065,0.1040000021457672
TAP_P02914,-56.95694644368484,-7.091167673531667,vegetated,0.8411798477172852,-0.7369379997253418,0.1454499959945678,0.0592000000178813
TAP_P02915,-56.904344717707446,-5.750605633117227,vegetated,0.8473581075668335,-0.7338149547576904,0.1669999957084655,0.0693999975919723
TAP_P02918,-57.39758105595087,-6.189257734409479,vegetated,0.8415988087654114,-0.7368638515472412,0.1804500073194503,0.0756999999284744
TAP_P02920,-57.146945989377926,-7.296547125879208,vegetated,0.8233049511909485,-0.7150745391845703,0.1634999960660934,0.067500002682209
TAP_P02921,-56.38854643236884,-6.988191416777419,vegetated,0.356395810842514,-0.3784893155097961,0.1976999938488006,0.1105000004172325
TAP_P02925,-56.91026607748727,-5.748473234319891,vegetated,0.8375932574272156,-0.7134127616882324,0.1620000004768371,0.0708499997854232
TAP_P02926,-56.9417276144624,-5.7419656132898975,vegetated,0.8350853323936462,-0.7222766876220703,0.1743499934673309,0.0763999968767166
TAP_P02927,-57.4217075679875,-6.157551313247141,vegetated,0.842566967010498,-0.7174268960952759,0.1588000059127807,0.0672999992966651
TAP_P02928,-54.95560478705826,-7.473585297997019,bare — sandbar / spoil / tailings,0.1343591064214706,-0.0078698704019188,0.1273999959230423,0.0598499998450279
TAP_P02929,-57.57829246588168,-6.912477344297008,vegetated,0.8146489858627319,-0.702087938785553,0.1512500047683715,0.0628499984741211
TAP_P02930,-57.36648922913285,-5.9725169233743625,vegetated,0.8571287393569946,-0.7399355173110962,0.1579000055789947,0.061999998986721
TAP_P02931,-57.03403512395487,-5.764310729762019,vegetated,0.8408154249191284,-0.7105154395103455,0.1608999967575073,0.0719999969005584
TAP_P02932,-56.98840910089199,-7.0299748251613865,vegetated,0.8239014148712158,-0.7224563956260681,0.1648499965667724,0.0704500004649162
TAP_P02933,-57.18658756768125,-7.394309174850498,vegetated,0.8513661026954651,-0.7364581227302551,0.1668000072240829,0.0723000019788742
TAP_P02935,-56.76471012659788,-7.546872079826435,vegetated,0.6932746767997742,-0.5750659704208374,0.228300005197525,0.1061500012874603
TAP_P02936,-56.753916431467694,-7.539773355424289,vegetated,0.822891116142273,-0.7270486950874329,0.1334999948740005,0.0546000003814697
TAP_P02937,-57.14675937954661,-5.532426579783887,vegetated,0.8582003712654114,-0.7605066895484924,0.183799996972084,0.0778999999165535
TAP_P02939,-57.311956925870966,-7.191224466065194,vegetated,0.5895729660987854,-0.5710786581039429,0.2621999979019165,0.145249992609024
TAP_P02940,-56.69104473700517,-5.817560059286233,vegetated,0.7995091080665588,-0.6890088319778442,0.1469999998807907,0.062899999320507
TAP_P02941,-57.4910441337108,-4.904801444779642,vegetated,0.8260093927383423,-0.727333664894104,0.1746000051498413,0.0711499974131584
TAP_P02942,-56.333272780040296,-6.117979792884014,vegetated,0.8493193984031677,-0.7337537407875061,0.1706500053405761,0.0697999969124794
TAP_P02944,-56.68735380809295,-7.598590633466932,vegetated,0.8306898474693298,-0.7331700921058655,0.1504500061273574,0.063799999654293
TAP_P02946,-56.88701768267583,-7.068251194361867,vegetated,0.8059356808662415,-0.7007193565368652,0.1949499994516372,0.0876000002026557
TAP_P02947,-57.1554593084397,-7.082481532757852,vegetated,0.8368121385574341,-0.7292670011520386,0.1451999992132187,0.0553000010550022
TAP_P02948,-56.50395721954704,-6.993869304559367,vegetated,0.7774128913879395,-0.6791519522666931,0.2120999991893768,0.1004000008106231
TAP_P02949,-56.2321234883742,-6.736414455124642,vegetated,0.8258106112480164,-0.7133846282958984,0.1499000042676925,0.065700002014637
TAP_P02950,-56.91227253764088,-5.748125336011571,vegetated,0.8701515197753906,-0.751073956489563,0.168950006365776,0.0696000009775161
TAP_P02951,-57.24271130937888,-5.914541462036789,vegetated,0.7872006297111511,-0.6969309449195862,0.1799000054597854,0.0829000025987625
TAP_P02952,-56.88196208796251,-6.080217089796851,vegetated,0.852867841720581,-0.7515432238578796,0.1255999952554702,0.0498000010848045
TAP_P02953,-56.92390806682275,-5.747581184570927,vegetated,0.7978495359420776,-0.7094607949256897,0.1904399991035461,0.0832500010728836
TAP_P02954,-56.58549100773677,-7.336209942806233,vegetated,0.8290739059448242,-0.721816897392273,0.1560000032186508,0.0675999969244003
TAP_P02955,-57.445034004811326,-4.844359389610447,vegetated,0.8278871774673462,-0.7023293375968933,0.1614499986171722,0.0715999975800514
TAP_P02957,-56.18486815944521,-6.345594739147328,vegetated,0.8033427596092224,-0.7006439566612244,0.1454199999570846,0.0637200027704238
TAP_P02958,-56.00181606870458,-6.462397231760141,vegetated,0.8327205181121826,-0.7355084419250488,0.1190999969840049,0.0461499989032745
TAP_P02959,-56.91440874754988,-7.049803094932212,vegetated,0.8324192762374878,-0.727515459060669,0.1551200002431869,0.0654124990105629
TAP_P02961,-56.25618350514986,-6.697585480003361,vegetated,0.5999112129211426,-0.608035147190094,0.2184499949216842,0.1181000024080276
TAP_P02963,-57.12220540756091,-7.1441979471425565,vegetated,0.8450493812561035,-0.7434125542640686,0.1532000005245208,0.0649999976158142
TAP_P02964,-56.63687594573268,-7.852640760169437,vegetated,0.8241040706634521,-0.7224692702293396,0.1300999969244003,0.0575000010430812
TAP_P02965,-56.4572132029793,-6.330183927705173,vegetated,0.778178334236145,-0.6949313879013062,0.1546500027179718,0.0668499991297721
TAP_P02966,-57.35510041175287,-7.050126213982311,vegetated,0.8417635560035706,-0.7362037301063538,0.2179500013589859,0.097800001502037
TAP_P02967,-57.367402061093415,-5.165457743711703,bare — sandbar / spoil / tailings,0.121093712747097,-0.1073954850435257,0.0733999982476234,0.0423999987542629
TAP_P02968,-56.4196057050726,-7.326617373962309,vegetated,0.7989619374275208,-0.6935588121414185,0.1342000067234039,0.0583500005304813
TAP_P02969,-56.7373352840968,-5.660259020771744,vegetated,0.8593541979789734,-0.7523642778396606,0.1334999948740005,0.0551999993622303
TAP_P02970,-56.54695945317583,-6.803321482789176,vegetated,0.7998242378234863,-0.7112105488777161,0.1432500034570694,0.0606999993324279
TAP_P02971,-57.292105791936144,-7.178959145709069,vegetated,0.8416050672531128,-0.7356875538825989,0.1634999960660934,0.0666999965906143
TAP_P02972,-57.55520443174839,-6.926175946991609,vegetated,0.7347883582115173,-0.6555525064468384,0.1765999943017959,0.0834999978542327
TAP_P02973,-57.00922519531809,-7.261985012607357,vegetated,0.7998313903808594,-0.717408299446106,0.1927500069141388,0.0873000025749206
TAP_P02975,-57.39776789039872,-5.669845302567498,vegetated,0.8172237873077393,-0.7047611474990845,0.1475500017404556,0.0594500005245208
TAP_P02976,-56.86605761600553,-5.487087690854551,vegetated,0.8461084365844727,-0.7167946696281433,0.1726333349943161,0.069300003349781
TAP_P02977,-57.01729026586657,-7.116771975042992,vegetated,0.8692106604576111,-0.7659782767295837,0.1679500043392181,0.0734499990940094
TAP_P02978,-57.57963958467519,-6.860193651841138,vegetated,0.4563729166984558,-0.5062634944915771,0.2904500067234039,0.1657000035047531
TAP_P02979,-56.42625822358049,-6.81709177605116,vegetated,0.81343013048172,-0.7103694677352905,0.1515000015497207,0.069700002670288
TAP_P02982,-56.52863487929314,-7.003445423285707,vegetated,0.7764102816581726,-0.6665678024291992,0.1498000025749206,0.0640999972820282
TAP_P02983,-56.76591391631761,-7.553274170457456,bare — sandbar / spoil / tailings,0.073358803987503,-0.1142753139138221,0.3784500062465668,0.30239999294281
TAP_P02984,-57.42413775945301,-6.269115580374209,water / turbid pond,-0.2448233962059021,0.3102386593818664,0.046799998730421,0.0261000003665685
TAP_P02985,-57.2777307446824,-7.198128468195311,vegetated,0.8495174646377563,-0.7394574880599976,0.1638000011444091,0.0704500004649162
TAP_P02986,-56.62178406566686,-5.516103898104119,vegetated,0.8247458934783936,-0.7031568884849548,0.1535000056028366,0.0689999982714653
TAP_P02987,-55.99032573510283,-6.1949786395356,vegetated,0.6006492972373962,-0.5446528196334839,0.2423499971628189,0.1273999959230423
TAP_P02988,-57.34553733912044,-6.517164174489976,vegetated,0.8071334362030029,-0.7158503532409668,0.1513999998569488,0.0623000003397464
TAP_P02989,-57.176031885809614,-7.027959549172773,vegetated,0.8538584113121033,-0.7386481761932373,0.1831000000238418,0.0772000029683113
TAP_P02990,-56.57333459380495,-5.426311013425619,vegetated,0.8557894229888916,-0.7536687850952148,0.1425500065088272,0.0583500005304813
TAP_P02991,-56.97252054023915,-7.360608715716088,vegetated,0.8277087211608887,-0.71363765001297,0.1589999943971634,0.069300003349781
TAP_P02992,-57.43416302441045,-6.249887835142951,vegetated,0.8050854802131653,-0.6897371411323547,0.1665499955415725,0.0695500001311302
TAP_P02993,-56.8684747702353,-7.032414830601289,vegetated,0.4818739593029022,-0.505311906337738,0.319599986076355,0.1870999932289123
TAP_P02995,-56.658531900822354,-6.94961269365908,vegetated,0.8041085004806519,-0.6566785573959351,0.1601999998092651,0.067900002002716
TAP_P02996,-57.17355133092154,-7.250413051011079,vegetated,0.802605390548706,-0.6993433833122253,0.1663500070571899,0.0734999999403953
TAP_P02997,-56.45680489477029,-5.712206117835958,vegetated,0.8409090638160706,-0.7190533876419067,0.1568000018596649,0.0632999986410141
TAP_P02999,-57.463493258246,-4.964620931512804,vegetated,0.8103612661361694,-0.7034528851509094,0.1526499986648559,0.0644999966025352
TAP_P03000,-56.61970182181728,-6.835865399052795,vegetated,0.817107617855072,-0.6993579864501953,0.161200001835823,0.0692000016570091
TAP_P03001,-56.723832856082566,-7.585489806901651,vegetated,0.7803261876106262,-0.6912949085235596,0.1296499967575073,0.0539500005543231
TAP_P03003,-57.4410191136521,-5.118675749220058,vegetated,0.7629382014274597,-0.6324726343154907,0.1650000065565109,0.0707999989390373
TAP_P03006,-57.35062487809062,-7.046435078304977,vegetated,0.8126475811004639,-0.7066805958747864,0.1849000006914138,0.0744000002741813
TAP_P03008,-56.62822594956275,-7.483147569018739,vegetated,0.8338821530342102,-0.7323934435844421,0.1309500038623809,0.0527999997138977
TAP_P03009,-57.35854116559451,-5.854418411173663,vegetated,0.8082897663116455,-0.6895440816879272,0.1755499988794326,0.0796499997377395
TAP_P03010,-56.89452824130674,-6.703008849532464,vegetated,0.8257686495780945,-0.7232357859611511,0.1439999938011169,0.0599999986588954
TAP_P03011,-56.8727953565,-5.566261442061868,vegetated,0.8369979858398438,-0.7122049331665039,0.159400001168251,0.064300000667572
TAP_P03014,-56.74642289068197,-7.586310710216288,vegetated,0.8300290703773499,-0.7163453698158264,0.1446499973535537,0.0612500011920928
TAP_P03016,-57.02667669594901,-6.653025260413775,bare — sandbar / spoil / tailings,0.281798243522644,-0.2218885570764541,0.1289999932050705,0.0718000009655952
TAP_P03018,-56.71100002052496,-7.599620637078916,vegetated,0.8252029418945312,-0.7072577476501465,0.1362500041723251,0.059749998152256
TAP_P03019,-56.46689580423803,-6.943386292144831,water / turbid pond,-0.094437263906002,0.1559055298566818,0.1394000053405761,0.0759000033140182
TAP_P03020,-57.02457517771076,-7.267168284863511,vegetated,0.7607248425483704,-0.667119026184082,0.1656000018119812,0.0684499964118003
TAP_P03021,-56.7227796841945,-6.635418413407175,vegetated,0.8157567977905273,-0.7215378880500793,0.1793999969959259,0.0754500031471252
TAP_P03022,-56.70007563810484,-7.620151131785081,vegetated,0.740485668182373,-0.6543065905570984,0.1641999930143356,0.0754999965429306
TAP_P03023,-57.04120062387455,-7.161908174107444,vegetated,0.7721866369247437,-0.7036179304122925,0.2000000029802322,0.0993999987840652
TAP_P03025,-57.53833596010392,-6.555231974792394,vegetated,0.8254648447036743,-0.7112930417060852,0.159400001168251,0.0671499967575073
TAP_P03026,-57.40663787775976,-5.973894195581376,vegetated,0.8121610879898071,-0.7018144726753235,0.1701499968767166,0.0716499984264373
TAP_P03027,-56.24662376349321,-6.70394213571175,vegetated,0.7880608439445496,-0.6990724205970764,0.1465000063180923,0.0666999965906143
TAP_P03028,-56.732075098276034,-7.8817779467266735,vegetated,0.715440571308136,-0.6222076416015625,0.1797000020742416,0.090499997138977
TAP_P03030,-56.614650459993406,-7.321290013369029,vegetated,0.6354272365570068,-0.5768680572509766,0.1712000072002411,0.078575000166893
TAP_P03031,-57.1872137037007,-7.370448696735257,vegetated,0.8871410489082336,-0.7635947465896606,0.1800999939441681,0.0755999982357025
TAP_P03034,-57.45554398363373,-6.15814194700392,vegetated,0.5422206521034241,-0.4994077980518341,0.1675000041723251,0.0822999998927116
TAP_P03036,-56.82941925952413,-5.449928319951611,vegetated,0.8007126450538635,-0.6956783533096313,0.1550499945878982,0.0653999969363212
TAP_P03037,-57.21519142749171,-7.201543859512348,vegetated,0.8238537311553955,-0.7423190474510193,0.1649499982595443,0.0708499997854232
TAP_P03038,-56.9211679933737,-7.137668009170435,vegetated,0.8115518093109131,-0.7152634263038635,0.1801500022411346,0.0838499963283538
TAP_P03039,-57.11458595650158,-5.61629468720793,water / turbid pond,-0.131537988781929,0.0746976658701896,0.1692000031471252,0.1076000034809112
TAP_P03045,-57.38883952007921,-5.684695649061042,vegetated,0.8209227919578552,-0.7202314734458923,0.164000004529953,0.0683000013232231
TAP_P03046,-57.17408453279484,-7.354710240145152,vegetated,0.7909793853759766,-0.6926063299179077,0.1062000021338462,0.0502999983727932
TAP_P03047,-57.53723764612379,-5.221962086572511,vegetated,0.8324121236801147,-0.715168833732605,0.2037000060081482,0.0930999964475631
TAP_P03048,-56.86041404689208,-7.212834238102136,vegetated,0.3816425204277038,-0.2680464088916778,0.147499993443489,0.068800002336502
TAP_P03049,-57.588126377812685,-5.217464183227029,vegetated,0.7617526054382324,-0.664409339427948,0.1991000026464462,0.094200000166893
TAP_P03050,-56.73732512342105,-7.701047138188777,vegetated,0.8065192103385925,-0.7109886407852173,0.1660500019788742,0.0684999972581863
TAP_P03051,-56.4380629496659,-6.953783672560985,vegetated,0.8309471011161804,-0.7175172567367554,0.1578499972820282,0.0639500021934509
TAP_P03052,-56.56158891209547,-7.057394791068684,vegetated,0.8596599698066711,-0.7462915778160095,0.1482000052928924,0.0608999989926815
TAP_P03053,-56.05829074778567,-6.340883312124893,vegetated,0.3544926345348358,-0.3442972898483276,0.1671571433544159,0.0928499996662139
TAP_P03054,-57.9836733678936,-5.950939691184989,vegetated,0.7873892784118652,-0.6631524562835693,0.1787000000476837,0.0794999971985817
TAP_P03055,-56.91922421279003,-6.884759641946409,vegetated,0.80195152759552,-0.6957160234451294,0.1527999937534332,0.0676333308219909
TAP_P03056,-57.34817644394703,-7.155359501906418,vegetated,0.872811496257782,-0.7606168985366821,0.16805000603199,0.0715999975800514
TAP_P03059,-56.75607680931013,-7.305018732869018,vegetated,0.8336079716682434,-0.7179128527641296,0.1228000000119209,0.0494000017642974
TAP_P03060,-57.00156556527329,-7.100100479435625,vegetated,0.6994709372520447,-0.6607378125190735,0.2264000028371811,0.124949999153614
TAP_P03061,-56.53542946826408,-7.048399133646215,vegetated,0.5830106139183044,-0.5828922390937805,0.2553499937057495,0.1471000015735626
TAP_P03063,-56.81222708672853,-7.100734795983598,vegetated,0.8125046491622925,-0.7060627937316895,0.1500000059604644,0.062449999153614
TAP_P03065,-57.44798125930947,-6.156963053396461,vegetated,0.806641161441803,-0.717574417591095,0.1783999949693679,0.0794000029563903
TAP_P03067,-56.34471888642226,-7.393249230136151,vegetated,0.8655804395675659,-0.7576932311058044,0.1492999941110611,0.0615999996662139
TAP_P03068,-57.36395530866181,-6.149333600178892,vegetated,0.8265339732170105,-0.7263666391372681,0.1601500064134597,0.0663499981164932
TAP_P03069,-57.51927812507604,-5.1758633220895724,bare — sandbar / spoil / tailings,0.1012188866734504,-0.1502920687198639,0.4079000055789947,0.3325999975204468
TAP_P03072,-57.39517072310926,-6.979242295020497,vegetated,0.8244537711143494,-0.7265279293060303,0.1506000012159347,0.0635000020265579
TAP_P03074,-55.30262842933831,-6.0187863906224415,vegetated,0.7961654663085938,-0.7076326012611389,0.1713999956846237,0.0860999971628189
TAP_P03075,-57.3834128650573,-5.831100742335596,vegetated,0.7733117341995239,-0.6732820272445679,0.1872999966144561,0.0885500013828277
TAP_P03077,-57.06600337226399,-5.737485973278594,bare — sandbar / spoil / tailings,0.2410135418176651,-0.2764771580696106,0.162100002169609,0.0907000005245208
TAP_P03078,-57.409494309249126,-5.100104177676082,vegetated,0.8351473808288574,-0.739340603351593,0.1780000030994415,0.0733499974012374
TAP_P03080,-56.29662087432271,-7.330667575498798,vegetated,0.6058540344238281,-0.5862208604812622,0.2300000041723251,0.1172000020742416
TAP_P03082,-56.90689094097746,-5.551265870048979,vegetated,0.7941440939903259,-0.6826043128967285,0.1592500060796737,0.0650499984622001
TAP_P03084,-56.693665265579526,-7.784012635510349,vegetated,0.8735332489013672,-0.7707948088645935,0.1337999999523162,0.0533999986946582
TAP_P03086,-56.96969838269396,-7.135222827068005,vegetated,0.7908919453620911,-0.7059202194213867,0.1999666690826416,0.0931800007820129
TAP_P03087,-56.91169111167489,-7.133071692607718,vegetated,0.8050030469894409,-0.6981464624404907,0.1349499970674514,0.0567100010812282
TAP_P03088,-56.18503536640467,-6.345505304012533,vegetated,0.8176257014274597,-0.681474506855011,0.1454199999570846,0.0637200027704238
TAP_P03089,-56.88365606283182,-5.531251374413181,vegetated,0.8419906497001648,-0.7322834730148315,0.1607999950647354,0.0662000030279159
TAP_P03091,-57.29586787150998,-7.163181118810615,vegetated,0.840728759765625,-0.7251989245414734,0.1624000072479248,0.067500002682209
TAP_P03092,-57.35291407749564,-6.525106234643376,vegetated,0.8368600606918335,-0.7325024008750916,0.163000002503395,0.065200001001358
TAP_P03093,-57.33317241771883,-7.123744246433572,vegetated,0.8503210544586182,-0.7570412755012512,0.1582500040531158,0.0663499981164932
TAP_P03094,-56.87742445443494,-7.130150031280596,vegetated,0.8125177025794983,-0.6972612738609314,0.1458999961614608,0.0601000003516674
TAP_P03096,-55.99385647062099,-6.193766398935662,bare — sandbar / spoil / tailings,0.0423529259860515,-0.2161904871463775,0.1129999980330467,0.0445000007748603
TAP_P03097,-57.08162591792735,-7.305824402512563,vegetated,0.8438435196876526,-0.7430306673049927,0.1551499962806701,0.0662000030279159
TAP_P03098,-56.63447532066469,-7.826970809010295,vegetated,0.8597508668899536,-0.7461307644844055,0.1713500022888183,0.0715000033378601
TAP_P03099,-56.45246704676753,-6.879631907917656,vegetated,0.8307658433914185,-0.721316933631897,0.1539500057697296,0.0675999969244003
TAP_P03100,-57.36329353378407,-6.13061802459483,vegetated,0.4345420300960541,-0.4735689461231231,0.294950008392334,0.1908500045537948
TAP_P03101,-56.58746595538663,-7.245394621875967,vegetated,0.774775505065918,-0.6909710168838501,0.1614499986171722,0.0716999992728233
TAP_P03102,-57.31164591128368,-7.178645177770668,vegetated,0.8116518259048462,-0.7153250575065613,0.1530999988317489,0.0644500032067298
TAP_P03104,-56.85671443834623,-7.1013422041692005,vegetated,0.8516497015953064,-0.7345220446586609,0.1499000042676925,0.061999998986721
TAP_P03105,-56.47918293441512,-7.009077397477358,vegetated,0.8404940962791443,-0.7280099987983704,0.1534000039100647,0.0654999986290931
TAP_P03106,-56.43459830120173,-5.734610888928921,vegetated,0.7006390690803528,-0.6386083364486694,0.2416000068187713,0.1270000040531158
TAP_P03107,-57.52820641152794,-5.1106651632823175,vegetated,0.7670323848724365,-0.6606168746948242,0.1435000002384185,0.0608499981462955
TAP_P03108,-56.83960721207385,-5.76662755435163,vegetated,0.8419942855834961,-0.7071611285209656,0.1712500005960464,0.0726500004529953
TAP_P03109,-57.42149045581822,-5.653813071718623,vegetated,0.7623031139373779,-0.6703967452049255,0.2020999938249588,0.1027999967336654
TAP_P03111,-56.76019721190185,-7.456593616005004,vegetated,0.8063561320304871,-0.684503436088562,0.1392499953508377,0.0636000037193298
TAP_P03112,-57.43821387922587,-6.288736119544451,vegetated,0.7525455355644226,-0.6655718684196472,0.2197500020265579,0.1049500033259391
TAP_P03113,-56.66336937827971,-7.107697577668285,vegetated,0.8272925615310669,-0.7012632489204407,0.1510999947786331,0.0644000023603439
TAP_P03114,-57.34237278325589,-6.197506244841083,vegetated,0.8540913462638855,-0.7562374472618103,0.1625999957323074,0.065200001001358
TAP_P03115,-57.57954861524973,-5.567294548189729,vegetated,0.7345432043075562,-0.6211401224136353,0.2007499933242797,0.0965500026941299
TAP_P03116,-56.72633995136262,-6.684334167594804,vegetated,0.7559314966201782,-0.6551353931427002,0.1761000007390976,0.0746000036597251
TAP_P03118,-57.001374070443525,-6.994208287890443,vegetated,0.8206727504730225,-0.7286528944969177,0.1512999981641769,0.065700002014637
TAP_P03120,-56.82923693599838,-7.115020888787797,vegetated,0.7928197383880615,-0.68438321352005,0.1307000070810318,0.0566999986767768
TAP_P03121,-56.498513547134095,-7.608725825466529,vegetated,0.7858988046646118,-0.6996634602546692,0.1712500005960464,0.0753500014543533
TAP_P03122,-56.75501036803425,-7.540251327928074,vegetated,0.805770993232727,-0.7020484209060669,0.1418000012636184,0.0577999986708164
TAP_P03124,-56.3095895786963,-6.531855396341845,vegetated,0.8650815486907959,-0.7558886408805847,0.1733999997377395,0.0781999975442886
TAP_P03125,-57.160612111917445,-5.510449621910496,vegetated,0.7947959899902344,-0.7003055214881897,0.149399995803833,0.0641999989748001
TAP_P03127,-57.41101763755192,-6.055483404663506,vegetated,0.8284907341003418,-0.7173050045967102,0.1658499985933303,0.067900002002716
TAP_P03130,-56.44855233460867,-6.974872344377253,vegetated,0.834467887878418,-0.720815122127533,0.2042499929666519,0.091899998486042
TAP_P03131,-56.99595047158291,-6.903193121292472,vegetated,0.6335641145706177,-0.6070556044578552,0.2039850056171417,0.1096266657114029
TAP_P03132,-57.50060811919289,-4.996359624921214,vegetated,0.6954970955848694,-0.6551724076271057,0.1768999993801117,0.0832000002264976
TAP_P03133,-56.65121276151989,-7.544126855050176,vegetated,0.8277295231819153,-0.7171470522880554,0.1303000003099441,0.0531000010669231
TAP_P03134,-56.68736483709733,-6.636061611411179,vegetated,0.7604314684867859,-0.6542474031448364,0.1775999963283538,0.0817999988794326
TAP_P03135,-56.32627074221492,-7.297875580940653,vegetated,0.8192198276519775,-0.7149848341941833,0.1418000012636184,0.0636499971151351
TAP_P03136,-57.45185832460424,-5.288540741821572,vegetated,0.7438830733299255,-0.6461538672447205,0.1712999939918518,0.0731000006198883
TAP_P03137,-56.92599805197634,-5.597827546206414,vegetated,0.8498858213424683,-0.7406108975410461,0.1626999974250793,0.0678000003099441
TAP_P03140,-56.99934127765496,-7.112200545108308,vegetated,0.6831050515174866,-0.5991323590278625,0.1890999972820282,0.1043199971318245
TAP_P03141,-57.342340287683776,-6.194801720716053,vegetated,0.8438040614128113,-0.7426737546920776,0.155699998140335,0.0662999972701072
TAP_P03143,-56.85278843439742,-5.771749593815774,vegetated,0.8453042507171631,-0.7192065119743347,0.1863500028848648,0.0797500014305114
TAP_P03144,-55.85920322499657,-7.045570196382943,vegetated,0.8120185136795044,-0.7150775790214539,0.1605000048875808,0.0694999992847442
TAP_P03145,-56.71410922949308,-7.640681957382755,vegetated,0.8372933864593506,-0.7196035385131836,0.1546999961137771,0.062899999320507
TAP_P03146,-56.7178790707093,-5.610715530781203,vegetated,0.775768518447876,-0.6710153222084045,0.1406999975442886,0.0581000000238418
TAP_P03147,-56.535642497808034,-7.0692361826349845,vegetated,0.8457533121109009,-0.7244898080825806,0.1394000053405761,0.0590999983251094
TAP_P03149,-56.54528476099414,-6.553740215734876,vegetated,0.7804610133171082,-0.6842105388641357,0.1680999994277954,0.0768000036478042
TAP_P03150,-57.344069844310624,-6.1860228287562204,vegetated,0.8462343215942383,-0.7405858039855957,0.1695999950170517,0.0696000009775161
TAP_P03153,-57.40238643148971,-6.0650110170534095,vegetated,0.7905222177505493,-0.6903461217880249,0.1641000062227249,0.0710999965667724
TAP_P03155,-56.66253657346538,-7.6259147604956175,vegetated,0.8228663206100464,-0.7297908663749695,0.145699992775917,0.0627000033855438
TAP_P03156,-56.14720122330479,-6.74391157457018,vegetated,0.6526713967323303,-0.6402679085731506,0.2220499962568283,0.1131500005722045
TAP_P03158,-56.99775359869354,-7.403835709294261,vegetated,0.8526251316070557,-0.745597243309021,0.1488000005483627,0.0623000003397464
TAP_P03159,-56.66298700080122,-7.846643526723899,water / turbid pond,-0.1773941218852996,0.2580387592315674,0.0305499993264675,0.0208500009030103
TAP_P03160,-56.33942037885643,-7.313489606525566,vegetated,0.8342002630233765,-0.726475715637207,0.1354800015687942,0.0564333349466323
TAP_P03161,-57.61196033349644,-6.882443067081905,vegetated,0.311756283044815,-0.3315290808677673,0.1808999925851822,0.0995000004768371
TAP_P03162,-57.060123226059765,-5.7427607245549215,vegetated,0.844119131565094,-0.7444807291030884,0.1500499993562698,0.0606000013649463
TAP_P03163,-56.69074616038862,-7.764853036085578,vegetated,0.6713438034057617,-0.6184486746788025,0.2375999987125396,0.120899997651577
TAP_P03165,-57.28449054353727,-5.797812358301662,vegetated,0.8028082847595215,-0.7119113206863403,0.1608999967575073,0.0698999986052513
TAP_P03167,-57.02981654082231,-5.787040833118846,vegetated,0.8424693942070007,-0.7257601618766785,0.1767999976873397,0.0736000016331672
TAP_P03168,-56.69974647748237,-7.279348016660094,vegetated,0.8136604428291321,-0.7088931798934937,0.1377999931573867,0.0573000013828277
TAP_P03170,-56.52994868539734,-6.152027787867046,vegetated,0.813206672668457,-0.7128196954727173,0.1380500048398971,0.0573499985039234
TAP_P03172,-57.94302612177431,-6.000271298849229,vegetated,0.8234920501708984,-0.7189358472824097,0.1597999930381775,0.0667999982833862
TAP_P03175,-56.496263208680354,-6.316745969103132,vegetated,0.8388329148292542,-0.7249508500099182,0.1356000006198883,0.0586999990046024
TAP_P03177,-56.76810798063509,-7.350665325411927,vegetated,0.3308694958686828,-0.3380675315856933,0.1356499940156936,0.0621000006794929
TAP_P03178,-56.51103161414775,-5.7622270957595605,vegetated,0.7630507946014404,-0.6970410943031311,0.1488499939441681,0.0645499974489212
TAP_P03182,-56.701648455422486,-5.656866135467989,vegetated,0.8263849020004272,-0.7205078601837158,0.1376499980688095,0.0611499994993209
TAP_P03183,-56.28911480998232,-7.26126877958091,vegetated,0.8029925227165222,-0.7092844843864441,0.1388999968767166,0.0621000006794929
TAP_P03184,-56.18529926108276,-6.801134753048351,vegetated,0.8597733974456787,-0.7576974630355835,0.1577000021934509,0.0663999989628791
TAP_P03185,-56.30426802971471,-7.262123339813889,vegetated,0.8082754611968994,-0.7013733983039856,0.1435000002384185,0.0601250007748603
TAP_P03186,-55.99195725893578,-6.184212465173423,vegetated,0.8591413497924805,-0.762842059135437,0.1544000059366226,0.0636000037193298
TAP_P03187,-56.929112649522,-7.042189788841979,vegetated,0.8061851263046265,-0.6905438899993896,0.189750000834465,0.0850749984383583
TAP_P03188,-56.82025259846723,-5.427758587021166,vegetated,0.8247838616371155,-0.7235047221183777,0.148399993777275,0.0653999969363212
TAP_P03189,-57.14943357073961,-5.168894195392534,vegetated,0.8163265585899353,-0.7242920994758606,0.1425999999046325,0.0617999993264675
TAP_P03190,-56.717975051209805,-7.069972124615901,vegetated,0.7987692356109619,-0.7087500095367432,0.1633999943733215,0.0684999972581863
TAP_P03191,-56.98543318476493,-7.024540455208111,vegetated,0.8813357353210449,-0.7755246162414551,0.1361999958753585,0.0592000000178813
TAP_P03192,-56.64979045606052,-7.241522638263307,vegetated,0.8158319592475891,-0.7213740348815918,0.1284999996423721,0.0531000010669231
TAP_P03193,-57.465987432816135,-6.4470404984314325,vegetated,0.8270630836486816,-0.7415000200271606,0.1618999987840652,0.0653999969363212
TAP_P03194,-56.93195622170758,-7.0731604350593695,vegetated,0.8017416596412659,-0.6932337880134583,0.1626666635274887,0.0703400000929832
TAP_P03195,-56.730479197521234,-7.064402241420943,vegetated,0.8391082286834717,-0.7221759557723999,0.1465499997138977,0.0635500028729438
TAP_P03196,-57.57295621402009,-6.8821338887879175,vegetated,0.8139707446098328,-0.7180472016334534,0.1659500002861023,0.0689499974250793
TAP_P03197,-56.98161592829869,-7.061001533469701,vegetated,0.8428567051887512,-0.7441104650497437,0.1474500000476837,0.0618500001728534
TAP_P03199,-56.2979667060937,-6.656027873716043,vegetated,0.8268041014671326,-0.7003257274627686,0.1733999997377395,0.0753000006079673
TAP_P03201,-57.29178909883756,-5.800109190846061,vegetated,0.5448818206787109,-0.5216211080551147,0.2211499959230423,0.1142999976873397
TAP_P03202,-56.18575633740681,-6.726293738477506,vegetated,0.7728129029273987,-0.6839220523834229,0.1879000067710876,0.091399997472763
TAP_P03203,-57.52331578504794,-4.902412059201101,vegetated,0.5590898394584656,-0.5750988721847534,0.333950012922287,0.2229000031948089
TAP_P03204,-57.63704937793385,-5.180694781592816,vegetated,0.8282548785209656,-0.7270655035972595,0.1852999925613403,0.0782999992370605
TAP_P03205,-57.014816588524766,-7.3815802554455665,vegetated,0.8493885397911072,-0.7420574426651001,0.182449996471405,0.0797000005841255
TAP_P03206,-56.41587332127437,-7.2905848618966145,vegetated,0.8329532742500305,-0.7260438203811646,0.1465000063180923,0.063400000333786
TAP_P03207,-57.48640028967556,-6.537765934355732,vegetated,0.8145055174827576,-0.7002072334289551,0.1648000031709671,0.0692000016570091
TAP_P03208,-56.6713821952682,-7.615259170501504,vegetated,0.8372472524642944,-0.7286098003387451,0.1358000040054321,0.0557500012218952
TAP_P03209,-56.636504413787726,-5.66478269208606,vegetated,0.8181678652763367,-0.6990951895713806,0.1714999973773956,0.0710999965667724
TAP_P03212,-57.28416858217198,-7.115890089575938,vegetated,0.8415862917900085,-0.7468463778495789,0.1604499965906143,0.0683000013232231
TAP_P03213,-57.34970833308472,-7.158006045381703,vegetated,0.383824348449707,-0.3976123332977295,0.2038999944925308,0.134100005030632
TAP_P03215,-57.3814515225966,-7.15398600435463,vegetated,0.8340100646018982,-0.7410708069801331,0.1734499931335449,0.0748500004410743
TAP_P03217,-56.65734679020492,-7.610478426125495,vegetated,0.839532732963562,-0.7213930487632751,0.1545999944210052,0.064699999988079
TAP_P03218,-56.41425271693534,-6.8190831289560165,vegetated,0.843173086643219,-0.7336793541908264,0.1458999961614608,0.062899999320507
TAP_P03219,-57.33721165475061,-6.06160194692229,vegetated,0.8237783908843994,-0.7062698006629944,0.1925999969244003,0.0815000012516975
TAP_P03220,-57.4972050207879,-6.192276495202687,bare — sandbar / spoil / tailings,0.2001641988754272,-0.2438395470380783,0.1747000068426132,0.0999500006437301
TAP_P03221,-56.312404477624725,-6.70331068640461,vegetated,0.8108010292053223,-0.7092218399047852,0.1389999985694885,0.0612000003457069
TAP_P03222,-56.34457427401075,-7.391009582701731,vegetated,0.5250100493431091,-0.5475271344184875,0.2035499960184097,0.0961000025272369
TAP_P03225,-56.85331433885616,-5.470773342899958,vegetated,0.6643571853637695,-0.6074782609939575,0.1645999997854232,0.0820000022649765
TAP_P03226,-56.42111994856256,-7.32516825462858,vegetated,0.8583080172538757,-0.7599553465843201,0.1411000043153762,0.0615142844617366
TAP_P03227,-57.31334932919466,-7.081656545353661,vegetated,0.7129636406898499,-0.6488216519355774,0.1852000057697296,0.0954499989748001
TAP_P03228,-56.34472782464258,-6.1567167087992285,vegetated,0.752791702747345,-0.6544085144996643,0.1457999944686889,0.070200003683567
TAP_P03229,-56.940765200708434,-7.149264979926206,vegetated,0.8182291388511658,-0.7156049609184265,0.1555166691541671,0.0652333348989486
TAP_P03230,-56.54300062542952,-7.314869128401887,vegetated,0.7910897731781006,-0.6855429410934448,0.1389999985694885,0.0617999993264675
TAP_P03231,-56.95750510896812,-7.035231715049887,vegetated,0.810644805431366,-0.7050373554229736,0.1420000046491623,0.062449999153614
TAP_P03232,-56.51184302484223,-7.316361497289456,vegetated,0.7856085300445557,-0.6702214479446411,0.1659000068902969,0.0744000002741813
TAP_P03233,-56.29090767319901,-6.490504578245586,vegetated,0.7626847624778748,-0.6220588088035583,0.1127000004053115,0.0522999987006187
TAP_P03234,-56.923316634663365,-5.398085077556498,vegetated,0.8393348455429077,-0.7286142706871033,0.1535000056028366,0.0625500008463859
TAP_P03235,-56.64721746845457,-7.209275943767929,vegetated,0.8343456387519836,-0.7422459721565247,0.1552000045776367,0.065200001001358
TAP_P03236,-56.58724891620832,-5.738589467202038,vegetated,0.8266617655754089,-0.7264957427978516,0.1553000062704086,0.0648000016808509
TAP_P03237,-56.85036376590767,-5.698207096773444,vegetated,0.8272900581359863,-0.7298162579536438,0.155799999833107,0.0640999972820282
TAP_P03238,-56.791616867172586,-5.411550950873865,vegetated,0.7782293558120728,-0.6996123790740967,0.1639000028371811,0.0681999996304512
TAP_P03240,-57.11249234913414,-7.450144308092184,vegetated,0.8276163935661316,-0.7119077444076538,0.15344999730587,0.0649000033736229
TAP_P03241,-56.93958056849982,-7.371013470566264,vegetated,0.8181224465370178,-0.7124305963516235,0.1500000059604644,0.0640999972820282
TAP_P03242,-56.55264902689035,-6.912066361774398,vegetated,0.4658273458480835,-0.4172062873840332,0.2603000104427337,0.1867000013589859
TAP_P03245,-56.43943991612949,-6.95889924906114,vegetated,0.8364004492759705,-0.7272078990936279,0.1841000020503997,0.0756999999284744
TAP_P03247,-57.69719760110665,-5.511968293510755,vegetated,0.7835147976875305,-0.6805011630058289,0.1317999958992004,0.0533999986946582
TAP_P03249,-57.42288057769998,-6.149890912478215,vegetated,0.8334119915962219,-0.7192280888557434,0.1626999974250793,0.070150002837181
TAP_P03250,-56.65526655150202,-7.622652009057879,vegetated,0.799595296382904,-0.6910328269004822,0.130850002169609,0.0560999996960163
TAP_P03251,-57.00155136513679,-7.339359079953994,vegetated,0.7937726378440857,-0.704807698726654,0.152549996972084,0.0710999965667724
TAP_P03252,-57.33504893541258,-7.189046963349655,vegetated,0.8345391154289246,-0.730114758014679,0.1648000031709671,0.0699499994516372
TAP_P03253,-57.52289950460816,-6.908521221984527,vegetated,0.8214070796966553,-0.7335712313652039,0.1451999992132187,0.0610000006854534
TAP_P03254,-56.731427510403584,-6.680659394510647,vegetated,0.8150736093521118,-0.7062605023384094,0.1938499957323074,0.0841000005602836
TAP_P03256,-56.62242839476037,-7.825387174227766,bare — sandbar / spoil / tailings,-0.0614918246865272,-0.0170645024627447,0.0903000012040138,0.0525499992072582
TAP_P03258,-56.881187802748265,-5.531731115823087,vegetated,0.8078453540802002,-0.7111541032791138,0.1648000031709671,0.0714000016450882
TAP_P03259,-56.42559514275128,-6.169095329609479,vegetated,0.8224492073059082,-0.7234644889831543,0.1668000072240829,0.0698999986052513
TAP_P03260,-57.25638273009688,-7.164126413612161,vegetated,0.8463945984840393,-0.7603974342346191,0.1444499939680099,0.0568999983370304
TAP_P03261,-57.33730608813815,-6.158088992478263,vegetated,0.8423041105270386,-0.7424238324165344,0.190650001168251,0.0849500000476837
TAP_P03262,-56.46050481795466,-6.995609524981641,vegetated,0.8036409020423889,-0.7136445045471191,0.1840499937534332,0.0847999975085258
TAP_P03263,-56.66317998105191,-7.621550261551841,vegetated,0.8385055661201477,-0.7416393160820007,0.1464000046253204,0.0625
TAP_P03264,-55.29437912952413,-6.061205114167057,vegetated,0.790434718132019,-0.6847519278526306,0.1728000044822693,0.0784000009298324
TAP_P03265,-56.87010185050377,-7.076379215232556,vegetated,0.7629285454750061,-0.6454235315322876,0.1970999985933303,0.0895000025629997
TAP_P03266,-56.968594826029104,-7.14864654761612,vegetated,0.822409451007843,-0.7124961614608765,0.15706667304039,0.0651666671037674
TAP_P03267,-57.43139853755117,-6.244165267382924,vegetated,0.8460575938224792,-0.7455621361732483,0.1500000059604644,0.0568000003695488
TAP_P03269,-57.542985827545166,-5.212101824419467,vegetated,0.5895418524742126,-0.4741997718811035,0.1038499996066093,0.045499999076128
TAP_P03270,-57.37425623815022,-5.179041552019986,vegetated,0.8105823993682861,-0.701834499835968,0.159850001335144,0.0686499997973442
TAP_P03272,-57.500992111376256,-5.217529808593189,water / turbid pond,-0.3010309338569641,0.3785517811775207,0.1168000027537345,0.0744000002741813
TAP_P03273,-56.90766566260624,-7.008635963679281,vegetated,0.8437202572822571,-0.7371145486831665,0.1652999967336654,0.069700002670288
TAP_P03276,-56.51811871328873,-6.306848524720094,vegetated,0.837273120880127,-0.7237321734428406,0.1411499977111816,0.0599999986588954
TAP_P03277,-56.5299528648885,-7.054502497230312,vegetated,0.8411778807640076,-0.7124004364013672,0.1483000069856643,0.0599000006914138
TAP_P03278,-57.57860925421131,-5.558594395103775,vegetated,0.7884284853935242,-0.6769487857818604,0.1697500050067901,0.0737999975681305
TAP_P03280,-56.6576845440648,-7.675348804492835,vegetated,0.8565471768379211,-0.752345085144043,0.1429499983787536,0.0601000003516674
TAP_P03281,-57.29111451130378,-5.821744719811286,vegetated,0.5768740773200989,-0.5463144779205322,0.2243500053882599,0.1319500058889389
TAP_P03282,-56.14858020792708,-6.744573780561882,vegetated,0.7624257802963257,-0.6617885828018188,0.1571000069379806,0.0715999975800514
TAP_P03284,-56.73346725415268,-7.063380002834136,vegetated,0.818966805934906,-0.719955563545227,0.1708499938249588,0.0745000019669532
TAP_P03285,-57.16162501262825,-7.369223706968004,water / turbid pond,0.0233812890946865,0.0355932340025901,0.1076999977231025,0.0666999965906143
TAP_P03286,-57.00050116276094,-6.991861282515824,vegetated,0.8429775834083557,-0.7379465103149414,0.1663500070571899,0.0710999965667724
TAP_P03287,-56.99405104695357,-5.813103858329067,vegetated,0.8429918885231018,-0.7300576567649841,0.1715999990701675,0.0741999968886375
TAP_P03288,-56.385912107345526,-6.866587406385468,vegetated,0.8417984843254089,-0.7285751700401306,0.1301999986171722,0.0564000010490417
TAP_P03289,-56.6650349301686,-7.616938044680096,vegetated,0.8233670592308044,-0.7175043225288391,0.1288000047206878,0.0586000010371208
TAP_P03290,-56.63250969043099,-7.827774778312296,vegetated,0.4022784233093261,-0.2148433178663253,0.1155999973416328,0.0540499985218048
TAP_P03291,-57.2782873242737,-7.127279978943737,vegetated,0.8244419097900391,-0.7261532545089722,0.1668500006198883,0.0715999975800514
TAP_P03292,-56.86540735971106,-5.771539706141125,vegetated,0.7357392311096191,-0.654275119304657,0.1430999934673309,0.0654999986290931
TAP_P03293,-56.9591460414176,-7.154264227171207,vegetated,0.7829709649085999,-0.6995356678962708,0.153899997472763,0.0658499971032142
TAP_P03294,-57.24292458143503,-7.165677359856319,vegetated,0.8464853167533875,-0.7487983107566833,0.1691000014543533,0.0719999969005584
TAP_P03295,-57.28646713102069,-7.1220560097055055,vegetated,0.8159217238426208,-0.7114317417144775,0.1719000041484832,0.0750999972224235
TAP_P03297,-57.38054334130298,-5.99807245805905,vegetated,0.7933076620101929,-0.6947250366210938,0.1729999929666519,0.0723000019788742
TAP_P03298,-56.63348328254287,-7.590773094459863,vegetated,0.8128721714019775,-0.7370206713676453,0.1243000030517578,0.0533999986946582
TAP_P03299,-56.69709332522986,-5.934056760533853,vegetated,0.7479084134101868,-0.6511601805686951,0.1496499925851822,0.0658499971032142
TAP_P03300,-56.87793431742233,-5.569008822021983,vegetated,0.8041278719902039,-0.6974522471427917,0.145699992775917,0.0584999993443489
TAP_P03301,-56.72724784757885,-7.5835408468157475,vegetated,0.8170936703681946,-0.7190728783607483,0.152999997138977,0.0634500011801719
TAP_P03302,-56.91393994116872,-6.9609073353632525,vegetated,0.8426716327667236,-0.7366743087768555,0.1430599987506866,0.0599250011146068
TAP_P03308,-56.46160801842111,-6.323063511141785,vegetated,0.7471227645874023,-0.6683352589607239,0.1509000062942505,0.0658499971032142
TAP_P03309,-57.31196731880509,-7.175314883429703,vegetated,0.8520792722702026,-0.7352425456047058,0.1444000005722046,0.0595000013709068
TAP_P03310,-56.29300264589477,-6.380718260896619,vegetated,0.7881612181663513,-0.702157735824585,0.1794857084751129,0.0810625031590461
TAP_P03311,-56.31219145806133,-6.530223235341618,vegetated,0.8037480115890503,-0.7123491764068604,0.1903499960899353,0.0924500003457069
TAP_P03312,-57.57707859288597,-5.212177749682413,vegetated,0.833935022354126,-0.7393075227737427,0.178299993276596,0.0749000012874603
TAP_P03313,-56.03614267914346,-6.372927035161047,vegetated,0.8371596932411194,-0.7170778512954712,0.1827333271503448,0.0758928582072258
TAP_P03314,-57.15160697593669,-7.366360396707869,vegetated,0.8343868255615234,-0.7311310172080994,0.1448000073432922,0.0604000017046928
TAP_P03315,-56.43003100980187,-5.694513294778183,vegetated,0.8697802424430847,-0.7462874054908752,0.1623000055551529,0.068400003015995
TAP_P03316,-57.331660400631655,-7.150399594763467,vegetated,0.7821428775787354,-0.674787163734436,0.2472999989986419,0.1212000027298927
TAP_P03317,-56.75569293745557,-5.575311114900878,vegetated,0.8483731150627136,-0.7446220517158508,0.1763499975204467,0.0738999992609024
TAP_P03318,-56.89770986509127,-5.791446974158173,vegetated,0.807335376739502,-0.6940024495124817,0.189300000667572,0.0819000005722045
TAP_P03321,-57.27850955693757,-6.0911919101515375,vegetated,0.856219470500946,-0.7484130263328552,0.1719499975442886,0.0719500035047531
TAP_P03322,-56.540435145742485,-7.3252086449810365,vegetated,0.8574891686439514,-0.7443212866783142,0.1742500066757202,0.073433332145214
TAP_P03323,-57.13631448843403,-5.206720643042528,vegetated,0.8440567255020142,-0.730837345123291,0.1733999997377395,0.0715000033378601
TAP_P03325,-56.25501168837867,-6.691230956034273,water / turbid pond,-0.2030682265758514,0.2135728746652603,0.0412999987602233,0.0208000000566244
TAP_P03326,-57.06294972414978,-7.255082349545543,vegetated,0.8611360192298889,-0.7554230690002441,0.1519500017166137,0.064699999988079
TAP_P03327,-57.152597170329926,-7.396353416902593,vegetated,0.8530805706977844,-0.745431661605835,0.1597999930381775,0.0662999972701072
TAP_P03328,-55.91121018704,-6.197951334010817,vegetated,0.8066666722297668,-0.7336814403533936,0.1626999974250793,0.0662000030279159
TAP_P03329,-57.01225925359012,-7.480459302766053,vegetated,0.7653883099555969,-0.6898047924041748,0.1693000048398971,0.0772000029683113
TAP_P03330,-56.83723148374741,-5.461698671180409,vegetated,0.8402777910232544,-0.7116658091545105,0.1590999960899353,0.0662999972701072
TAP_P03331,-56.02403812489062,-6.435964511337002,vegetated,0.8072491884231567,-0.6924458742141724,0.1357374936342239,0.0563500002026557
TAP_P03334,-57.19371704341864,-7.37642954272219,vegetated,0.833436906337738,-0.7174991965293884,0.1386999934911728,0.0575000010430812
TAP_P03336,-56.61740339865077,-7.319689526453188,vegetated,0.818640947341919,-0.7158608436584473,0.1313499957323074,0.0527999997138977
TAP_P03337,-57.018006067912125,-5.7954162210337135,vegetated,0.8533660173416138,-0.7467249035835266,0.1793999969959259,0.0729999989271164
TAP_P03338,-56.70131687624832,-7.622281219724033,vegetated,0.8238765001296997,-0.7266589999198914,0.1428499966859817,0.0588000006973743
TAP_P03339,-56.71421247379346,-5.299669577530498,bare — sandbar / spoil / tailings,0.2403461784124374,-0.2236878871917724,0.2114000022411346,0.1377999931573867
TAP_P03340,-57.368888146704926,-5.720592138331946,vegetated,0.7948160767555237,-0.6934013366699219,0.1803500056266784,0.0764499977231025
TAP_P03341,-56.44566396912909,-6.814230552711748,vegetated,0.7937533855438232,-0.676171064376831,0.1578000038862228,0.0734999999403953
TAP_P03343,-57.53422121420648,-6.540693875963552,vegetated,0.819014310836792,-0.7289456129074097,0.1723999977111816,0.0741500034928321
TAP_P03346,-56.97316813006111,-7.008055402283628,vegetated,0.8302181363105774,-0.7242839336395264,0.1548999994993209,0.066050000488758
TAP_P03347,-56.30336088304929,-7.283865840001887,vegetated,0.8506144881248474,-0.7441759705543518,0.1621199995279312,0.0681499987840652
TAP_P03348,-55.406147349663385,-6.013632227119086,vegetated,0.8187435865402222,-0.7191489338874817,0.158500000834465,0.0694999992847442
TAP_P03349,-57.41549048469747,-6.236192180311936,vegetated,0.8358199596405029,-0.7306662201881409,0.155349999666214,0.0621000006794929
TAP_P03351,-57.43677571051404,-4.973655680506221,vegetated,0.7827211618423462,-0.6696478724479675,0.1500000059604644,0.064249999821186
TAP_P03353,-56.20258730459288,-6.880140361862892,vegetated,0.805432140827179,-0.6946919560432434,0.1469500064849853,0.063799999654293
TAP_P03354,-56.451200027194254,-6.938131457086209,vegetated,0.7975016236305237,-0.7039576172828674,0.181099995970726,0.091899998486042
TAP_P03355,-56.5878138112742,-7.7111474264243265,vegetated,0.8275108933448792,-0.7151974439620972,0.1510999947786331,0.0615999996662139
TAP_P03357,-56.19858581934122,-6.064303205435786,vegetated,0.810181200504303,-0.7077736854553223,0.1337999999523162,0.0604000017046928
TAP_P03358,-56.720726147784426,-7.642607498180257,vegetated,0.3010407984256744,-0.328566700220108,0.2384999990463256,0.1805000007152557
TAP_P03359,-57.46678643964189,-5.691647888687058,vegetated,0.8217971324920654,-0.7043902277946472,0.1844000071287155,0.0781000033020973
TAP_P03360,-57.51209420300424,-5.035826379924199,vegetated,0.8111710548400879,-0.6985355019569397,0.1751500070095062,0.0769499987363815
TAP_P03361,-57.29160239769958,-7.18027079568127,vegetated,0.8459926843643188,-0.7320419549942017,0.1420000046491623,0.0603000000119209
TAP_P03362,-57.42360336968063,-6.938597053372798,vegetated,0.7847263813018799,-0.7023255825042725,0.1596000045537948,0.0680999979376792
TAP_P03363,-57.02022982948397,-7.26597379212988,vegetated,0.8494661450386047,-0.7385421991348267,0.1394000053405761,0.0582499988377094
TAP_P03364,-57.06239436322606,-5.755274982179123,vegetated,0.8678967356681824,-0.7631005644798279,0.1546500027179718,0.0667999982833862
TAP_P03365,-56.38446076327566,-6.480372270680304,vegetated,0.5681716799736023,-0.5433347821235657,0.1882999986410141,0.1181000024080276
TAP_P03367,-56.88696919356283,-5.702597441114791,vegetated,0.8172526955604553,-0.7015020251274109,0.1577499955892563,0.0652500018477439
TAP_P03368,-57.1582963309729,-7.072549793622475,vegetated,0.8495177030563354,-0.7531969547271729,0.1715999990701675,0.0737000033259391
TAP_P03369,-57.17996630781581,-7.303491024247514,vegetated,0.8269482254981995,-0.7214149236679077,0.1243000030517578,0.050500001758337
TAP_P03370,-57.45848021316014,-6.2023466498592414,vegetated,0.8375253677368164,-0.7232444286346436,0.2059500068426132,0.0930999964475631
TAP_P03372,-57.34375684930925,-6.536634292103278,vegetated,0.8044784069061279,-0.700286328792572,0.164000004529953,0.0728999972343444
TAP_P03373,-56.72089057244896,-6.782058717363766,vegetated,0.8277886509895325,-0.7375483512878418,0.1891999989748001,0.0855000019073486
TAP_P03376,-57.05792689516959,-5.791305241762883,vegetated,0.790517270565033,-0.7152077555656433,0.2120999991893768,0.095100000500679
TAP_P03378,-56.350676306497846,-7.293426536345999,vegetated,0.8400227427482605,-0.7330187559127808,0.1647499948740005,0.0695785731077194
TAP_P03380,-56.938147832609225,-5.328515442256639,vegetated,0.7799264192581177,-0.6828872561454773,0.1483000069856643,0.0667499974370002
TAP_P03381,-56.24104079708113,-6.792691460914852,vegetated,0.8386359214782715,-0.7375504374504089,0.1718499958515167,0.0754500031471252
TAP_P03383,-57.006774200997405,-6.68600474994255,vegetated,0.6882591247558594,-0.6068023443222046,0.1812999993562698,0.0944999977946281
TAP_P03385,-56.684973271727365,-7.639540465787891,vegetated,0.8559302687644958,-0.7448314428329468,0.1321000009775161,0.0542499981820583
TAP_P03386,-56.92249897565917,-7.080371009769964,vegetated,0.8480641841888428,-0.7349985837936401,0.1561166644096374,0.0674400031566619
TAP_P03387,-55.914055576653205,-6.200906952931084,vegetated,0.6713965535163879,-0.5929609537124634,0.1469999998807907,0.0706999972462654
TAP_P03388,-55.95146456116156,-6.213671684192529,vegetated,0.8295609951019287,-0.7229101061820984,0.1349000036716461,0.0560999996960163
TAP_P03389,-56.165048492210495,-5.8426811982092834,vegetated,0.7611465454101562,-0.6446754336357117,0.1700000017881393,0.0815000012516975
TAP_P03390,-56.66970606031874,-5.798836796798502,vegetated,0.8187702298164368,-0.7019251585006714,0.1615999937057495,0.0654999986290931
TAP_P03391,-56.99856259928106,-6.906441567326801,vegetated,0.841148316860199,-0.7360277771949768,0.1430500000715255,0.0584399998188018
TAP_P03392,-56.456349807411264,-5.726901376284551,vegetated,0.5226375460624695,-0.3780205845832824,0.1995999962091446,0.1171000003814697
TAP_P03393,-57.12179420842118,-7.424730979171652,vegetated,0.8337100744247437,-0.7392752766609192,0.148499995470047,0.064750000834465
TAP_P03396,-56.70238040493179,-5.671839196418823,vegetated,0.8503708839416504,-0.7458563446998596,0.147499993443489,0.0615999996662139
TAP_P03397,-56.72970133095303,-7.110024060239305,vegetated,0.8247588872909546,-0.7120528817176819,0.1562999933958053,0.066600002348423
TAP_P03399,-56.93002534220845,-7.002414613610548,vegetated,0.8354354500770569,-0.7284407019615173,0.1417499929666519,0.0579750016331672
TAP_P03400,-57.14764337933483,-7.289775635520661,vegetated,0.8544909954071045,-0.7359732985496521,0.152099996805191,0.0617999993264675
TAP_P03402,-56.92822848065049,-7.002270237000935,vegetated,0.8023573756217957,-0.6965518593788147,0.1281666606664657,0.0518375001847744
TAP_P03403,-57.040196796310894,-5.512232007529496,vegetated,0.8495702147483826,-0.7340055108070374,0.1649499982595443,0.0693999975919723
TAP_P03406,-56.75585196652386,-5.750197542053816,vegetated,0.7005427479743958,-0.6409260034561157,0.155249997973442,0.0705000013113021
TAP_P03408,-57.08390680478343,-5.558156898973102,vegetated,0.8125165104866028,-0.700348436832428,0.1653999984264373,0.0662000030279159
TAP_P03409,-56.71506036714187,-7.6382038866647965,vegetated,0.7952356338500977,-0.7226729989051819,0.1656000018119812,0.070150002837181
TAP_P03411,-55.99949736506464,-6.176266882079596,vegetated,0.8434547781944275,-0.738095223903656,0.1569000035524368,0.063400000333786
TAP_P03412,-57.55517116115748,-6.553647135601411,vegetated,0.8532580733299255,-0.7451106905937195,0.1879000067710876,0.0776999965310096
TAP_P03413,-56.71828964080971,-7.537750689146215,vegetated,0.7412342429161072,-0.6727977395057678,0.1500000059604644,0.0671499967575073
TAP_P03415,-57.45494265623047,-4.946643396409875,vegetated,0.825581431388855,-0.703281819820404,0.1849000006914138,0.0820000022649765
TAP_P03417,-57.495733464646605,-5.155697176044847,vegetated,0.8306958079338074,-0.7188737392425537,0.1812999993562698,0.0756999999284744
TAP_P03418,-57.4517068801771,-5.291218222948919,vegetated,0.7386703491210938,-0.6477533578872681,0.18469999730587,0.0841000005602836
TAP_P03419,-56.712166371830655,-5.613259630787473,vegetated,0.7905504107475281,-0.6942082047462463,0.1526000052690506,0.0672999992966651
TAP_P03420,-56.697431457436686,-7.227651721830819,vegetated,0.8115941882133484,-0.7003929018974304,0.1705999970436096,0.0780000016093254
TAP_P03421,-56.61844295438685,-7.320074949232525,vegetated,0.811233639717102,-0.734703540802002,0.1412499994039535,0.0598499998450279
TAP_P03422,-56.29901633239587,-6.82148259357927,vegetated,0.5088844895362854,-0.463486760854721,0.1187499985098838,0.0655499994754791
TAP_P03423,-56.48921137373805,-6.908466828176401,vegetated,0.8280773162841797,-0.7089935541152954,0.1903000026941299,0.0811000019311904
TAP_P03424,-57.18927391227158,-7.285374430102389,vegetated,0.83656245470047,-0.7316771745681763,0.1561499983072281,0.064750000834465
TAP_P03425,-56.32851170531772,-6.291608680477055,vegetated,0.8430684208869934,-0.7495204210281372,0.1684000045061111,0.0728000029921531
TAP_P03427,-56.92212343848108,-5.401821241163074,vegetated,0.8360360264778137,-0.7323620915412903,0.1596499979496002,0.0667999982833862
TAP_P03428,-57.50647756886061,-5.00434045338102,vegetated,0.7312288284301758,-0.6461565494537354,0.2601499855518341,0.1441500037908554
TAP_P03431,-55.99891906038691,-6.462650231606004,vegetated,0.824045717716217,-0.7348705530166626,0.1412999927997589,0.0568999983370304
TAP_P03433,-56.98543911083544,-5.561496136259964,vegetated,0.8315967321395874,-0.7162207961082458,0.1581999957561493,0.0684999972581863
TAP_P03434,-57.120765619157154,-7.414645200556065,vegetated,0.8276426196098328,-0.7221080660820007,0.1492500007152557,0.0657500028610229
TAP_P03435,-56.70381044307741,-7.6312398722746835,vegetated,0.5789116621017456,-0.6032944321632385,0.2454999983310699,0.1342999935150146
TAP_P03436,-56.20458652189875,-6.879839391492894,vegetated,0.8354350328445435,-0.7379435896873474,0.1569000035524368,0.06700000166893
TAP_P03437,-56.4647066910083,-5.707514635983842,vegetated,0.8351353406906128,-0.7093066573143005,0.1664000004529953,0.0727000012993812
TAP_P03441,-56.31345788961184,-6.683902514274163,vegetated,0.8392310738563538,-0.7295536398887634,0.1540499925613403,0.0620499998331069
TAP_P03442,-57.45296189218399,-6.2508051027350175,vegetated,0.8248193264007568,-0.7077649831771851,0.1460999995470047,0.0587499998509883
TAP_P03444,-57.05376760147118,-5.77403152646354,vegetated,0.8104382753372192,-0.7007215619087219,0.181099995970726,0.0808499976992607
TAP_P03445,-56.68131098899642,-7.60950774955155,vegetated,0.8608896136283875,-0.7409005761146545,0.145249992609024,0.0590000003576278
TAP_P03446,-57.35261842877516,-6.088990572238504,vegetated,0.83152174949646,-0.7316108345985413,0.1746000051498413,0.0725999996066093
TAP_P03447,-57.14381880292829,-7.299213472738582,vegetated,0.8017623424530029,-0.6930379271507263,0.120399996638298,0.048650000244379
TAP_P03448,-56.65436827657816,-7.80936657754964,bare — sandbar / spoil / tailings,0.022953238338232,-0.1219637170433998,0.208199992775917,0.1264500021934509
TAP_P03449,-57.474587403363245,-4.994398273749072,bare — sandbar / spoil / tailings,0.1377323567867279,-0.1426765918731689,0.0805500000715255,0.0388000011444091
TAP_P03450,-56.85406139697734,-7.088007296883196,vegetated,0.7076359987258911,-0.6193020343780518,0.1974499970674514,0.0914999991655349
TAP_P03452,-56.71556297539423,-5.937383657577163,vegetated,0.5318776369094849,-0.4930392801761627,0.0979499965906143,0.0466499999165535
TAP_P03456,-56.36915791663245,-6.370004542323147,vegetated,0.7891520857810974,-0.7122752666473389,0.1734499931335449,0.0790000036358833
TAP_P03457,-56.29645299871188,-6.408516071516354,vegetated,0.842883288860321,-0.7202835083007812,0.1387999951839447,0.0599999986588954
TAP_P03458,-57.45263555750854,-5.2624709187216245,vegetated,0.6843787431716919,-0.6537383198738098,0.2309000045061111,0.1146999970078468
TAP_P03460,-56.65034569188868,-7.625954213526341,vegetated,0.7904629111289978,-0.6993722915649414,0.2044000029563903,0.0957999974489212
TAP_P03462,-56.697440803036834,-5.670522434849809,vegetated,0.8291752934455872,-0.7219442129135132,0.15344999730587,0.0684499964118003
TAP_P03463,-57.50784917566439,-5.03976604988209,vegetated,0.7957125306129456,-0.6847165822982788,0.1603499948978424,0.0671999976038932
TAP_P03465,-57.56079104084191,-6.503017764889004,vegetated,0.8230043649673462,-0.7165727615356445,0.1652999967336654,0.0759000033140182
TAP_P03466,-57.47947303198161,-5.289785448366998,vegetated,0.349227637052536,-0.3547603785991668,0.2580499947071075,0.1433500051498413
TAP_P03467,-56.59426172344055,-7.307544040076613,vegetated,0.4935727715492248,-0.5146616101264954,0.1659999936819076,0.0794999971985817
TAP_P03468,-57.301699065051615,-7.087672450514258,vegetated,0.8244172930717468,-0.7221115827560425,0.1533499956130981,0.0653999969363212
TAP_P03470,-57.48081232147706,-5.292963897310078,vegetated,0.5242839455604553,-0.5056792497634888,0.2089000046253204,0.1130999997258186
TAP_P03471,-56.71720417073303,-7.874907216396204,vegetated,0.8152948617935181,-0.7170957326889038,0.1444000005722046,0.0599999986588954
TAP_P03472,-57.11552899904543,-5.629032484272285,vegetated,0.8413207530975342,-0.7226340174674988,0.1676999926567077,0.0676999986171722
TAP_P03473,-56.92136645569885,-7.485771873169739,vegetated,0.8213338255882263,-0.7199070453643799,0.1657499969005584,0.0750499963760376
TAP_P03474,-56.1597698547244,-6.7399217005121335,vegetated,0.7408026456832886,-0.6358024477958679,0.1411000043153762,0.063799999654293
TAP_P03476,-56.322226485514086,-7.239686651978407,vegetated,0.748805582523346,-0.6416910886764526,0.1596249938011169,0.0777499973773956
TAP_P03478,-56.51448398489881,-6.307784461276706,bare — sandbar / spoil / tailings,0.0306504610925912,-0.0783253014087677,0.1261499971151352,0.0713500007987022
TAP_P03479,-56.85585629433695,-5.7872272362820665,vegetated,0.827340304851532,-0.7092092633247375,0.1306000053882599,0.0566500015556812
TAP_P03480,-57.29728006591237,-7.1413202573580215,vegetated,0.870564341545105,-0.7675613164901733,0.1653999984264373,0.0685999989509582
TAP_P03482,-56.06729284377276,-5.51038962089043,vegetated,0.8028347492218018,-0.6965503096580505,0.1439599990844726,0.063504546880722
TAP_P03483,-56.730474093265975,-6.905664311851292,vegetated,0.7955976128578186,-0.6837019920349121,0.1396999955177307,0.0598499998450279
TAP_P03485,-57.12633272550449,-7.408949405449111,vegetated,0.7269700169563293,-0.5859188437461853,0.1688999980688095,0.0788000002503395
TAP_P03486,-56.324930253565896,-7.286284663086324,vegetated,0.5777462720870972,-0.5600059032440186,0.1751250028610229,0.0931857153773307
TAP_P03487,-57.34743940611061,-6.084591588544451,vegetated,0.8511142730712891,-0.7460225820541382,0.1768999993801117,0.0789000019431114
TAP_P03488,-56.51135699209839,-6.126842847262989,vegetated,0.6359992027282715,-0.6219995021820068,0.2451000064611435,0.135900005698204
TAP_P03489,-56.855393582447554,-7.227156374754747,vegetated,0.7255796194076538,-0.6295764446258545,0.1641000062227249,0.0702999979257583
TAP_P03490,-56.96105222072344,-5.317143136634,vegetated,0.5493796467781067,-0.5112443566322327,0.1740999966859817,0.0921000018715858
TAP_P03491,-56.98123062326591,-7.042238239639684,vegetated,0.8175750970840454,-0.731816828250885,0.1320749968290329,0.0562999993562698
TAP_P03492,-55.36115810764405,-6.023292194517368,vegetated,0.8284740447998047,-0.7390052676200867,0.1441500037908554,0.0631000027060508
TAP_P03494,-56.52317666658729,-7.034701446199997,vegetated,0.4468313753604889,-0.4713603854179382,0.3237999975681305,0.1940000057220459
TAP_P03495,-55.333690565490166,-6.034926148309227,vegetated,0.4448828101158142,-0.4759359657764435,0.2170500010251999,0.1207000017166137
TAP_P03496,-56.65157318758779,-7.632087407997141,vegetated,0.8531426191329956,-0.7378312945365906,0.1310999989509582,0.0536499992012977
TAP_P03497,-57.00135047346424,-6.682792536193942,vegetated,0.868133544921875,-0.7700539231300354,0.1361500024795532,0.0518999993801116
TAP_P03498,-57.271046169317,-5.800347881002704,vegetated,0.7633816003799438,-0.6469086408615112,0.1335999965667724,0.0564000010490417
TAP_P03499,-56.9865244449926,-7.031994628847794,vegetated,0.7935662269592285,-0.6878238320350647,0.159180000424385,0.0694076940417289
TAP_P03501,-56.86974045146819,-5.7736018458710845,vegetated,0.7922887802124023,-0.6708162426948547,0.2446500062942505,0.1333499997854232
TAP_P03502,-56.70265256636834,-7.616195424794925,vegetated,0.8445154428482056,-0.7417802810668945,0.1388999968767166,0.0592000000178813
TAP_P03503,-56.90613830542018,-5.761490014301261,vegetated,0.8555917739868164,-0.7306329011917114,0.1666000038385391,0.0671000033617019
TAP_P03505,-57.036087359485215,-5.825531024545449,vegetated,0.8650162220001221,-0.759290337562561,0.1688999980688095,0.069300003349781
TAP_P03508,-56.70930958131576,-7.555400897607684,vegetated,0.8165959715843201,-0.7281557321548462,0.158950001001358,0.0668999999761581
TAP_P03509,-57.36028043271512,-6.030839137826169,vegetated,0.835674524307251,-0.7211729884147644,0.1407999992370605,0.0603000000119209
TAP_P03510,-56.95293033658665,-7.136869800438089,vegetated,0.8508030772209167,-0.75949627161026,0.1668999940156936,0.0704500004649162
TAP_P03511,-57.2983318264028,-7.167294596824744,vegetated,0.8795047998428345,-0.770595371723175,0.1738000065088272,0.0728999972343444
TAP_P03513,-57.55315429164138,-5.55475382031528,vegetated,0.6963398456573486,-0.5507692098617554,0.14614999294281,0.0633499994874
TAP_P03514,-57.4708860988672,-6.499101864190278,vegetated,0.3356699347496032,-0.3527282476425171,0.244499996304512,0.1387500017881393
TAP_P03515,-56.59184493490479,-7.247771082571411,vegetated,0.8465448021888733,-0.7531922459602356,0.1414999961853027,0.0564000010490417
TAP_P03516,-56.70357923544018,-7.568955416766853,vegetated,0.7842088937759399,-0.6868768334388733,0.1715999990701675,0.0782999992370605
TAP_P03517,-56.77946286989003,-6.888830047945552,vegetated,0.596508264541626,-0.5950241684913635,0.2363999933004379,0.1196999996900558
TAP_P03518,-55.86394099361987,-7.032373717645023,vegetated,0.691736102104187,-0.5754488110542297,0.2202000021934509,0.1129499971866607
TAP_P03519,-56.91200867629134,-7.086284174205102,vegetated,0.844356894493103,-0.7441818118095398,0.1620277762413025,0.0696600005030632
TAP_P03520,-56.70374057336915,-7.616304180541242,vegetated,0.8412911891937256,-0.7251484990119934,0.137700006365776,0.0571999996900558
TAP_P03522,-56.90576548634647,-7.048760247781439,vegetated,0.8597854375839233,-0.7472923398017883,0.2008499950170517,0.0838499963283538
TAP_P03523,-56.9854618895376,-7.06397128140208,vegetated,0.7762454152107239,-0.6850364804267883,0.1463750004768371,0.0649999976158142
TAP_P03524,-57.32905591791495,-5.886241495275901,vegetated,0.6656151413917542,-0.5471698045730591,0.1705999970436096,0.0885000005364418
TAP_P03525,-56.850373420615554,-5.699117035068958,vegetated,0.8215256929397583,-0.7277513146400452,0.1626999974250793,0.0675999969244003
TAP_P03526,-57.027422323252566,-5.523078019189776,vegetated,0.8412525653839111,-0.7328110933303833,0.1875,0.0796499997377395
TAP_P03528,-56.73171721924219,-6.8971066465045086,vegetated,0.8220224380493164,-0.7257079482078552,0.1527000069618225,0.0631000027060508
TAP_P03529,-56.6551687941724,-6.768172092935095,vegetated,0.7033599615097046,-0.634390652179718,0.1603499948978424,0.0731500014662742
TAP_P03530,-56.4708294413708,-7.038499859089464,vegetated,0.8200245499610901,-0.7187753915786743,0.1413999944925308,0.061999998986721
TAP_P03531,-56.936388238269295,-7.067761575826147,vegetated,0.8174280524253845,-0.7131445407867432,0.1593666672706604,0.0732166692614555
TAP_P03532,-56.73622827684875,-7.514471406997197,vegetated,0.8118098974227905,-0.7185285091400146,0.158500000834465,0.063799999654293
TAP_P03533,-57.45339792805608,-6.473843920556242,vegetated,0.6241234540939331,-0.5453329682350159,0.2366999983787536,0.1193000003695488
TAP_P03534,-56.71363637677147,-7.17800620705701,vegetated,0.8055171966552734,-0.6900321245193481,0.134100005030632,0.0579500012099742
TAP_P03536,-57.36587988187803,-7.005544684251588,vegetated,0.8361669182777405,-0.7350923418998718,0.163000002503395,0.0701000019907951
TAP_P03537,-56.763972312520295,-7.616607471498937,vegetated,0.8398938775062561,-0.731997013092041,0.1411000043153762,0.0617999993264675
TAP_P03538,-57.29043460485083,-7.148710038730471,vegetated,0.8500475287437439,-0.7403606176376343,0.1737000048160553,0.0716499984264373
TAP_P03539,-56.915256490812375,-7.022541310333627,vegetated,0.8387065529823303,-0.7343101501464844,0.169850006699562,0.0691400021314621
TAP_P03540,-56.285239234659386,-6.353149539169599,bare — sandbar / spoil / tailings,0.0030493589583784,-0.0288577489554882,0.3039999902248382,0.230100005865097
TAP_P03542,-57.27457266246537,-7.171921685689932,vegetated,0.8439353108406067,-0.7564355134963989,0.1447499990463256,0.0595999993383884
TAP_P03543,-56.63597228554208,-7.846204408604336,vegetated,0.824471116065979,-0.7132886052131653,0.149399995803833,0.0645999982953071
TAP_P03544,-56.71542884700498,-7.443732462102544,vegetated,0.814603865146637,-0.7310617566108704,0.1717000007629394,0.0855000019073486
TAP_P03545,-57.47209689746572,-6.202730973022743,vegetated,0.802879273891449,-0.7056944966316223,0.1756999939680099,0.0749000012874603
TAP_P03546,-55.93588794985939,-6.210468202823038,vegetated,0.6533775925636292,-0.6115196347236633,0.1944999992847442,0.0868000015616417
TAP_P03547,-57.15048369198721,-7.098265324663233,vegetated,0.8167679905891418,-0.7010886669158936,0.1522500067949295,0.0672999992966651
TAP_P03548,-57.47418739721419,-6.20759074565581,vegetated,0.8230608105659485,-0.7264084815979004,0.1817000061273574,0.0778999999165535
TAP_P03549,-56.943569485617495,-5.45498112975251,vegetated,0.8260062336921692,-0.7193797826766968,0.1686571389436721,0.0712818205356597
TAP_P03550,-55.96806186768414,-6.19930340524599,vegetated,0.8488576412200928,-0.7587071657180786,0.1427000015974044,0.0575999990105629
TAP_P03551,-56.47798326146181,-6.950493043043498,vegetated,0.8196248412132263,-0.7108433842658997,0.1876000016927719,0.0834999978542327
TAP_P03552,-57.52851888384323,-6.958909854789337,vegetated,0.5426537394523621,-0.5400815606117249,0.2158000022172927,0.1119000017642974
TAP_P03553,-55.91492371799534,-6.195220033689294,vegetated,0.7552301287651062,-0.6922305822372437,0.1601999998092651,0.0697999969124794
TAP_P03555,-55.95059572413184,-6.190518957945027,vegetated,0.7438161373138428,-0.6640359163284302,0.1591500043869018,0.0699499994516372
TAP_P03556,-56.70909065784519,-7.887203235217172,vegetated,0.8509330153465271,-0.737533450126648,0.1779499948024749,0.0803499966859817
TAP_P03559,-56.592665919236126,-5.833105825236131,vegetated,0.7937079668045044,-0.6765046715736389,0.1541000008583068,0.0653000026941299
TAP_P03560,-56.83762640040877,-7.124822511302431,vegetated,0.794455349445343,-0.7056161761283875,0.1448000073432922,0.0614000000059604
TAP_P03565,-56.86532316636724,-7.043565119110044,vegetated,0.8384103178977966,-0.7276173830032349,0.1990000009536743,0.0885000005364418
TAP_P03566,-56.22912622922004,-6.772306083906251,vegetated,0.7003213763237,-0.6048433780670166,0.1283500045537948,0.063400000333786
TAP_P03568,-56.06745122531255,-6.346580830306346,vegetated,0.8261497020721436,-0.7148696780204773,0.1452749967575073,0.0610500015318393
TAP_P03570,-57.05674445166403,-5.680131394996503,vegetated,0.8447457551956177,-0.7334630489349365,0.1622000038623809,0.0653000026941299
TAP_P03571,-56.30853956971668,-6.53093686334432,vegetated,0.5158123970031738,-0.4885414540767669,0.2348999977111816,0.1330000013113021
TAP_P03572,-57.27325744567739,-7.137485510691723,vegetated,0.8427159190177917,-0.7343687415122986,0.1719499975442886,0.0736000016331672
TAP_P03574,-56.90213647563829,-7.073643878539924,vegetated,0.7975300550460815,-0.7069441676139832,0.1477500051259994,0.0620499998331069
TAP_P03575,-56.450779217600335,-7.002818664203633,vegetated,0.7657262682914734,-0.6985509991645813,0.2213000059127807,0.1105000004172325
TAP_P03576,-56.833288735069466,-7.093729771805299,vegetated,0.8180809617042542,-0.7091248631477356,0.1412000060081482,0.0568999983370304
TAP_P03577,-56.99576744247027,-7.106169827749375,vegetated,0.8116939067840576,-0.70504230260849,0.1518000066280365,0.0630833357572555
TAP_P03578,-57.11798384519106,-7.230369326313459,vegetated,0.747583270072937,-0.6917274594306946,0.2249999940395355,0.1145000010728836
TAP_P03579,-57.059717272165415,-7.226362610686091,vegetated,0.829170823097229,-0.7425071597099304,0.1897999942302703,0.0846000015735626
TAP_P03580,-56.87232263661756,-5.737295868708122,vegetated,0.8467466235160828,-0.7242432832717896,0.1637499928474426,0.068400003015995
TAP_P03581,-57.34572273117893,-6.101585813394796,vegetated,0.8121792078018188,-0.7045888900756836,0.1716500073671341,0.0693499967455864
TAP_P03582,-56.98030119442252,-7.088280056039265,vegetated,0.5938242673873901,-0.5556900501251221,0.2668499946594238,0.1692000031471252
TAP_P03583,-57.1182876402537,-7.423286319771379,vegetated,0.8102119565010071,-0.6943298578262329,0.1446499973535537,0.0691500008106231
TAP_P03584,-56.43038514723367,-5.8153646533225,vegetated,0.7389610409736633,-0.657507598400116,0.1533000022172927,0.0716999992728233
TAP_P03585,-57.013595598728166,-5.560654504011172,vegetated,0.8348066210746765,-0.7278876304626465,0.1664000004529953,0.0732000023126602
TAP_P03586,-56.3140834870735,-6.54776357268858,vegetated,0.5836526155471802,-0.4881488084793091,0.1592999994754791,0.0820999965071678
TAP_P03590,-56.66355948120606,-7.615457129938827,vegetated,0.7857107520103455,-0.7045935988426208,0.1684000045061111,0.0766500011086463
TAP_P03591,-57.0184266238418,-7.478139016817206,vegetated,0.8526325225830078,-0.7387340068817139,0.2012500017881393,0.091449998319149
TAP_P03592,-55.920175932894985,-6.192290489738582,vegetated,0.7795371413230896,-0.6701949834823608,0.1437000036239624,0.0623000003397464
TAP_P03593,-56.20722322678015,-6.879149624289562,vegetated,0.8340417146682739,-0.7263320088386536,0.1604499965906143,0.068400003015995
TAP_P03594,-56.99433338589925,-6.977566578275664,vegetated,0.8353117108345032,-0.7542988061904907,0.1754499971866607,0.0751833319664001
TAP_P03595,-57.32481219053017,-7.116350832387047,vegetated,0.8495853543281555,-0.7576087117195129,0.1814000010490417,0.0786999985575676
TAP_P03596,-56.69247959500923,-7.279737192740698,vegetated,0.8630458116531372,-0.753868818283081,0.1669999957084655,0.0698499977588653
TAP_P03597,-57.44181160018741,-6.156426438501478,vegetated,0.8390043377876282,-0.7269524931907654,0.1791000068187713,0.0761500000953674
TAP_P03598,-57.50210974383391,-5.107347824471861,vegetated,0.8240662217140198,-0.7142586708068848,0.1618500053882599,0.0742499977350235
TAP_P03599,-56.944201892050586,-7.039697892385225,vegetated,0.6444889903068542,-0.5991352200508118,0.2549499869346618,0.1433500051498413
TAP_P03602,-57.0467025269957,-6.950971971925827,vegetated,0.818438708782196,-0.7278989553451538,0.1561000049114227,0.0666999965906143
TAP_P03603,-57.14070302304143,-7.272540983076004,water / turbid pond,-0.1951098442077636,0.1446853727102279,0.0815500020980835,0.049049999564886
TAP_P03605,-57.43956548629669,-6.171866576505953,vegetated,0.8339436650276184,-0.7240360379219055,0.1705500036478042,0.0687500014901161
TAP_P03607,-55.31223357791575,-6.017113607659657,vegetated,0.8462523818016052,-0.7412639856338501,0.1704500019550323,0.0690999999642372
TAP_P03609,-56.86653521817904,-5.48616089848868,vegetated,0.5973756909370422,-0.4318474531173706,0.1495500057935714,0.0608499981462955
TAP_P03610,-56.65681122861128,-6.948062348443374,vegetated,0.7991718649864197,-0.6931319832801819,0.1383000016212463,0.0599000006914138
TAP_P03611,-57.50740228281883,-5.044641943625685,vegetated,0.8178592324256897,-0.6957265138626099,0.1485999971628189,0.0627999976277351
TAP_P03612,-56.50702530521625,-7.00615072788561,vegetated,0.8030433654785156,-0.7028199434280396,0.1934999972581863,0.0885000005364418
TAP_P03613,-56.735056003996405,-7.572408982869373,vegetated,0.8138480186462402,-0.7205769419670105,0.2010499984025955,0.092349998652935
TAP_P03614,-57.31340542558232,-6.170992268030561,water / turbid pond,-0.0188679099082946,0.0895075127482414,0.1798000037670135,0.0843999981880188
TAP_P03615,-56.95750415250895,-7.073159156617388,vegetated,0.8038434386253357,-0.7104068994522095,0.2213249951601028,0.1129333302378654
TAP_P03616,-56.388877116649226,-6.523762288563126,vegetated,0.7905701994895935,-0.7062687873840332,0.1678500026464462,0.0746000036597251
TAP_P03618,-56.67150550857336,-6.974846118113766,vegetated,0.8286999464035034,-0.7175005674362183,0.1472000032663345,0.0604000017046928
TAP_P03619,-56.33032657623637,-7.003822558241134,vegetated,0.8072776794433594,-0.7108911871910095,0.1579499989748001,0.0681999996304512
TAP_P03620,-56.22190866205438,-6.811113943479641,vegetated,0.8568636775016785,-0.7635307908058167,0.1546999961137771,0.062399998307228
TAP_P03621,-57.39935002238905,-6.173192711150967,vegetated,0.787734866142273,-0.7071335315704346,0.1728000044822693,0.0762000009417533
TAP_P03622,-57.334437822446006,-6.063414672616722,vegetated,0.7934889793395996,-0.7101569175720215,0.1633999943733215,0.0747999995946884
TAP_P03623,-57.14586878582065,-5.453663897948491,vegetated,0.852911114692688,-0.7570303678512573,0.1841000020503997,0.0776000022888183
TAP_P03624,-56.663950152486976,-6.787066908052067,vegetated,0.5267358422279358,-0.5031731128692627,0.2842000126838684,0.1539999991655349
TAP_P03625,-57.28891176473691,-5.890897129930171,vegetated,0.8572773337364197,-0.7652417421340942,0.2081000059843063,0.0856999978423118
TAP_P03627,-56.588386144835056,-5.382426610208771,vegetated,0.8702611923217773,-0.7466124892234802,0.13230000436306,0.0526000000536441
TAP_P03628,-56.39037912415903,-6.912891143844002,vegetated,0.7904521226882935,-0.6711076498031616,0.1501999944448471,0.0645999982953071
TAP_P03629,-56.41885833734896,-5.768526125923238,vegetated,0.8387846946716309,-0.7317267656326294,0.1609999984502792,0.0659999996423721
TAP_P03630,-56.23544824450057,-6.709594526606584,vegetated,0.7999448180198669,-0.7095656991004944,0.1476999968290329,0.063799999654293
TAP_P03631,-57.490228276129166,-5.156000301420092,vegetated,0.726671576499939,-0.5840916633605957,0.1738999933004379,0.0741999968886375
TAP_P03632,-56.28175438312224,-6.546530958775048,vegetated,0.7881477475166321,-0.6806128621101379,0.1545999944210052,0.0718000009655952
TAP_P03634,-56.69615432134375,-6.932653094058595,vegetated,0.809081494808197,-0.705055832862854,0.1496499925851822,0.0630500018596649
TAP_P03635,-56.40398403865287,-6.8643917236266665,vegetated,0.8116557002067566,-0.7026960253715515,0.1262499988079071,0.0546500012278556
TAP_P03637,-57.44699998261376,-5.1530893289821895,vegetated,0.7998274564743042,-0.6768488883972168,0.1711000055074691,0.0773999989032745
TAP_P03640,-56.496637279748185,-6.145536242422931,vegetated,0.4973054528236389,-0.5378502607345581,0.2486999928951263,0.1200499981641769
TAP_P03642,-56.97959355130128,-7.2228259081620605,vegetated,0.861261248588562,-0.7374676465988159,0.159400001168251,0.0662999972701072
TAP_P03643,-57.11559773400203,-7.42826870478712,vegetated,0.7586273550987244,-0.6714335680007935,0.1881999969482422,0.0882000029087066
TAP_P03644,-55.968864126158905,-6.199501614087511,vegetated,0.6755967140197754,-0.6053882837295532,0.1474000066518783,0.065600000321865
TAP_P03646,-56.62487129558394,-6.925790370468167,vegetated,0.8110886812210083,-0.6832612156867981,0.18469999730587,0.0770500004291534
TAP_P03647,-56.58096984809519,-6.872792126588021,vegetated,0.7870481610298157,-0.6850974559783936,0.1463499963283538,0.0669500008225441
TAP_P03649,-56.48937863796225,-6.977980866003721,vegetated,0.4256462752819061,-0.435197114944458,0.3061999976634979,0.1758999973535537
TAP_P03651,-56.38543694744929,-6.848355996811637,vegetated,0.7402931451797485,-0.665354311466217,0.1788000017404556,0.0820000022649765
TAP_P03652,-56.96609769639277,-7.02859258599605,vegetated,0.8645600080490112,-0.7659487128257751,0.1754499971866607,0.0717222243547439
TAP_P03653,-56.57334258333536,-7.341268456108565,vegetated,0.8034120202064514,-0.7002962827682495,0.1410499960184097,0.0577500015497207
TAP_P03654,-57.15234234223429,-5.202380193120119,vegetated,0.7956253290176392,-0.6805263757705688,0.1695999950170517,0.0738999992609024
TAP_P03655,-56.67865101515556,-7.622184779625757,vegetated,0.8072292804718018,-0.7156059741973877,0.1553999930620193,0.066500000655651
TAP_P03656,-57.51105216178144,-5.302957888243796,vegetated,0.7789429426193237,-0.6641037464141846,0.1673499941825866,0.0781499966979026
TAP_P03657,-57.11352949346795,-5.620598169451678,vegetated,0.7935994863510132,-0.7054152488708496,0.1492999941110611,0.0625
TAP_P03659,-57.30014367041181,-5.883631955962496,vegetated,0.8340040445327759,-0.7068085670471191,0.1763000041246414,0.0747999995946884
TAP_P03660,-57.01351195388042,-5.5815689072806425,vegetated,0.853990912437439,-0.740693986415863,0.1570000052452087,0.0621999986469745
TAP_P03661,-57.5077271569337,-4.889207671875009,vegetated,0.8255037069320679,-0.7126309871673584,0.1701499968767166,0.0746999979019165
TAP_P03662,-57.092990696641,-4.961220009034696,vegetated,0.7448609471321106,-0.6711491346359253,0.1639000028371811,0.0689999982714653
TAP_P03663,-56.91972838156881,-5.409058741242194,water / turbid pond,-0.273079514503479,0.1979206502437591,0.0466499999165535,0.031199999153614
TAP_P03665,-56.555755216593255,-6.895944972769678,vegetated,0.8283050060272217,-0.7123041152954102,0.1591999977827072,0.0644999966025352
TAP_P03666,-56.32944015891987,-6.879118230287766,vegetated,0.5056778192520142,-0.5093040466308594,0.1959500014781952,0.1080500036478042
TAP_P03667,-56.64308824460014,-7.547458640363082,vegetated,0.8393903970718384,-0.7353123426437378,0.1477999985218048,0.0593000017106533
TAP_P03668,-56.34342250194638,-7.393638050742108,vegetated,0.8491930961608887,-0.7550591230392456,0.135900005698204,0.0560999996960163
TAP_P03669,-57.41212935537997,-6.010791763318631,vegetated,0.7028621435165405,-0.6568685173988342,0.212799996137619,0.096950002014637
TAP_P03671,-56.49615883695744,-6.5470166190185255,vegetated,0.8377007842063904,-0.7218617796897888,0.1626999974250793,0.0705000013113021
TAP_P03672,-56.202693220619565,-6.379653020945561,vegetated,0.7347013354301453,-0.6471238732337952,0.1580041646957397,0.0714500024914741
TAP_P03674,-57.39811890059136,-6.955653018328727,vegetated,0.7191136479377747,-0.6500406861305237,0.1923999935388565,0.0957499966025352
TAP_P03676,-56.44496269557879,-6.959779244868168,vegetated,0.8157004117965698,-0.707189679145813,0.150749996304512,0.065650001168251
TAP_P03677,-57.019628186406,-6.830027801144246,vegetated,0.8371444344520569,-0.7345971465110779,0.1469999998807907,0.0603000000119209
TAP_P03678,-56.95884070649549,-7.06920346084637,vegetated,0.7653188109397888,-0.6721392869949341,0.1836333274841308,0.0811500027775764
TAP_P03679,-56.23844590139522,-6.752805401929958,vegetated,0.8323469758033752,-0.7039270997047424,0.1626999974250793,0.070200003683567
TAP_P03680,-56.837032856043066,-7.122032881040879,vegetated,0.7816056609153748,-0.7014269828796387,0.1379999965429306,0.0603000000119209
TAP_P03684,-56.41679392896377,-7.290438179856542,vegetated,0.820131778717041,-0.7447776794433594,0.1679500043392181,0.0739500001072883
TAP_P03685,-55.28826541450552,-5.966663218094377,vegetated,0.8442422747612,-0.7436172962188721,0.1662999987602234,0.068400003015995
TAP_P03686,-57.3011091936885,-6.112489874606895,vegetated,0.8196338415145874,-0.7227736711502075,0.1738499999046325,0.0721499994397163
TAP_P03687,-57.36918044432268,-5.996381640446678,bare — sandbar / spoil / tailings,0.1239885166287422,-0.3577501475811004,0.1272999942302703,0.0822999998927116
TAP_P03688,-57.35565639618349,-6.031055837905775,vegetated,0.8347676396369934,-0.7369369268417358,0.154799997806549,0.0649999976158142
TAP_P03690,-57.05963882253378,-7.240371381132288,vegetated,0.8654260039329529,-0.7457947134971619,0.2009000033140182,0.0879499986767768
TAP_P03693,-57.48456026712516,-6.499167797872307,vegetated,0.7907081842422485,-0.6931818127632141,0.1739999949932098,0.0732000023126602
TAP_P03694,-57.382768892059225,-6.200671990439335,vegetated,0.8346900343894958,-0.7412281036376953,0.1616999953985214,0.0675999969244003
TAP_P03696,-57.15312634595079,-7.07644012686911,vegetated,0.8324899077415466,-0.7350428104400635,0.1534000039100647,0.0668999999761581
TAP_P03697,-57.5664801468492,-6.543745400317004,vegetated,0.8156228065490723,-0.700982928276062,0.1775999963283538,0.0723000019788742
TAP_P03698,-55.34734185071556,-6.03992275697835,vegetated,0.8461538553237915,-0.7348886728286743,0.1741999983787536,0.0759999975562095
TAP_P03699,-57.4136542840884,-5.891109213665774,bare — sandbar / spoil / tailings,0.2415723353624344,-0.3062847852706909,0.3122000098228454,0.2205999940633773
TAP_P03702,-56.67582682856108,-7.667685708868983,vegetated,0.8676953911781311,-0.7667075991630554,0.1298999935388565,0.0514499992132186
TAP_P03703,-56.59489928175055,-7.307878540154608,vegetated,0.766749382019043,-0.705710232257843,0.1552000045776367,0.0689999982714653
TAP_P03704,-56.7179433919115,-7.170747951554186,vegetated,0.7990955114364624,-0.684317409992218,0.139050006866455,0.0553499981760978
TAP_P03705,-56.20029962960349,-6.869045128237048,vegetated,0.7816275954246521,-0.6800620555877686,0.1312000006437301,0.0579000003635883
TAP_P03707,-56.68865551711233,-4.8719290946670935,vegetated,0.847788393497467,-0.7353774905204773,0.1462499946355819,0.0617499984800815
TAP_P03708,-57.36329779261335,-6.031376618329565,vegetated,0.83012455701828,-0.7115917801856995,0.1536999940872192,0.0696000009775161
TAP_P03709,-57.47662142099163,-6.218545881491571,vegetated,0.7451204061508179,-0.6489279270172119,0.1723500043153762,0.0726500004529953
TAP_P03713,-57.40768122257772,-5.871998973217496,vegetated,0.7806256413459778,-0.6806204915046692,0.1615500003099441,0.0775000005960464
TAP_P03714,-55.46817702738996,-5.475747714543026,vegetated,0.8165608048439026,-0.7119866013526917,0.1544000059366226,0.0659499987959861
TAP_P03715,-57.1326698453927,-5.517610057089498,vegetated,0.840177595615387,-0.7509055733680725,0.1657000035047531,0.06700000166893
TAP_P03716,-56.56291281319648,-7.886612319494222,vegetated,0.8306834697723389,-0.7368370294570923,0.1383000016212463,0.0614500008523464
TAP_P03717,-57.31600502739492,-7.083349586665118,vegetated,0.5892490744590759,-0.5532144904136658,0.2141000032424926,0.1221000030636787
TAP_P03718,-56.715023619001215,-7.544064250920536,vegetated,0.831089198589325,-0.7307190299034119,0.1331499963998794,0.0544000007212162
TAP_P03719,-57.37362477619531,-7.005650702722526,vegetated,0.8449020981788635,-0.7404469847679138,0.169400006532669,0.0705000013113021
TAP_P03720,-56.2598693867143,-6.809574986022487,vegetated,0.8433967232704163,-0.7322695255279541,0.1559000015258789,0.0666999965906143
TAP_P03723,-56.965799918848575,-7.216922519391532,vegetated,0.8292461633682251,-0.7322033643722534,0.1611499935388565,0.0667999982833862
TAP_P03724,-57.174684562901525,-7.36908556186483,vegetated,0.5675355792045593,-0.5225988626480103,0.2073000073432922,0.1128000020980835
TAP_P03725,-56.12533094536933,-5.483676633580284,vegetated,0.7901085615158081,-0.687432587146759,0.1412499994039535,0.0597999989986419
TAP_P03727,-56.97693497317161,-7.22249063443381,vegetated,0.8538249135017395,-0.7346660494804382,0.1610666662454605,0.0669666677713394
TAP_P03729,-57.4913754788525,-6.19496502556576,vegetated,0.8079686760902405,-0.7032569050788879,0.1854999959468841,0.0778999999165535
TAP_P03731,-56.61831365453949,-5.240304517691555,vegetated,0.8452839851379395,-0.7417882680892944,0.159400001168251,0.067500002682209
TAP_P03732,-56.40188071111695,-6.861311517968206,vegetated,0.8050410151481628,-0.6841544508934021,0.1305000036954879,0.0584999993443489
TAP_P03733,-57.40990620825943,-6.078932467906006,vegetated,0.8247166275978088,-0.7128099203109741,0.1723999977111816,0.0720999985933303
TAP_P03734,-56.84484528288334,-6.6052803647305725,vegetated,0.5433346629142761,-0.4505093693733215,0.1020499989390373,0.0436000004410743
TAP_P03735,-57.5634617518945,-6.503464520915454,vegetated,0.8316221833229065,-0.7291609048843384,0.1562999933958053,0.0645999982953071
TAP_P03736,-57.27024386763895,-5.77799244095825,vegetated,0.7977980971336365,-0.6983239054679871,0.1730500012636184,0.0740000009536743
TAP_P03738,-57.37941509568089,-5.181941138284018,vegetated,0.8007685542106628,-0.6931283473968506,0.1607999950647354,0.0663999989628791
TAP_P03739,-56.56898456453622,-7.339843066596527,vegetated,0.8375750780105591,-0.7250066995620728,0.1517000049352646,0.0658999979496002
TAP_P03740,-57.56933477418555,-6.489025604160855,vegetated,0.5895009636878967,-0.5172423720359802,0.2065999954938888,0.1133499965071678
TAP_P03741,-57.10996306538488,-7.433753031568082,vegetated,0.8424037098884583,-0.7320349216461182,0.1811999976634979,0.0790499970316886
TAP_P03743,-57.183195763715055,-7.354947398125081,vegetated,0.8432517647743225,-0.7485756874084473,0.170750007033348,0.0707499980926513
TAP_P03744,-56.43001278932674,-6.874410829316398,vegetated,0.7771964073181152,-0.664085328578949,0.1291500031948089,0.0547499991953372
TAP_P03745,-57.72574323686919,-5.379790508464477,vegetated,0.8417585492134094,-0.7360273003578186,0.1674000024795532,0.0705000013113021
TAP_P03746,-56.702641609019786,-7.620033625915463,vegetated,0.860287070274353,-0.7629987597465515,0.1283999979496002,0.0513999983668327
TAP_P03747,-56.20338563956125,-6.782208509755869,vegetated,0.7265292406082153,-0.6750399470329285,0.1629000008106231,0.0750499963760376
TAP_P03748,-56.70879074768855,-7.579093446561568,vegetated,0.8540363311767578,-0.7482404112815857,0.1573999971151352,0.0640999972820282
TAP_P03749,-57.550975051705485,-6.929462395533669,vegetated,0.8272258639335632,-0.7153218984603882,0.1597000062465667,0.0648500025272369
TAP_P03750,-57.44470675707881,-5.1721688328632816,bare — sandbar / spoil / tailings,0.2007525861263275,-0.1767715215682983,0.1415999978780746,0.0850000008940696
TAP_P03751,-56.66137082619386,-5.8083981811722944,vegetated,0.7677783966064453,-0.6704733371734619,0.1699499934911728,0.0723000019788742
TAP_P03753,-56.50139439076943,-7.003256331491622,water / turbid pond,0.0401567332446575,0.0385093241930007,0.098300002515316,0.0472000017762184
TAP_P03754,-57.31822365190722,-7.126017168999049,vegetated,0.8299967050552368,-0.7200843691825867,0.1603499948978424,0.06700000166893
TAP_P03755,-56.48024879332995,-5.569907852467016,vegetated,0.6573208570480347,-0.5965909361839294,0.1485999971628189,0.0732999965548515
TAP_P03756,-56.59029438547256,-7.31381119562268,vegetated,0.8108236193656921,-0.7174391150474548,0.1726499944925308,0.0760999992489814
TAP_P03757,-56.42666265583333,-6.882035850160898,vegetated,0.8126309514045715,-0.7001180648803711,0.1453000009059906,0.0649999976158142
TAP_P03760,-56.74158030087903,-7.596732847701635,vegetated,0.7778437733650208,-0.6884498596191406,0.1847999989986419,0.0847999975085258
TAP_P03761,-57.03948468819853,-5.76027294615606,vegetated,0.8533940315246582,-0.7560602426528931,0.1746000051498413,0.0698999986052513
TAP_P03762,-56.95090853489447,-7.137344442646213,vegetated,0.8618768453598022,-0.7276502847671509,0.1537999957799911,0.0615999996662139
TAP_P03764,-57.438003451750205,-4.9550384264524086,vegetated,0.8356364369392395,-0.7289426922798157,0.1773000061511993,0.0768999978899955
TAP_P03765,-56.98346674343352,-5.828941958722361,vegetated,0.8486858606338501,-0.7485144734382629,0.1708000004291534,0.070200003683567
TAP_P03766,-56.418840236114505,-6.278633210728577,vegetated,0.8299465179443359,-0.7234314680099487,0.1374000012874603,0.0551999993622303
TAP_P03767,-55.296021708749215,-5.996847184653033,vegetated,0.8294304609298706,-0.7113176584243774,0.1444000005722046,0.0586000010371208
TAP_P03768,-57.34856679709616,-7.007227349370092,vegetated,0.7935723066329956,-0.6876999139785767,0.1701000034809112,0.069300003349781
TAP_P03769,-56.677051786692495,-4.870834868140566,vegetated,0.8256704807281494,-0.7063392400741577,0.1542000025510788,0.0653999969363212
TAP_P03771,-55.328113277048566,-5.999776824855574,vegetated,0.7850844264030457,-0.6848114728927612,0.1617999970912933,0.0761500000953674
TAP_P03772,-57.42016911474077,-6.94917855286008,vegetated,0.8394310474395752,-0.7310423254966736,0.1599500030279159,0.0631999969482421
TAP_P03773,-57.40940308856282,-5.100249079069029,vegetated,0.81900554895401,-0.708511471748352,0.1841000020503997,0.0760999992489814
TAP_P03774,-56.92551680003105,-6.048725143729755,vegetated,0.8311218619346619,-0.73384028673172,0.2016000002622604,0.0846000015735626
TAP_P03776,-56.61616429637709,-5.769205485208389,vegetated,0.8215053677558899,-0.714209794998169,0.1729000061750412,0.0746000036597251
TAP_P03777,-57.29027342023173,-7.1555058144664425,vegetated,0.8745275735855103,-0.7692124843597412,0.1790000051259994,0.0758000016212463
TAP_P03778,-56.01542623934145,-6.186840163300564,vegetated,0.8364020586013794,-0.7609899044036865,0.1554999947547912,0.0654999986290931
TAP_P03780,-56.29720273792964,-7.332990043011911,vegetated,0.8362628817558289,-0.7363633513450623,0.1298999935388565,0.0524500012397766
TAP_P03782,-57.03968006502435,-6.851941020184345,vegetated,0.8387948870658875,-0.7462325692176819,0.1537500023841858,0.0636999979615211
TAP_P03783,-57.32122823082914,-7.181199149943693,vegetated,0.8290532827377319,-0.7378072738647461,0.1430000066757202,0.0586000010371208
TAP_P03784,-56.97526133807193,-7.371090213724974,vegetated,0.7899577617645264,-0.7233661413192749,0.1567499935626983,0.066600002348423
TAP_P03785,-57.35876750894093,-7.132706568024937,vegetated,0.850311815738678,-0.7483266592025757,0.1579000055789947,0.066600002348423
TAP_P03788,-56.73322450686401,-7.669672476453738,vegetated,0.7635346055030823,-0.6719696521759033,0.1756500005722046,0.0846000015735626
TAP_P03789,-57.59719891668864,-6.86841272242306,vegetated,0.8174128532409668,-0.7117326259613037,0.1651999950408935,0.070200003683567
TAP_P03791,-57.473093572297984,-6.159088120450312,vegetated,0.7457934021949768,-0.6517579555511475,0.2088000029325485,0.0983999967575073
TAP_P03792,-57.30474057509132,-7.096996471635047,vegetated,0.8126487731933594,-0.7079594731330872,0.1613000035285949,0.0715999975800514
TAP_P03793,-57.383688311153314,-6.024381247248519,vegetated,0.8393891453742981,-0.7323799729347229,0.1606000065803527,0.065600000321865
TAP_P03794,-56.94099089562073,-7.372329783535109,vegetated,0.8304387927055359,-0.7246893644332886,0.1639000028371811,0.0671999976038932
TAP_P03795,-56.88815334496091,-5.466961867839356,vegetated,0.8157700896263123,-0.6990730166435242,0.14894999563694,0.0644999966025352
TAP_P03796,-55.91339431581641,-6.195529046757557,vegetated,0.7248554825782776,-0.653317391872406,0.1660999953746795,0.0733999982476234
TAP_P03798,-57.39053970954993,-5.99896439998047,vegetated,0.7713534235954285,-0.6658216714859009,0.2135999947786331,0.0974500030279159
TAP_P03799,-56.93976294144435,-6.048279059368208,vegetated,0.815221905708313,-0.7048786282539368,0.1501500010490417,0.0621000006794929
TAP_P03800,-56.50083724567194,-5.788526895056636,vegetated,0.8611512780189514,-0.7544141411781311,0.1589999943971634,0.0625
TAP_P03802,-56.79496213916264,-7.030380963850305,vegetated,0.809495747089386,-0.7110719680786133,0.1469999998807907,0.064249999821186
TAP_P03804,-57.10817403809708,-5.462589016657796,vegetated,0.5501113533973694,-0.5663600564002991,0.2648999989032745,0.1409000009298324
TAP_P03805,-57.55242950246512,-6.80444592924196,vegetated,0.7856465578079224,-0.684482753276825,0.1374000012874603,0.0577000007033348
TAP_P03806,-56.77636499015919,-7.601877315520591,vegetated,0.7441400289535522,-0.6557843685150146,0.1575500071048736,0.0751999989151954
TAP_P03807,-56.86986821112375,-5.697861372161155,vegetated,0.8331202268600464,-0.7157135009765625,0.1507000029087066,0.0630000010132789
TAP_P03808,-57.342367380437686,-6.103643401672445,vegetated,0.8106630444526672,-0.6929759979248047,0.1950999945402145,0.0877500027418136
TAP_P03809,-56.99354573938638,-5.823058472503092,vegetated,0.8459416031837463,-0.7302844524383545,0.196150004863739,0.0872000008821487
TAP_P03811,-57.32973516025794,-7.105198510079303,vegetated,0.8601932525634766,-0.7694442272186279,0.1521500051021576,0.0627999976277351
TAP_P03812,-56.183031823596295,-6.718712585843524,vegetated,0.841030478477478,-0.7297565937042236,0.1459999978542328,0.0577000007033348
TAP_P03813,-56.87496359925446,-7.132157714865118,vegetated,0.7996031641960144,-0.7135720252990723,0.160300001502037,0.0666999965906143
TAP_P03814,-56.99960757822316,-5.806837906849854,vegetated,0.8116592168807983,-0.7209797501564026,0.1844000071287155,0.0763999968767166
TAP_P03815,-57.493705652172885,-5.161901207907348,vegetated,0.5976192355155945,-0.5329127907752991,0.2032999992370605,0.1026500016450882
TAP_P03816,-56.81149371293233,-7.069281145100673,vegetated,0.8227224946022034,-0.728274941444397,0.1415999978780746,0.0586000010371208
TAP_P03817,-56.17846536892768,-6.799520053584934,vegetated,0.7610377669334412,-0.6681028604507446,0.1745499968528747,0.0733499974012374
TAP_P03821,-56.33452771789151,-6.978100839512077,vegetated,0.7647258043289185,-0.670370876789093,0.1540499925613403,0.070200003683567
TAP_P03822,-55.485700124754,-5.48784962020112,vegetated,0.8385829925537109,-0.7361016273498535,0.1574199944734573,0.0653571411967277
TAP_P03823,-56.20588380358658,-6.727651971374715,vegetated,0.7905237078666687,-0.6896551847457886,0.1527999937534332,0.0675999969244003
TAP_P03824,-56.99829504509652,-5.753294270747822,vegetated,0.6199691891670227,-0.5890928506851196,0.2282000035047531,0.1224000006914138
TAP_P03825,-56.87648511290347,-5.701700124616923,vegetated,0.4688111543655395,-0.4411157369613647,0.1688999980688095,0.0791999995708465
TAP_P03826,-57.17116624471517,-5.187843793177394,vegetated,0.826756477355957,-0.7183777093887329,0.1433999985456466,0.0582000017166137
TAP_P03827,-56.36799759370319,-5.765927104191152,vegetated,0.7854671478271484,-0.692307710647583,0.1518000066280365,0.0666999965906143
TAP_P03828,-57.07029049279871,-5.572099692999645,vegetated,0.8566214442253113,-0.745765745639801,0.1521999984979629,0.0639500021934509
TAP_P03829,-57.03476605189259,-5.779331875770476,vegetated,0.8356524109840393,-0.7080917954444885,0.1367000043392181,0.0582000017166137
TAP_P03832,-57.18032325746769,-7.27588515294271,vegetated,0.8575353026390076,-0.7514522075653076,0.1617500036954879,0.0672999992966651
TAP_P03833,-56.6142305102766,-6.839682300924801,vegetated,0.755201518535614,-0.6658807396888733,0.168950006365776,0.0795499980449676
TAP_P03834,-56.61515935595287,-5.766247315360003,vegetated,0.8248137831687927,-0.7101588845252991,0.1728000044822693,0.0724000036716461
TAP_P03835,-56.65881126273748,-7.619105487592546,vegetated,0.8506417870521545,-0.7425632476806641,0.1305000036954879,0.0562999993562698
TAP_P03836,-56.70000864442896,-7.585822638431972,vegetated,0.4818348586559295,-0.498034805059433,0.2486000061035156,0.1297000050544738
TAP_P03837,-57.23012096618099,-5.785707287353803,vegetated,0.8264840245246887,-0.7140411138534546,0.1661999970674514,0.0685999989509582
TAP_P03839,-56.74386709123685,-6.57096351220146,vegetated,0.7416020631790161,-0.6452353596687317,0.1774999946355819,0.0930000022053718
TAP_P03843,-56.862145587049206,-5.559378593239708,vegetated,0.8236834406852722,-0.7070732712745667,0.1530999988317489,0.0627999976277351
TAP_P03844,-57.589854171130256,-5.533525221312705,vegetated,0.7658208012580872,-0.6400629878044128,0.1578000038862228,0.063799999654293
TAP_P03847,-56.93739733634583,-6.049433218315012,vegetated,0.8468062281608582,-0.7289959192276001,0.1468999981880188,0.0597999989986419
TAP_P03848,-57.03196390123852,-7.268000640385366,vegetated,0.8628448843955994,-0.757381796836853,0.1629499942064285,0.0687500014901161
TAP_P03850,-56.50362872488715,-6.602940285065217,vegetated,0.8006191849708557,-0.696121335029602,0.1536000072956085,0.0659999996423721
TAP_P03851,-57.02089721533604,-7.13683412647438,vegetated,0.8589913249015808,-0.7505422830581665,0.1439000070095062,0.0588999986648559
TAP_P03852,-57.5524359346618,-6.54843543276413,vegetated,0.7949778437614441,-0.6920776963233948,0.1733999997377395,0.0732999965548515
TAP_P03854,-57.56704173660614,-6.878685344775021,vegetated,0.4759186506271362,-0.5214059352874756,0.2208999991416931,0.1355500072240829
TAP_P03855,-56.55947406801161,-7.023705226348824,vegetated,0.7989318370819092,-0.7101054787635803,0.1711000055074691,0.0746999979019165
TAP_P03856,-56.68426016783565,-5.742265553024464,vegetated,0.8400818109512329,-0.724490225315094,0.1454499959945678,0.0627000033855438
TAP_P03857,-56.56118949738135,-7.2256457132860925,vegetated,0.8318626880645752,-0.7250117063522339,0.1365000009536743,0.0606999993324279
TAP_P03859,-56.970572346398185,-7.016496047446595,vegetated,0.858996570110321,-0.7555325031280518,0.1729888916015625,0.0729999989271164
TAP_P03860,-57.51993204209494,-4.909038294403697,vegetated,0.8232842087745667,-0.721406102180481,0.1788000017404556,0.0746000036597251
TAP_P03861,-56.90069369160558,-5.706067581386136,vegetated,0.7635309100151062,-0.662818968296051,0.1781000047922134,0.0850000008940696
TAP_P03862,-57.64928122929333,-5.1814862144971165,vegetated,0.8199801445007324,-0.7065917253494263,0.1596499979496002,0.0649000033736229
TAP_P03863,-57.11431167717411,-5.623589273929501,vegetated,0.813642144203186,-0.7137148380279541,0.1601999998092651,0.0663999989628791
TAP_P03864,-56.508580250815214,-6.131623245575048,vegetated,0.8322925567626953,-0.7406779527664185,0.1570000052452087,0.0663999989628791
TAP_P03865,-57.46389218660745,-6.515738222291185,bare — sandbar / spoil / tailings,0.0592620223760604,-0.0907997637987136,0.290800005197525,0.1907999962568283
TAP_P03866,-56.51793838822061,-7.009668403169886,vegetated,0.56216961145401,-0.5564418435096741,0.2388000041246414,0.1304499953985214
TAP_P03867,-56.71698284100125,-7.724683972681462,vegetated,0.8541147112846375,-0.752913773059845,0.1471000015735626,0.0608000010251998
TAP_P03868,-57.59297835396299,-6.869419994021276,vegetated,0.8234951496124268,-0.7107138633728027,0.1712500005960464,0.0706000030040741
TAP_P03871,-57.13633717053246,-7.263979382128345,vegetated,0.8450083136558533,-0.7350143790245056,0.1486500054597854,0.0644999966025352
TAP_P03872,-56.19887380976856,-6.803533477711593,vegetated,0.8124980330467224,-0.7259646654129028,0.1371999979019165,0.0562000013887882
TAP_P03873,-56.85804845090958,-5.678294551339365,vegetated,0.8406792283058167,-0.7309501767158508,0.1451999992132187,0.0599000006914138
TAP_P03875,-56.99803709356604,-7.032697013225824,vegetated,0.8575812578201294,-0.752301037311554,0.1608400046825409,0.0655666664242744
TAP_P03876,-56.32773045042813,-6.880366340252538,vegetated,0.803635835647583,-0.6939495801925659,0.1448500007390976,0.0641999989748001
TAP_P03877,-56.3745436108746,-6.846810870689977,vegetated,0.799374520778656,-0.6971877217292786,0.1562000066041946,0.0719999969005584
TAP_P03878,-56.764046281832016,-5.288824581805816,vegetated,0.8248671889305115,-0.7254297137260437,0.1459999978542328,0.0616500005125999
TAP_P03879,-57.03471729937429,-5.761590300539707,vegetated,0.8675748109817505,-0.7469539046287537,0.1780499964952469,0.0744500011205673
TAP_P03880,-57.40853292968956,-5.661511084441261,vegetated,0.7909823656082153,-0.6874797940254211,0.1606999933719635,0.068800002336502
TAP_P03881,-57.44756594244374,-6.280943667782201,bare — sandbar / spoil / tailings,-0.0002179786097258,-0.034980833530426,0.1587000042200088,0.090499997138977
TAP_P03882,-57.27906027421243,-6.094392210655784,vegetated,0.8153484463691711,-0.7014462947845459,0.1633999943733215,0.0680000036954879
TAP_P03883,-56.344267306141056,-7.398078650707211,vegetated,0.6733653545379639,-0.6486174464225769,0.1738000065088272,0.0828500017523765
TAP_P03884,-56.565672263956216,-7.224596986201511,vegetated,0.7042071223258972,-0.6299810409545898,0.262800008058548,0.1402000039815902
TAP_P03885,-56.88353399308103,-7.230364964577546,vegetated,0.8458836078643799,-0.7456943392753601,0.1518999934196472,0.0635500028729438
TAP_P03886,-57.36966531718611,-6.096630943737761,vegetated,0.8221917748451233,-0.712538480758667,0.1827999949455261,0.0775500014424324
TAP_P03887,-57.5690262499004,-5.144620057612025,vegetated,0.8156779408454895,-0.7020853757858276,0.1931000053882599,0.0873999968171119
TAP_P03888,-56.0138739598253,-6.207003854040804,vegetated,0.4699043929576874,-0.4932807087898254,0.2137500047683715,0.1282999962568283
TAP_P03891,-57.02255485341144,-6.874366585523752,vegetated,0.7100401520729065,-0.592831552028656,0.1283999979496002,0.0549000017344951
TAP_P03892,-57.153093482092366,-7.106853023877063,vegetated,0.8657521605491638,-0.7613742351531982,0.1454499959945678,0.0566999986767768
TAP_P03893,-56.87627648785602,-5.56827840789328,vegetated,0.7693651914596558,-0.6573619246482849,0.1537500023841858,0.0659499987959861
TAP_P03894,-57.05534369126836,-7.244559959269622,vegetated,0.710036039352417,-0.6437265872955322,0.191550001502037,0.0933500006794929
TAP_P03895,-57.190659757306,-7.389455358130094,vegetated,0.8717640042304993,-0.7584994435310364,0.1589999943971634,0.064300000667572
TAP_P03896,-57.53243486138618,-5.104256197224083,vegetated,0.7254163026809692,-0.6637382507324219,0.1758999973535537,0.0789000019431114
TAP_P03899,-57.02305065187944,-7.464617327378222,vegetated,0.7903773784637451,-0.691913902759552,0.1412499994039535,0.0613499991595745
TAP_P03900,-56.349524813800166,-6.521536076280209,vegetated,0.8357963562011719,-0.7292600870132446,0.1614000052213668,0.0701000019907951
TAP_P03901,-56.594601306348245,-7.696840591716426,vegetated,0.8412491679191589,-0.7306520342826843,0.1513999998569488,0.061999998986721
TAP_P03902,-57.034387400305626,-5.76931252811389,vegetated,0.5912145972251892,-0.5222799181938171,0.1679500043392181,0.0834000036120414
TAP_P03905,-57.31213352634873,-7.162956709114033,vegetated,0.8751772046089172,-0.7726146578788757,0.1514499932527542,0.0560499988496303
TAP_P03906,-56.64357697470763,-7.696383442475395,vegetated,0.8422145843505859,-0.7218093872070312,0.1431999951601028,0.061949998140335
TAP_P03908,-56.44540615157907,-6.161679405490819,vegetated,0.8189653158187866,-0.7157297134399414,0.1404999941587448,0.0566999986767768
TAP_P03909,-57.25529624218004,-5.911547248143825,vegetated,0.8440559506416321,-0.7313045263290405,0.1548999994993209,0.0627499967813491
TAP_P03910,-56.05627469419494,-5.507647539284949,vegetated,0.7536826729774475,-0.6689116954803467,0.1463499963283538,0.0693166702985763
TAP_P03912,-56.23633361800437,-6.706268937505558,vegetated,0.8381533622741699,-0.725450873374939,0.1659999936819076,0.0709000006318092
TAP_P03913,-56.521577566711336,-6.528127671533542,vegetated,0.7893418669700623,-0.7046257853507996,0.1853500008583068,0.0842999964952468
TAP_P03914,-56.31281129959142,-6.792001068241593,vegetated,0.8199946284294128,-0.7155064344406128,0.2098000049591064,0.1008000001311302
TAP_P03915,-56.37628894439915,-6.493110997740011,vegetated,0.8150439262390137,-0.7225088477134705,0.1710000038146972,0.0776999965310096
TAP_P03916,-56.2632541819165,-6.27170433855507,vegetated,0.7952902913093567,-0.6739130616188049,0.1905000060796737,0.0825000032782554
TAP_P03917,-57.393798638749736,-6.072506454649201,vegetated,0.8160866498947144,-0.7250229120254517,0.1824000030755996,0.0759999975562095
TAP_P03918,-57.02427952026813,-7.465208876475343,vegetated,0.3967078328132629,-0.4717647135257721,0.352649986743927,0.2648999989032745
TAP_P03919,-57.15965893878029,-7.090398261264543,vegetated,0.8566166162490845,-0.7528684735298157,0.1409000009298324,0.0551000013947486
TAP_P03920,-56.62817126980053,-6.991310409822182,vegetated,0.7734329104423523,-0.6764954328536987,0.1767999976873397,0.0819500014185905
TAP_P03921,-57.044857135229705,-6.946640313171879,vegetated,0.8448829650878906,-0.7339529395103455,0.1440999954938888,0.062399998307228
TAP_P03922,-57.34926892158754,-5.790663735742714,vegetated,0.8402676582336426,-0.7269855737686157,0.1747999936342239,0.0741500034928321
TAP_P03923,-56.3622477447057,-5.766519772914178,vegetated,0.8210822939872742,-0.7195042371749878,0.1571999937295913,0.067500002682209
TAP_P03924,-56.10470389353616,-5.491123970891512,vegetated,0.831705629825592,-0.7300441265106201,0.1347499936819076,0.0549499988555908
TAP_P03925,-56.42440873084684,-6.893540653404709,vegetated,0.8546663522720337,-0.7370871305465698,0.1648000031709671,0.0687000006437301
TAP_P03926,-56.73080196986838,-7.106804747552423,vegetated,0.7931826710700989,-0.7089715600013733,0.1534000039100647,0.0653999969363212
TAP_P03927,-56.51067387506273,-6.80685343205721,vegetated,0.816830575466156,-0.7102740406990051,0.1691000014543533,0.0687500014901161
TAP_P03928,-56.92393501397777,-4.999364052935463,vegetated,0.7997802495956421,-0.6889373064041138,0.1510500013828277,0.0617499984800815
TAP_P03929,-56.61497544622847,-5.237753328383877,vegetated,0.7508910894393921,-0.6365834474563599,0.1724999994039535,0.0794000029563903
TAP_P03930,-56.88517179396325,-6.708076721965265,water / turbid pond,-0.2585667669773102,0.1597950458526611,0.026300000026822,0.0176500007510185
TAP_P03931,-56.73797101827754,-7.650638814561328,bare — sandbar / spoil / tailings,0.2163096219301223,-0.2976888418197632,0.2644999921321869,0.218199998140335
TAP_P03932,-57.3056873255314,-5.8798551682456495,vegetated,0.7007067799568176,-0.5973497629165649,0.1474500000476837,0.0652500018477439
TAP_P03933,-56.29316881125761,-6.566518429818038,vegetated,0.8113255500793457,-0.7154869437217712,0.1458500027656555,0.0603500008583068
TAP_P03934,-57.062344824066045,-7.250828791695566,vegetated,0.8529126048088074,-0.755926251411438,0.1512999981641769,0.0619000010192394
TAP_P03935,-56.42974540167386,-6.53154389295287,vegetated,0.7946870923042297,-0.6857786774635315,0.1374000012874603,0.0584499984979629
TAP_P03936,-57.4541507340303,-6.275096515156146,bare — sandbar / spoil / tailings,0.1759306639432907,-0.1878831684589386,0.2685999870300293,0.1924999952316284
TAP_P03937,-56.19459444817112,-6.880523187806305,vegetated,0.8256537914276123,-0.7102092504501343,0.1691000014543533,0.0724000036716461
TAP_P03938,-56.99319390924081,-5.550227996152542,vegetated,0.8262916803359985,-0.7124525308609009,0.1502500027418136,0.0623000003397464
TAP_P03939,-56.51673050532448,-6.801406443942472,vegetated,0.8064860701560974,-0.6980913281440735,0.1660999953746795,0.0719500035047531
TAP_P03940,-56.624215952789,-6.88659527840725,vegetated,0.8438313603401184,-0.739297091960907,0.1943999975919723,0.0829000025987625
TAP_P03941,-57.11782080293595,-5.615972177540863,vegetated,0.8319713473320007,-0.729253888130188,0.1724500060081482,0.0749500021338462
TAP_P03942,-56.60043794825724,-6.799733236712093,vegetated,0.5308187007904053,-0.483401745557785,0.3093500137329101,0.1712000072002411
TAP_P03948,-56.66031611118117,-5.7058385476076285,vegetated,0.780065655708313,-0.6842781901359558,0.1490000039339065,0.0615999996662139
TAP_P03949,-56.4345747374829,-6.229053102181976,vegetated,0.8178879618644714,-0.7073947787284851,0.1501500010490417,0.064300000667572
TAP_P03950,-57.057973560194114,-5.671764528083536,vegetated,0.8322482705116272,-0.7220762372016907,0.1615500003099441,0.0663499981164932
TAP_P03951,-56.68337431549806,-7.644583529615303,vegetated,0.8435986042022705,-0.7420141696929932,0.1670999974012375,0.0705000013113021
TAP_P03953,-57.34470846046712,-7.152852624885867,vegetated,0.8570324778556824,-0.7491593956947327,0.1597000062465667,0.0678000003099441
TAP_P03954,-57.3890795038019,-6.135767455796299,vegetated,0.8008298873901367,-0.6751457452774048,0.2008000016212463,0.0848999992012977
TAP_P03956,-57.00091366481226,-6.892164994630146,vegetated,0.8164517879486084,-0.7207835912704468,0.1685999929904937,0.0723000019788742
TAP_P03957,-56.312390671114464,-6.525926858408493,vegetated,0.7912837266921997,-0.7125850319862366,0.1708000004291534,0.0759000033140182
TAP_P03958,-56.78051531574567,-7.6184486965375875,vegetated,0.8173236846923828,-0.7073439955711365,0.1720000058412552,0.0737999975681305
TAP_P03959,-57.47265718886642,-5.003294564923442,water / turbid pond,-0.3243041634559631,0.2608705461025238,0.0592000000178813,0.032150000333786
TAP_P03960,-56.34191727349709,-7.269942769628741,vegetated,0.8422362804412842,-0.7321192622184753,0.1300857216119766,0.0562499985098838
TAP_P03961,-56.32585558391702,-7.005502439471631,vegetated,0.7728515267372131,-0.67463618516922,0.1379999965429306,0.0640999972820282
TAP_P03963,-55.95647603495329,-5.433296154964088,vegetated,0.7023178339004517,-0.6043813228607178,0.1634999960660934,0.0827500000596046
TAP_P03966,-56.96970641012988,-7.353605371919521,vegetated,0.8480199575424194,-0.738926351070404,0.1396999955177307,0.0590000003576278
TAP_P03967,-55.48279977827895,-5.427602159199031,vegetated,0.8248607516288757,-0.7255997657775879,0.1669428497552871,0.0708555579185485
TAP_P03968,-56.16846623120186,-6.813976388685001,vegetated,0.676300585269928,-0.5836734771728516,0.1086999997496604,0.0483999997377395
TAP_P03969,-56.651829138311314,-7.54527397690365,vegetated,0.8420920372009277,-0.7245762348175049,0.1312000006437301,0.0540000014007091
TAP_P03970,-57.59545259522222,-5.220697963457698,vegetated,0.8106303811073303,-0.7025583386421204,0.1713999956846237,0.0732999965548515
TAP_P03971,-57.119218298388965,-7.448347732973908,vegetated,0.8384518027305603,-0.7236384749412537,0.1393000036478042,0.0566999986767768
TAP_P03973,-56.680185026046665,-5.763160036937708,vegetated,0.7875769138336182,-0.6750926375389099,0.1447499990463256,0.0636000037193298
TAP_P03974,-56.68247373119672,-4.869384886997258,vegetated,0.8415554165840149,-0.7089889049530029,0.1541000008583068,0.0637499988079071
TAP_P03976,-56.88053237004655,-7.1329716108869095,vegetated,0.8026674389839172,-0.6948036551475525,0.1449999958276748,0.061999998986721
TAP_P03977,-57.44206672465228,-6.157221060254069,vegetated,0.8178386092185974,-0.702731192111969,0.1756999939680099,0.0788000002503395
TAP_P03978,-56.61515335998773,-5.5125674584699045,vegetated,0.7907556891441345,-0.6653090715408325,0.1430000066757202,0.0623500011861324
TAP_P03980,-56.647480608491314,-7.234955993911443,vegetated,0.8503825664520264,-0.7480035424232483,0.1254999935626983,0.0531000010669231
TAP_P03981,-56.96298363735849,-7.145794681002702,vegetated,0.8418487906455994,-0.7370767593383789,0.1632000058889389,0.0676999986171722
TAP_P03982,-56.919301017851744,-6.052006492593969,vegetated,0.8342465758323669,-0.7341869473457336,0.1413999944925308,0.0590999983251094
TAP_P03983,-57.154863719797525,-7.255788110496527,vegetated,0.8251162767410278,-0.7419354915618896,0.1890999972820282,0.0834000036120414
TAP_P03984,-56.76344617249433,-7.489943852918951,water / turbid pond,-0.0180836841464042,0.0024047484621405,0.1539999991655349,0.099150002002716
TAP_P03985,-57.52928083631319,-6.539747946062279,vegetated,0.8299921751022339,-0.724341094493866,0.1623000055551529,0.0676499977707862
TAP_P03986,-57.14714074696053,-5.529876363821065,vegetated,0.8551520109176636,-0.7547433376312256,0.1800000071525573,0.0728000029921531
TAP_P03988,-56.99950751998798,-6.90460283074004,vegetated,0.8027942776679993,-0.6943749189376831,0.1419499963521957,0.065200001001358
TAP_P03989,-56.707943264439024,-7.557214506551015,vegetated,0.840054988861084,-0.712635338306427,0.1367499977350235,0.0584499984979629
TAP_P03990,-56.18063759440927,-6.70792665009607,vegetated,0.8234294056892395,-0.7080672979354858,0.1441500037908554,0.0644500032067298
TAP_P03991,-56.3046933728571,-6.791803270010439,vegetated,0.8576846122741699,-0.7487403154373169,0.1459500044584274,0.0632999986410141
TAP_P03992,-56.850926649085885,-5.69101674784304,vegetated,0.8460898399353027,-0.7415981888771057,0.1535000056028366,0.062899999320507
TAP_P03993,-56.99609918499527,-5.824118253758992,vegetated,0.8247338533401489,-0.7204693555831909,0.1665000021457672,0.0753000006079673
TAP_P03994,-57.11840818279861,-5.613171452592976,vegetated,0.845632791519165,-0.7217169404029846,0.1838999986648559,0.0743499994277954
TAP_P03995,-57.31294145784003,-7.134093277991033,vegetated,0.8202938437461853,-0.7037594318389893,0.1412000060081482,0.0612999983131885
TAP_P03996,-57.61340465405802,-6.857903131539622,vegetated,0.7856525182723999,-0.6899310350418091,0.1737000048160553,0.0778999999165535
TAP_P03997,-56.70708402078972,-7.780487804747619,vegetated,0.8341802954673767,-0.7286432385444641,0.1436000019311905,0.0595999993383884
TAP_P03998,-57.17108406460998,-7.034662600205479,vegetated,0.8265802264213562,-0.7309417128562927,0.1435000002384185,0.0603000000119209
TAP_P03999,-57.419831862456725,-5.233978102090874,vegetated,0.8126480579376221,-0.6992389559745789,0.186049997806549,0.0838999971747398
